{"v":"5.9.6","fr":30,"ip":0,"op":150,"w":3840,"h":2160,"nm":"Client Approval","ddd":0,"assets":[],"layers":[{"ddd":0,"ind":1,"ty":3,"nm":"Null 20","sr":1,"ks":{"o":{"a":0,"k":0,"ix":11},"r":{"a":0,"k":0,"ix":10},"p":{"a":0,"k":[1931.995,1172.249,0],"ix":2,"l":2},"a":{"a":0,"k":[50,50,0],"ix":1,"l":2},"s":{"a":0,"k":[100,100,100],"ix":6,"l":2}},"ao":0,"ip":0,"op":150,"st":0,"bm":0},{"ddd":0,"ind":2,"ty":3,"nm":"Null 8","parent":1,"sr":1,"ks":{"o":{"a":0,"k":0,"ix":11},"r":{"a":0,"k":0,"ix":10},"p":{"a":0,"k":[50,50,0],"ix":2,"l":2},"a":{"a":0,"k":[50,50,0],"ix":1,"l":2},"s":{"a":0,"k":[430,430,100],"ix":6,"l":2}},"ao":0,"ip":0,"op":150,"st":0,"bm":0},{"ddd":0,"ind":4,"ty":4,"nm":"Layer 33 Outlines - Group 7 :M","parent":19,"sr":1,"ks":{"o":{"a":0,"k":100,"ix":11},"r":{"a":0,"k":0,"ix":10},"p":{"a":0,"k":[130.75,253.129,0],"ix":2,"l":2},"a":{"a":0,"k":[130.75,253.129,0],"ix":1,"l":2},"s":{"a":0,"k":[100,100,100],"ix":6,"l":2}},"ao":0,"shapes":[{"ty":"gr","it":[{"ty":"gr","it":[{"ind":0,"ty":"sh","ix":1,"ks":{"a":0,"k":{"i":[[0,0.415],[-0.414,0],[0,-0.414],[0.414,0]],"o":[[0,-0.414],[0.414,0],[0,0.415],[-0.414,0]],"v":[[-0.75,0],[0,-0.75],[0.75,0],[0,0.75]],"c":true},"ix":2},"nm":"Path 1","mn":"ADBE Vector Shape - Group","hd":false},{"ty":"fl","c":{"a":0,"k":[0.128999993205,0.211999997497,0.372999995947,1],"ix":4,"x":"var $bm_rt;\ntry {\n    $bm_rt = thisComp.layer('Controller').effect('Color')('ADBE Color Control-0001');\n} catch (e) {\n    $bm_rt = value;\n}"},"o":{"a":0,"k":100,"ix":5},"r":1,"bm":0,"nm":"Fill 1","mn":"ADBE Vector Graphic - Fill","hd":false},{"ty":"tr","p":{"a":0,"k":[12.25,45.448],"ix":2},"a":{"a":0,"k":[0,0],"ix":1},"s":{"a":0,"k":[100,100],"ix":3},"r":{"a":0,"k":0,"ix":6},"o":{"a":0,"k":100,"ix":7},"sk":{"a":0,"k":0,"ix":4},"sa":{"a":0,"k":0,"ix":5},"nm":"Transform"}],"nm":"Group 7","np":2,"cix":2,"bm":0,"ix":1,"mn":"ADBE Vector Group","hd":false},{"ty":"tr","p":{"a":0,"k":[130.75,282.381],"ix":2},"a":{"a":0,"k":[12.25,45.448],"ix":1},"s":{"a":1,"k":[{"i":{"x":[0.64,0.64],"y":[1,1]},"o":{"x":[0.36,0.36],"y":[0,0]},"t":58,"s":[0,0]},{"i":{"x":[0.64,0.64],"y":[1,1]},"o":{"x":[0.36,0.36],"y":[0,0]},"t":68,"s":[450,450]},{"i":{"x":[0.64,0.64],"y":[1,1]},"o":{"x":[0.36,0.36],"y":[0,0]},"t":78,"s":[0,0]},{"i":{"x":[0.64,0.64],"y":[1,1]},"o":{"x":[0.36,0.36],"y":[0,0]},"t":130,"s":[0,0]},{"i":{"x":[0.64,0.64],"y":[1,1]},"o":{"x":[0.36,0.36],"y":[0,0]},"t":140,"s":[450,450]},{"t":150,"s":[0,0]}],"ix":3},"r":{"a":0,"k":0,"ix":6},"o":{"a":0,"k":100,"ix":7},"sk":{"a":0,"k":0,"ix":4},"sa":{"a":0,"k":0,"ix":5},"nm":"Transform"}],"nm":"Layer 33 Outlines - Group 7","np":1,"cix":2,"bm":0,"ix":1,"mn":"ADBE Vector Group","hd":false},{"ty":"gr","it":[{"ty":"gr","it":[{"ind":0,"ty":"sh","ix":1,"ks":{"a":0,"k":{"i":[[0,0.414],[-0.414,0],[0,-0.414],[0.414,0]],"o":[[0,-0.414],[0.414,0],[0,0.414],[-0.414,0]],"v":[[-0.75,0],[0,-0.75],[0.75,0],[0,0.75]],"c":true},"ix":2},"nm":"Path 1","mn":"ADBE Vector Shape - Group","hd":false},{"ty":"fl","c":{"a":0,"k":[0.128999993205,0.211999997497,0.372999995947,1],"ix":4,"x":"var $bm_rt;\ntry {\n    $bm_rt = thisComp.layer('Controller')('Effects')('Color')('ADBE Color Control-0001');\n} catch (e) {\n    $bm_rt = value;\n}"},"o":{"a":0,"k":100,"ix":5},"r":1,"bm":0,"nm":"Fill 1","mn":"ADBE Vector Graphic - Fill","hd":false},{"ty":"tr","p":{"a":0,"k":[12.25,39.448],"ix":2},"a":{"a":0,"k":[0,0],"ix":1},"s":{"a":0,"k":[100,100],"ix":3},"r":{"a":0,"k":0,"ix":6},"o":{"a":0,"k":100,"ix":7},"sk":{"a":0,"k":0,"ix":4},"sa":{"a":0,"k":0,"ix":5},"nm":"Transform"}],"nm":"Group 8","np":2,"cix":2,"bm":0,"ix":1,"mn":"ADBE Vector Group","hd":false},{"ty":"tr","p":{"a":0,"k":[130.75,255.381],"ix":2},"a":{"a":0,"k":[12.25,39.448],"ix":1},"s":{"a":1,"k":[{"i":{"x":[0.64,0.64],"y":[1,1]},"o":{"x":[0.36,0.36],"y":[0,0]},"t":56,"s":[0,0]},{"i":{"x":[0.64,0.64],"y":[1,1]},"o":{"x":[0.36,0.36],"y":[0,0]},"t":66,"s":[450,450]},{"i":{"x":[0.64,0.64],"y":[1,1]},"o":{"x":[0.36,0.36],"y":[0,0]},"t":76,"s":[0,0]},{"i":{"x":[0.64,0.64],"y":[1,1]},"o":{"x":[0.36,0.36],"y":[0,0]},"t":128,"s":[0,0]},{"i":{"x":[0.64,0.64],"y":[1,1]},"o":{"x":[0.36,0.36],"y":[0,0]},"t":138,"s":[450,450]},{"t":148,"s":[0,0]}],"ix":3},"r":{"a":0,"k":0,"ix":6},"o":{"a":0,"k":100,"ix":7},"sk":{"a":0,"k":0,"ix":4},"sa":{"a":0,"k":0,"ix":5},"nm":"Transform"}],"nm":"Layer 33 Outlines - Group 8","np":1,"cix":2,"bm":0,"ix":2,"mn":"ADBE Vector Group","hd":false},{"ty":"gr","it":[{"ty":"gr","it":[{"ind":0,"ty":"sh","ix":1,"ks":{"a":0,"k":{"i":[[0,0.415],[-0.414,0],[0,-0.414],[0.414,0]],"o":[[0,-0.414],[0.414,0],[0,0.415],[-0.414,0]],"v":[[-0.75,0],[0,-0.75],[0.75,0],[0,0.75]],"c":true},"ix":2},"nm":"Path 1","mn":"ADBE Vector Shape - Group","hd":false},{"ty":"fl","c":{"a":0,"k":[0.128999993205,0.211999997497,0.372999995947,1],"ix":4,"x":"var $bm_rt;\ntry {\n    $bm_rt = thisComp.layer('Controller')('Effects')('Color')('ADBE Color Control-0001');\n} catch (e) {\n    $bm_rt = value;\n}"},"o":{"a":0,"k":100,"ix":5},"r":1,"bm":0,"nm":"Fill 1","mn":"ADBE Vector Graphic - Fill","hd":false},{"ty":"tr","p":{"a":0,"k":[12.25,35.447],"ix":2},"a":{"a":0,"k":[0,0],"ix":1},"s":{"a":0,"k":[100,100],"ix":3},"r":{"a":0,"k":0,"ix":6},"o":{"a":0,"k":100,"ix":7},"sk":{"a":0,"k":0,"ix":4},"sa":{"a":0,"k":0,"ix":5},"nm":"Transform"}],"nm":"Group 9","np":2,"cix":2,"bm":0,"ix":1,"mn":"ADBE Vector Group","hd":false},{"ty":"tr","p":{"a":0,"k":[130.75,237.376],"ix":2},"a":{"a":0,"k":[12.25,35.447],"ix":1},"s":{"a":1,"k":[{"i":{"x":[0.64,0.64],"y":[1,1]},"o":{"x":[0.36,0.36],"y":[0,0]},"t":54,"s":[0,0]},{"i":{"x":[0.64,0.64],"y":[1,1]},"o":{"x":[0.36,0.36],"y":[0,0]},"t":64,"s":[450,450]},{"i":{"x":[0.64,0.64],"y":[1,1]},"o":{"x":[0.36,0.36],"y":[0,0]},"t":74,"s":[0,0]},{"i":{"x":[0.64,0.64],"y":[1,1]},"o":{"x":[0.36,0.36],"y":[0,0]},"t":127,"s":[0,0]},{"i":{"x":[0.64,0.64],"y":[1,1]},"o":{"x":[0.36,0.36],"y":[0,0]},"t":137,"s":[450,450]},{"t":147,"s":[0,0]}],"ix":3},"r":{"a":0,"k":0,"ix":6},"o":{"a":0,"k":100,"ix":7},"sk":{"a":0,"k":0,"ix":4},"sa":{"a":0,"k":0,"ix":5},"nm":"Transform"}],"nm":"Layer 33 Outlines - Group 9","np":1,"cix":2,"bm":0,"ix":3,"mn":"ADBE Vector Group","hd":false},{"ty":"gr","it":[{"ty":"gr","it":[{"ind":0,"ty":"sh","ix":1,"ks":{"a":0,"k":{"i":[[0,0.414],[-0.414,0],[0,-0.414],[0.414,0]],"o":[[0,-0.414],[0.414,0],[0,0.414],[-0.414,0]],"v":[[-0.75,0],[0,-0.75],[0.75,0],[0,0.75]],"c":true},"ix":2},"nm":"Path 1","mn":"ADBE Vector Shape - Group","hd":false},{"ty":"fl","c":{"a":0,"k":[0.128999993205,0.211999997497,0.372999995947,1],"ix":4,"x":"var $bm_rt;\ntry {\n    $bm_rt = thisComp.layer('Controller')('Effects')('Color')('ADBE Color Control-0001');\n} catch (e) {\n    $bm_rt = value;\n}"},"o":{"a":0,"k":100,"ix":5},"r":1,"bm":0,"nm":"Fill 1","mn":"ADBE Vector Graphic - Fill","hd":false},{"ty":"tr","p":{"a":0,"k":[12.25,32.447],"ix":2},"a":{"a":0,"k":[0,0],"ix":1},"s":{"a":0,"k":[100,100],"ix":3},"r":{"a":0,"k":0,"ix":6},"o":{"a":0,"k":100,"ix":7},"sk":{"a":0,"k":0,"ix":4},"sa":{"a":0,"k":0,"ix":5},"nm":"Transform"}],"nm":"Group 10","np":2,"cix":2,"bm":0,"ix":1,"mn":"ADBE Vector Group","hd":false},{"ty":"tr","p":{"a":0,"k":[130.75,223.876],"ix":2},"a":{"a":0,"k":[12.25,32.447],"ix":1},"s":{"a":1,"k":[{"i":{"x":[0.64,0.64],"y":[1,1]},"o":{"x":[0.36,0.36],"y":[0,0]},"t":52,"s":[0,0]},{"i":{"x":[0.64,0.64],"y":[1,1]},"o":{"x":[0.36,0.36],"y":[0,0]},"t":62,"s":[450,450]},{"i":{"x":[0.64,0.64],"y":[1,1]},"o":{"x":[0.36,0.36],"y":[0,0]},"t":72,"s":[0,0]},{"i":{"x":[0.64,0.64],"y":[1,1]},"o":{"x":[0.36,0.36],"y":[0,0]},"t":126,"s":[0,0]},{"i":{"x":[0.64,0.64],"y":[1,1]},"o":{"x":[0.36,0.36],"y":[0,0]},"t":136,"s":[450,450]},{"t":146,"s":[0,0]}],"ix":3},"r":{"a":0,"k":0,"ix":6},"o":{"a":0,"k":100,"ix":7},"sk":{"a":0,"k":0,"ix":4},"sa":{"a":0,"k":0,"ix":5},"nm":"Transform"}],"nm":"Layer 33 Outlines - Group 110","np":1,"cix":2,"bm":0,"ix":4,"mn":"ADBE Vector Group","hd":false}],"ip":0,"op":150,"st":0,"ct":1,"bm":0},{"ddd":0,"ind":5,"ty":4,"nm":"Layer 33 Outlines - Group 11 :M","parent":19,"sr":1,"ks":{"o":{"a":0,"k":100,"ix":11},"r":{"a":0,"k":0,"ix":10},"p":{"a":0,"k":[130.75,196.876,0],"ix":2,"l":2},"a":{"a":0,"k":[130.75,196.876,0],"ix":1,"l":2},"s":{"a":1,"k":[{"i":{"x":[0.64,0.64,0.64],"y":[1,1,1]},"o":{"x":[0.36,0.36,0.36],"y":[0,0,0]},"t":50,"s":[0,0,100]},{"i":{"x":[0.64,0.64,0.64],"y":[1,1,1]},"o":{"x":[0.36,0.36,0.36],"y":[0,0,0]},"t":60,"s":[100,100,100]},{"i":{"x":[0.64,0.64,0.64],"y":[1,1,1]},"o":{"x":[0.36,0.36,0.36],"y":[0,0,0]},"t":70,"s":[0,0,100]},{"i":{"x":[0.64,0.64,0.64],"y":[1,1,1]},"o":{"x":[0.36,0.36,0.36],"y":[0,0,0]},"t":125,"s":[0,0,100]},{"i":{"x":[0.64,0.64,0.64],"y":[1,1,1]},"o":{"x":[0.36,0.36,0.36],"y":[0,0,0]},"t":135,"s":[100,100,100]},{"t":145,"s":[0,0,100]}],"ix":6,"l":2}},"ao":0,"shapes":[{"ty":"gr","it":[{"ty":"gr","it":[{"ind":0,"ty":"sh","ix":1,"ks":{"a":0,"k":{"i":[[0.414,0],[0,0.414],[0,0],[-0.414,0],[0,-0.414],[0,0]],"o":[[-0.414,0],[0,0],[0,-0.414],[0.414,0],[0,0],[0,0.414]],"v":[[0,2.75],[-0.75,2],[-0.75,-2],[0,-2.75],[0.75,-2],[0.75,2]],"c":true},"ix":2},"nm":"Path 1","mn":"ADBE Vector Shape - Group","hd":false},{"ty":"fl","c":{"a":0,"k":[0.128999993205,0.211999997497,0.372999995947,1],"ix":4,"x":"var $bm_rt;\ntry {\n    $bm_rt = thisComp.layer('Controller')('Effects')('Color')('ADBE Color Control-0001');\n} catch (e) {\n    $bm_rt = value;\n}"},"o":{"a":0,"k":100,"ix":5},"r":1,"bm":0,"nm":"Fill 1","mn":"ADBE Vector Graphic - Fill","hd":false},{"ty":"tr","p":{"a":0,"k":[12.25,26.447],"ix":2},"a":{"a":0,"k":[0,0],"ix":1},"s":{"a":0,"k":[100,100],"ix":3},"r":{"a":0,"k":0,"ix":6},"o":{"a":0,"k":100,"ix":7},"sk":{"a":0,"k":0,"ix":4},"sa":{"a":0,"k":0,"ix":5},"nm":"Transform"}],"nm":"Group 11","np":2,"cix":2,"bm":0,"ix":1,"mn":"ADBE Vector Group","hd":false},{"ty":"tr","p":{"a":0,"k":[130.75,196.876],"ix":2},"a":{"a":0,"k":[12.25,26.447],"ix":1},"s":{"a":0,"k":[450,450],"ix":3},"r":{"a":0,"k":0,"ix":6},"o":{"a":0,"k":100,"ix":7},"sk":{"a":0,"k":0,"ix":4},"sa":{"a":0,"k":0,"ix":5},"nm":"Transform"}],"nm":"Layer 33 Outlines - Group 111","np":1,"cix":2,"bm":0,"ix":1,"mn":"ADBE Vector Group","hd":false},{"ty":"gr","it":[{"ty":"gr","it":[{"ind":0,"ty":"sh","ix":1,"ks":{"a":0,"k":{"i":[[0.414,0],[0,0],[0,0.414],[-0.414,0],[0,0],[0,-0.414]],"o":[[0,0],[-0.414,0],[0,-0.414],[0,0],[0.414,0],[0,0.414]],"v":[[2,0.75],[-2,0.75],[-2.75,0],[-2,-0.75],[2,-0.75],[2.75,0]],"c":true},"ix":2},"nm":"Path 1","mn":"ADBE Vector Shape - Group","hd":false},{"ty":"fl","c":{"a":0,"k":[0.128999993205,0.211999997497,0.372999995947,1],"ix":4,"x":"var $bm_rt;\ntry {\n    $bm_rt = thisComp.layer('Controller')('Effects')('Color')('ADBE Color Control-0001');\n} catch (e) {\n    $bm_rt = value;\n}"},"o":{"a":0,"k":100,"ix":5},"r":1,"bm":0,"nm":"Fill 1","mn":"ADBE Vector Graphic - Fill","hd":false},{"ty":"tr","p":{"a":0,"k":[12.25,26.447],"ix":2},"a":{"a":0,"k":[0,0],"ix":1},"s":{"a":0,"k":[100,100],"ix":3},"r":{"a":0,"k":0,"ix":6},"o":{"a":0,"k":100,"ix":7},"sk":{"a":0,"k":0,"ix":4},"sa":{"a":0,"k":0,"ix":5},"nm":"Transform"}],"nm":"Group 12","np":2,"cix":2,"bm":0,"ix":1,"mn":"ADBE Vector Group","hd":false},{"ty":"tr","p":{"a":0,"k":[130.75,196.876],"ix":2},"a":{"a":0,"k":[12.25,26.447],"ix":1},"s":{"a":0,"k":[450,450],"ix":3},"r":{"a":0,"k":0,"ix":6},"o":{"a":0,"k":100,"ix":7},"sk":{"a":0,"k":0,"ix":4},"sa":{"a":0,"k":0,"ix":5},"nm":"Transform"}],"nm":"Layer 33 Outlines - Group 112","np":1,"cix":2,"bm":0,"ix":2,"mn":"ADBE Vector Group","hd":false}],"ip":0,"op":150,"st":0,"ct":1,"bm":0},{"ddd":0,"ind":6,"ty":4,"nm":"Layer 33 Outlines - Group 13 :M","parent":19,"sr":1,"ks":{"o":{"a":0,"k":100,"ix":11},"r":{"a":0,"k":0,"ix":10},"p":{"a":1,"k":[{"i":{"x":0.64,"y":1},"o":{"x":0.36,"y":0},"t":5,"s":[378.246,250.008,0],"to":[0,-1.829,0],"ti":[0,0,0]},{"i":{"x":0.64,"y":1},"o":{"x":0.36,"y":0},"t":20,"s":[378.246,239.033,0],"to":[0,0,0],"ti":[0,-1.829,0]},{"i":{"x":0.833,"y":0.833},"o":{"x":0.167,"y":0.167},"t":30,"s":[378.246,250.008,0],"to":[0,0,0],"ti":[0,0,0]},{"i":{"x":0.64,"y":1},"o":{"x":0.36,"y":0},"t":80,"s":[378.246,250.008,0],"to":[0,-1.829,0],"ti":[0,0,0]},{"i":{"x":0.64,"y":1},"o":{"x":0.36,"y":0},"t":95,"s":[378.246,239.033,0],"to":[0,0,0],"ti":[0,-1.829,0]},{"t":105,"s":[378.246,250.008,0]}],"ix":2,"l":2},"a":{"a":0,"k":[378.246,250.008,0],"ix":1,"l":2},"s":{"a":0,"k":[100,100,100],"ix":6,"l":2}},"ao":0,"shapes":[{"ty":"gr","it":[{"ty":"gr","it":[{"ind":0,"ty":"sh","ix":1,"ks":{"a":0,"k":{"i":[[0.414,0],[0,0.414],[0,0],[-0.414,0],[0,-0.414],[0,0]],"o":[[-0.414,0],[0,0],[0,-0.414],[0.414,0],[0,0],[0,0.414]],"v":[[0,1.857],[-0.75,1.107],[-0.75,-1.107],[0,-1.857],[0.75,-1.107],[0.75,1.107]],"c":true},"ix":2},"nm":"Path 1","mn":"ADBE Vector Shape - Group","hd":false},{"ty":"fl","c":{"a":0,"k":[0.128999993205,0.211999997497,0.372999995947,1],"ix":4,"x":"var $bm_rt;\ntry {\n    $bm_rt = thisComp.layer('Controller')('Effects')('Color')('ADBE Color Control-0001');\n} catch (e) {\n    $bm_rt = value;\n}"},"o":{"a":0,"k":100,"ix":5},"r":1,"bm":0,"nm":"Fill 1","mn":"ADBE Vector Graphic - Fill","hd":false},{"ty":"tr","p":{"a":0,"k":[67.249,31.362],"ix":2},"a":{"a":0,"k":[0,0],"ix":1},"s":{"a":0,"k":[100,100],"ix":3},"r":{"a":0,"k":0,"ix":6},"o":{"a":0,"k":100,"ix":7},"sk":{"a":0,"k":0,"ix":4},"sa":{"a":0,"k":0,"ix":5},"nm":"Transform"}],"nm":"Group 13","np":2,"cix":2,"bm":0,"ix":1,"mn":"ADBE Vector Group","hd":false},{"ty":"tr","p":{"a":0,"k":[378.246,218.992],"ix":2},"a":{"a":0,"k":[67.249,31.362],"ix":1},"s":{"a":0,"k":[450,450],"ix":3},"r":{"a":0,"k":0,"ix":6},"o":{"a":0,"k":100,"ix":7},"sk":{"a":0,"k":0,"ix":4},"sa":{"a":0,"k":0,"ix":5},"nm":"Transform"}],"nm":"Layer 33 Outlines - Group 113","np":1,"cix":2,"bm":0,"ix":1,"mn":"ADBE Vector Group","hd":false},{"ty":"gr","it":[{"ty":"gr","it":[{"ind":0,"ty":"sh","ix":1,"ks":{"a":0,"k":{"i":[[0.414,0],[0,0.414],[0,0],[-0.414,0],[0,-0.414],[0,0]],"o":[[-0.414,0],[0,0],[0,-0.414],[0.414,0],[0,0],[0,0.414]],"v":[[0,5.642],[-0.75,4.892],[-0.75,-4.892],[0,-5.642],[0.75,-4.892],[0.75,4.892]],"c":true},"ix":2},"nm":"Path 1","mn":"ADBE Vector Shape - Group","hd":false},{"ty":"fl","c":{"a":0,"k":[0.128999993205,0.211999997497,0.372999995947,1],"ix":4,"x":"var $bm_rt;\ntry {\n    $bm_rt = thisComp.layer('Controller')('Effects')('Color')('ADBE Color Control-0001');\n} catch (e) {\n    $bm_rt = value;\n}"},"o":{"a":0,"k":100,"ix":5},"r":1,"bm":0,"nm":"Fill 1","mn":"ADBE Vector Graphic - Fill","hd":false},{"ty":"tr","p":{"a":0,"k":[67.249,41.362],"ix":2},"a":{"a":0,"k":[0,0],"ix":1},"s":{"a":0,"k":[100,100],"ix":3},"r":{"a":0,"k":0,"ix":6},"o":{"a":0,"k":100,"ix":7},"sk":{"a":0,"k":0,"ix":4},"sa":{"a":0,"k":0,"ix":5},"nm":"Transform"}],"nm":"Group 14","np":2,"cix":2,"bm":0,"ix":1,"mn":"ADBE Vector Group","hd":false},{"ty":"tr","p":{"a":0,"k":[378.246,263.993],"ix":2},"a":{"a":0,"k":[67.249,41.362],"ix":1},"s":{"a":0,"k":[450,450],"ix":3},"r":{"a":0,"k":0,"ix":6},"o":{"a":0,"k":100,"ix":7},"sk":{"a":0,"k":0,"ix":4},"sa":{"a":0,"k":0,"ix":5},"nm":"Transform"}],"nm":"Layer 33 Outlines - Group 114","np":1,"cix":2,"bm":0,"ix":2,"mn":"ADBE Vector Group","hd":false}],"ip":0,"op":150,"st":0,"ct":1,"bm":0},{"ddd":0,"ind":7,"ty":4,"nm":"Layer 33 Outlines - Group 34 :M","parent":19,"sr":1,"ks":{"o":{"a":0,"k":100,"ix":11},"r":{"a":0,"k":4.749,"ix":10},"p":{"a":0,"k":[346.757,133.026,0],"ix":2,"l":2},"a":{"a":0,"k":[337.914,125.493,0],"ix":1,"l":2},"s":{"a":0,"k":[99.943,99.943,100],"ix":6,"l":2}},"ao":0,"shapes":[{"ty":"gr","it":[{"ty":"gr","it":[{"ind":0,"ty":"sh","ix":1,"ks":{"a":0,"k":{"i":[[0.26,0],[0.19,0.191],[0,0.26],[-0.19,0.189],[-0.37,-0.37],[0,-0.271],[0.19,-0.179]],"o":[[-0.26,0],[-0.19,-0.179],[0,-0.271],[0.37,-0.37],[0.19,0.189],[0,0.26],[-0.18,0.191]],"v":[[0,1.04],[-0.71,0.739],[-1,0.04],[-0.71,-0.67],[0.7,-0.67],[1,0.04],[0.7,0.739]],"c":true},"ix":2},"nm":"Path 1","mn":"ADBE Vector Shape - Group","hd":false},{"ty":"fl","c":{"a":0,"k":[0.128999993205,0.211999997497,0.372999995947,1],"ix":4,"x":"var $bm_rt;\ntry {\n    $bm_rt = thisComp.layer('Controller')('Effects')('Color')('ADBE Color Control-0001');\n} catch (e) {\n    $bm_rt = value;\n}"},"o":{"a":0,"k":100,"ix":5},"r":1,"bm":0,"nm":"Fill 1","mn":"ADBE Vector Graphic - Fill","hd":false},{"ty":"tr","p":{"a":0,"k":[66.252,12.213],"ix":2},"a":{"a":0,"k":[0,0],"ix":1},"s":{"a":0,"k":[100,100],"ix":3},"r":{"a":0,"k":0,"ix":6},"o":{"a":0,"k":100,"ix":7},"sk":{"a":0,"k":0,"ix":4},"sa":{"a":0,"k":0,"ix":5},"nm":"Transform"}],"nm":"Group 34","np":2,"cix":2,"bm":0,"ix":1,"mn":"ADBE Vector Group","hd":false},{"ty":"tr","p":{"a":0,"k":[364.837,123.261],"ix":2},"a":{"a":0,"k":[66.252,12.259],"ix":1},"s":{"a":1,"k":[{"i":{"x":[0.64,0.64],"y":[1,1]},"o":{"x":[0.36,0.36],"y":[0,0]},"t":10,"s":[0,0]},{"i":{"x":[0.64,0.64],"y":[1,1]},"o":{"x":[0.36,0.36],"y":[0,0]},"t":20,"s":[450.255,450.255]},{"i":{"x":[0.833,0.833],"y":[1,1]},"o":{"x":[0.167,0.167],"y":[0,0]},"t":30,"s":[0,0]},{"i":{"x":[0.64,0.64],"y":[1,1]},"o":{"x":[0.36,0.36],"y":[0,0]},"t":85,"s":[0,0]},{"i":{"x":[0.64,0.64],"y":[1,1]},"o":{"x":[0.36,0.36],"y":[0,0]},"t":95,"s":[450.255,450.255]},{"t":105,"s":[0,0]}],"ix":3},"r":{"a":0,"k":-4.749,"ix":6},"o":{"a":0,"k":100,"ix":7},"sk":{"a":0,"k":0,"ix":4},"sa":{"a":0,"k":0,"ix":5},"nm":"Transform"}],"nm":"Layer 33 Outlines - Group 334","np":1,"cix":2,"bm":0,"ix":1,"mn":"ADBE Vector Group","hd":false},{"ty":"gr","it":[{"ty":"gr","it":[{"ind":0,"ty":"sh","ix":1,"ks":{"a":0,"k":{"i":[[0,0.55],[-0.56,0],[0,-0.561],[0.55,0]],"o":[[0,-0.561],[0.55,0],[0,0.55],[-0.56,0]],"v":[[-1,0],[0,-1],[1,0],[0,1]],"c":true},"ix":2},"nm":"Path 1","mn":"ADBE Vector Shape - Group","hd":false},{"ty":"fl","c":{"a":0,"k":[0.128999993205,0.211999997497,0.372999995947,1],"ix":4,"x":"var $bm_rt;\ntry {\n    $bm_rt = thisComp.layer('Controller')('Effects')('Color')('ADBE Color Control-0001');\n} catch (e) {\n    $bm_rt = value;\n}"},"o":{"a":0,"k":100,"ix":5},"r":1,"bm":0,"nm":"Fill 1","mn":"ADBE Vector Graphic - Fill","hd":false},{"ty":"tr","p":{"a":0,"k":[60.252,12.253],"ix":2},"a":{"a":0,"k":[0,0],"ix":1},"s":{"a":0,"k":[100,100],"ix":3},"r":{"a":0,"k":0,"ix":6},"o":{"a":0,"k":100,"ix":7},"sk":{"a":0,"k":0,"ix":4},"sa":{"a":0,"k":0,"ix":5},"nm":"Transform"}],"nm":"Group 35","np":2,"cix":2,"bm":0,"ix":1,"mn":"ADBE Vector Group","hd":false},{"ty":"tr","p":{"a":0,"k":[337.912,125.47],"ix":2},"a":{"a":0,"k":[60.252,12.253],"ix":1},"s":{"a":1,"k":[{"i":{"x":[0.64,0.64],"y":[1,1]},"o":{"x":[0.36,0.36],"y":[0,0]},"t":5,"s":[0,0]},{"i":{"x":[0.64,0.64],"y":[1,1]},"o":{"x":[0.36,0.36],"y":[0,0]},"t":15,"s":[450.255,450.255]},{"i":{"x":[0.833,0.833],"y":[1,1]},"o":{"x":[0.167,0.167],"y":[0,0]},"t":25,"s":[0,0]},{"i":{"x":[0.64,0.64],"y":[1,1]},"o":{"x":[0.36,0.36],"y":[0,0]},"t":80,"s":[0,0]},{"i":{"x":[0.64,0.64],"y":[1,1]},"o":{"x":[0.36,0.36],"y":[0,0]},"t":90,"s":[450.255,450.255]},{"t":100,"s":[0,0]}],"ix":3},"r":{"a":0,"k":-4.749,"ix":6},"o":{"a":0,"k":100,"ix":7},"sk":{"a":0,"k":0,"ix":4},"sa":{"a":0,"k":0,"ix":5},"nm":"Transform"}],"nm":"Layer 33 Outlines - Group 335","np":1,"cix":2,"bm":0,"ix":2,"mn":"ADBE Vector Group","hd":false},{"ty":"gr","it":[{"ty":"gr","it":[{"ind":0,"ty":"sh","ix":1,"ks":{"a":0,"k":{"i":[[0.26,0],[0.18,0.191],[0,0.26],[-0.19,0.189],[-0.37,-0.381],[0,-0.271],[0.19,-0.179]],"o":[[-0.27,0],[-0.18,-0.179],[0,-0.271],[0.36,-0.37],[0.19,0.189],[0,0.26],[-0.18,0.191]],"v":[[0,1.046],[-0.71,0.745],[-1,0.046],[-0.71,-0.665],[0.7,-0.665],[1,0.046],[0.7,0.745]],"c":true},"ix":2},"nm":"Path 1","mn":"ADBE Vector Shape - Group","hd":false},{"ty":"fl","c":{"a":0,"k":[0.128999993205,0.211999997497,0.372999995947,1],"ix":4,"x":"var $bm_rt;\ntry {\n    $bm_rt = thisComp.layer('Controller')('Effects')('Color')('ADBE Color Control-0001');\n} catch (e) {\n    $bm_rt = value;\n}"},"o":{"a":0,"k":100,"ix":5},"r":1,"bm":0,"nm":"Fill 1","mn":"ADBE Vector Graphic - Fill","hd":false},{"ty":"tr","p":{"a":0,"k":[54.252,12.207],"ix":2},"a":{"a":0,"k":[0,0],"ix":1},"s":{"a":0,"k":[100,100],"ix":3},"r":{"a":0,"k":0,"ix":6},"o":{"a":0,"k":100,"ix":7},"sk":{"a":0,"k":0,"ix":4},"sa":{"a":0,"k":0,"ix":5},"nm":"Transform"}],"nm":"Group 36","np":2,"cix":2,"bm":0,"ix":1,"mn":"ADBE Vector Group","hd":false},{"ty":"tr","p":{"a":0,"k":[310.991,127.725],"ix":2},"a":{"a":0,"k":[54.252,12.257],"ix":1},"s":{"a":1,"k":[{"i":{"x":[0.64,0.64],"y":[1,1]},"o":{"x":[0.36,0.36],"y":[0,0]},"t":0,"s":[0,0]},{"i":{"x":[0.64,0.64],"y":[1,1]},"o":{"x":[0.36,0.36],"y":[0,0]},"t":10,"s":[450.255,450.255]},{"i":{"x":[0.833,0.833],"y":[1,1]},"o":{"x":[0.167,0.167],"y":[0,0]},"t":20,"s":[0,0]},{"i":{"x":[0.64,0.64],"y":[1,1]},"o":{"x":[0.36,0.36],"y":[0,0]},"t":75,"s":[0,0]},{"i":{"x":[0.64,0.64],"y":[1,1]},"o":{"x":[0.36,0.36],"y":[0,0]},"t":85,"s":[450.255,450.255]},{"t":95,"s":[0,0]}],"ix":3},"r":{"a":0,"k":-4.749,"ix":6},"o":{"a":0,"k":100,"ix":7},"sk":{"a":0,"k":0,"ix":4},"sa":{"a":0,"k":0,"ix":5},"nm":"Transform"}],"nm":"Layer 33 Outlines - Group 336","np":1,"cix":2,"bm":0,"ix":3,"mn":"ADBE Vector Group","hd":false}],"ip":0,"op":150,"st":0,"ct":1,"bm":0},{"ddd":0,"ind":8,"ty":4,"nm":"Layer 33 Outlines - Group 17","parent":11,"sr":1,"ks":{"o":{"a":0,"k":100,"ix":11},"r":{"a":0,"k":0,"ix":10},"p":{"a":0,"k":[39.25,53.444,0],"ix":2,"l":2},"a":{"a":0,"k":[39.25,53.444,0],"ix":1,"l":2},"s":{"a":0,"k":[100,100,100],"ix":6,"l":2}},"ao":0,"shapes":[{"ty":"gr","it":[{"ind":0,"ty":"sh","ix":1,"ks":{"a":0,"k":{"i":[[-0.12,0],[-0.109,-0.058],[0,0],[0,0],[-0.177,0.173],[0,0],[0,0],[0.108,0.222],[0,0],[0,0],[0.245,-0.035],[0,0],[0,0],[0.042,-0.243],[0,0],[0,0]],"o":[[0.12,0],[0,0],[0,0],[-0.041,-0.243],[0,0],[0,0],[-0.244,-0.035],[0,0],[0,0],[-0.109,0.222],[0,0],[0,0],[0.177,0.173],[0,0],[0,0],[0.109,-0.058]],"v":[[0,5.527],[0.349,5.614],[5.178,8.152],[4.254,2.777],[4.47,2.113],[8.376,-1.697],[2.978,-2.48],[2.415,-2.891],[0,-7.783],[-2.414,-2.891],[-2.979,-2.48],[-8.377,-1.697],[-4.471,2.113],[-4.255,2.777],[-5.177,8.152],[-0.35,5.614]],"c":true},"ix":2},"nm":"Path 1","mn":"ADBE Vector Shape - Group","hd":false},{"ind":1,"ty":"sh","ix":2,"ks":{"a":0,"k":{"i":[[0.155,0],[0.11,0.058],[0,0],[0,0],[0.232,0.169],[-0.048,0.281],[0,0],[0,0],[-0.088,0.272],[-0.282,0.041],[0,0],[0,0],[-0.252,-0.512],[0,0],[0,0],[-0.089,-0.271],[0.204,-0.199],[0,0],[0,0],[0.231,-0.168]],"o":[[-0.12,0],[0,0],[0,0],[-0.252,0.133],[-0.231,-0.167],[0,0],[0,0],[-0.205,-0.199],[0.088,-0.271],[0,0],[0,0],[0.252,-0.512],[0,0],[0,0],[0.282,0.041],[0.088,0.272],[0,0],[0,0],[0.048,0.281],[-0.131,0.095]],"v":[[6.173,10.273],[5.824,10.188],[0,7.126],[-5.824,10.188],[-6.614,10.13],[-6.913,9.396],[-5.801,2.911],[-10.512,-1.683],[-10.702,-2.452],[-10.098,-2.962],[-3.585,-3.909],[-0.673,-9.809],[0.672,-9.809],[3.585,-3.909],[10.097,-2.962],[10.702,-2.452],[10.512,-1.683],[5.8,2.911],[6.913,9.396],[6.615,10.13]],"c":true},"ix":2},"nm":"Path 2","mn":"ADBE Vector Shape - Group","hd":false},{"ty":"mm","mm":1,"nm":"Merge Paths 1","mn":"ADBE Vector Filter - Merge","hd":false},{"ty":"fl","c":{"a":0,"k":[0.128999986836,0.211999990426,0.372999991623,1],"ix":4,"x":"var $bm_rt;\ntry {\n    $bm_rt = thisComp.layer('Controller')('Effects')('Color')('ADBE Color Control-0001');\n} catch (e) {\n    $bm_rt = value;\n}"},"o":{"a":0,"k":100,"ix":5},"r":1,"bm":0,"nm":"Fill 1","mn":"ADBE Vector Graphic - Fill","hd":false},{"ty":"tr","p":{"a":0,"k":[39.25,53.403],"ix":2},"a":{"a":0,"k":[0,0],"ix":1},"s":{"a":0,"k":[100,100],"ix":3},"r":{"a":0,"k":0,"ix":6},"o":{"a":0,"k":100,"ix":7},"sk":{"a":0,"k":0,"ix":4},"sa":{"a":0,"k":0,"ix":5},"nm":"Transform"}],"nm":"Group 17","np":4,"cix":2,"bm":0,"ix":1,"mn":"ADBE Vector Group","hd":false}],"ip":0,"op":150,"st":0,"ct":1,"bm":0},{"ddd":0,"ind":9,"ty":4,"nm":"Layer 33 Outlines - Group 49","parent":11,"td":1,"sr":1,"ks":{"o":{"a":0,"k":100,"ix":11},"r":{"a":0,"k":0,"ix":10},"p":{"a":0,"k":[39.25,53.427,0],"ix":2,"l":2},"a":{"a":0,"k":[39.25,53.427,0],"ix":1,"l":2},"s":{"a":0,"k":[100,100,100],"ix":6,"l":2}},"ao":0,"shapes":[{"ty":"gr","it":[{"ind":0,"ty":"sh","ix":1,"ks":{"a":0,"k":{"i":[[0,0],[0,0],[0,0],[0,0],[0,0],[0,0],[0,0],[0,0],[0,0],[0,0]],"o":[[0,0],[0,0],[0,0],[0,0],[0,0],[0,0],[0,0],[0,0],[0,0],[0,0]],"v":[[0,-9.5],[3.087,-3.246],[9.989,-2.243],[4.995,2.626],[6.174,9.5],[0,6.254],[-6.173,9.5],[-4.994,2.626],[-9.989,-2.243],[-3.086,-3.246]],"c":true},"ix":2},"nm":"Path 1","mn":"ADBE Vector Shape - Group","hd":false},{"ty":"fl","c":{"a":0,"k":[1,1,1,1],"ix":4,"x":"var $bm_rt;\ntry {\n    $bm_rt = thisComp.layer('Controller').effect('Color 2')('ADBE Color Control-0001');\n} catch (e) {\n    $bm_rt = value;\n}"},"o":{"a":0,"k":100,"ix":5},"r":1,"bm":0,"nm":"Fill 1","mn":"ADBE Vector Graphic - Fill","hd":false},{"ty":"tr","p":{"a":0,"k":[39.25,53.427],"ix":2},"a":{"a":0,"k":[0,0],"ix":1},"s":{"a":0,"k":[100,100],"ix":3},"r":{"a":0,"k":0,"ix":6},"o":{"a":0,"k":100,"ix":7},"sk":{"a":0,"k":0,"ix":4},"sa":{"a":0,"k":0,"ix":5},"nm":"Transform"}],"nm":"Group 19","np":2,"cix":2,"bm":0,"ix":1,"mn":"ADBE Vector Group","hd":false}],"ip":0,"op":150,"st":0,"ct":1,"bm":0},{"ddd":0,"ind":10,"ty":4,"nm":"Layer 33 Outlines - Group 48","parent":11,"tt":1,"sr":1,"ks":{"o":{"a":0,"k":100,"ix":11},"r":{"a":0,"k":0,"ix":10},"p":{"a":1,"k":[{"i":{"x":0.26,"y":1},"o":{"x":0.167,"y":0.25},"t":10,"s":[54.819,58.518,0],"to":[-1.252,-0.358,0],"ti":[0,0,0]},{"i":{"x":0.833,"y":1},"o":{"x":0.167,"y":0},"t":40,"s":[47.305,56.371,0],"to":[0,0,0],"ti":[0,0,0]},{"i":{"x":0.26,"y":1},"o":{"x":0.167,"y":0.25},"t":85,"s":[54.819,58.518,0],"to":[0,0,0],"ti":[1.252,0.358,0]},{"t":115,"s":[47.305,56.371,0]}],"ix":2,"l":2},"a":{"a":0,"k":[39.25,53.427,0],"ix":1,"l":2},"s":{"a":0,"k":[98.618,98.618,100],"ix":6,"l":2}},"ao":0,"shapes":[{"ty":"gr","it":[{"ind":0,"ty":"sh","ix":1,"ks":{"a":0,"k":{"i":[[0,0],[0,0],[0,0],[0,0],[0,0],[0,0],[0,0],[0,0],[0,0],[0,0]],"o":[[0,0],[0,0],[0,0],[0,0],[0,0],[0,0],[0,0],[0,0],[0,0],[0,0]],"v":[[0,-9.5],[3.087,-3.246],[9.989,-2.243],[4.995,2.626],[6.174,9.5],[0,6.254],[-6.173,9.5],[-4.994,2.626],[-9.989,-2.243],[-3.086,-3.246]],"c":true},"ix":2},"nm":"Path 1","mn":"ADBE Vector Shape - Group","hd":false},{"ty":"fl","c":{"a":0,"k":[0.741176470588,0.764705942191,0.847058883368,1],"ix":4,"x":"var $bm_rt;\ntry {\n    $bm_rt = thisComp.layer('Controller').effect('Color 3')('ADBE Color Control-0001');\n} catch (e) {\n    $bm_rt = value;\n}"},"o":{"a":0,"k":100,"ix":5},"r":1,"bm":0,"nm":"Fill 1","mn":"ADBE Vector Graphic - Fill","hd":false},{"ty":"tr","p":{"a":0,"k":[39.25,53.427],"ix":2},"a":{"a":0,"k":[0,0],"ix":1},"s":{"a":0,"k":[100,100],"ix":3},"r":{"a":0,"k":0,"ix":6},"o":{"a":0,"k":100,"ix":7},"sk":{"a":0,"k":0,"ix":4},"sa":{"a":0,"k":0,"ix":5},"nm":"Transform"}],"nm":"Group 19","np":2,"cix":2,"bm":0,"ix":1,"mn":"ADBE Vector Group","hd":false}],"ip":0,"op":150,"st":0,"ct":1,"bm":0},{"ddd":0,"ind":11,"ty":4,"nm":"Layer 33 Outlines - Group 19","parent":15,"sr":1,"ks":{"o":{"a":0,"k":100,"ix":11},"r":{"a":0,"k":0,"ix":10},"p":{"a":0,"k":[39.25,53.427,0],"ix":2,"l":2},"a":{"a":0,"k":[39.25,53.427,0],"ix":1,"l":2},"s":{"a":1,"k":[{"i":{"x":[0.64,0.64,0.64],"y":[1,1,1]},"o":{"x":[0.36,0.36,0.36],"y":[0,0,0]},"t":5,"s":[0,0,100]},{"i":{"x":[0.64,0.64,0.64],"y":[1,1,1]},"o":{"x":[0.36,0.36,0.36],"y":[0,0,0]},"t":15,"s":[105,105,100]},{"i":{"x":[0.64,0.64,0.64],"y":[1,1,1]},"o":{"x":[0.36,0.36,0.36],"y":[0,0,0]},"t":25,"s":[90,90,100]},{"i":{"x":[0.64,0.64,0.64],"y":[1,1,1]},"o":{"x":[0.36,0.36,0.36],"y":[0,0,0]},"t":35,"s":[100,100,100]},{"i":{"x":[0.64,0.64,0.64],"y":[1,1,1]},"o":{"x":[0.36,0.36,0.36],"y":[0,0,0]},"t":80,"s":[0,0,100]},{"i":{"x":[0.64,0.64,0.64],"y":[1,1,1]},"o":{"x":[0.36,0.36,0.36],"y":[0,0,0]},"t":90,"s":[105,105,100]},{"i":{"x":[0.64,0.64,0.64],"y":[1,1,1]},"o":{"x":[0.36,0.36,0.36],"y":[0,0,0]},"t":100,"s":[90,90,100]},{"i":{"x":[0.64,0.64,0.64],"y":[1,1,1]},"o":{"x":[0.36,0.36,0.36],"y":[0,0,0]},"t":110,"s":[100,100,100]},{"t":149,"s":[0,0,100]}],"ix":6,"l":2}},"ao":0,"shapes":[{"ty":"gr","it":[{"ind":0,"ty":"sh","ix":1,"ks":{"a":0,"k":{"i":[[0,0],[0,0],[0,0],[0,0],[0,0],[0,0],[0,0],[0,0],[0,0],[0,0]],"o":[[0,0],[0,0],[0,0],[0,0],[0,0],[0,0],[0,0],[0,0],[0,0],[0,0]],"v":[[0,-9.5],[3.087,-3.246],[9.989,-2.243],[4.995,2.626],[6.174,9.5],[0,6.254],[-6.173,9.5],[-4.994,2.626],[-9.989,-2.243],[-3.086,-3.246]],"c":true},"ix":2},"nm":"Path 1","mn":"ADBE Vector Shape - Group","hd":false},{"ty":"fl","c":{"a":0,"k":[1,1,1,1],"ix":4,"x":"var $bm_rt;\ntry {\n    $bm_rt = thisComp.layer('Controller')('Effects')('Color 2')('ADBE Color Control-0001');\n} catch (e) {\n    $bm_rt = value;\n}"},"o":{"a":0,"k":100,"ix":5},"r":1,"bm":0,"nm":"Fill 1","mn":"ADBE Vector Graphic - Fill","hd":false},{"ty":"tr","p":{"a":0,"k":[39.25,53.427],"ix":2},"a":{"a":0,"k":[0,0],"ix":1},"s":{"a":0,"k":[100,100],"ix":3},"r":{"a":0,"k":0,"ix":6},"o":{"a":0,"k":100,"ix":7},"sk":{"a":0,"k":0,"ix":4},"sa":{"a":0,"k":0,"ix":5},"nm":"Transform"}],"nm":"Group 19","np":2,"cix":2,"bm":0,"ix":1,"mn":"ADBE Vector Group","hd":false}],"ip":0,"op":150,"st":0,"ct":1,"bm":0},{"ddd":0,"ind":12,"ty":4,"nm":"Layer 33 Outlines - Group 31","parent":15,"sr":1,"ks":{"o":{"a":0,"k":100,"ix":11},"r":{"a":0,"k":0,"ix":10},"p":{"a":0,"k":[39.25,54.254,0],"ix":2,"l":2},"a":{"a":0,"k":[39.25,54.254,0],"ix":1,"l":2},"s":{"a":0,"k":[100,100,100],"ix":6,"l":2}},"ao":0,"shapes":[{"ty":"gr","it":[{"ind":0,"ty":"sh","ix":1,"ks":{"a":0,"k":{"i":[[0,0],[0,0]],"o":[[0,0],[0,0]],"v":[[1.38,-16.259],[1.39,-16.259]],"c":true},"ix":2},"nm":"Path 1","mn":"ADBE Vector Shape - Group","hd":false},{"ind":1,"ty":"sh","ix":2,"ks":{"a":0,"k":{"i":[[-0.68,0],[-0.53,-0.49],[0,0],[-0.403,0.085],[-0.174,0.377],[0,0],[-1.354,-0.501],[0,0],[-0.346,0.231],[-0.015,0.414],[0,0],[-1.444,0.054],[0,0],[-0.231,0.346],[0.144,0.389],[0,0],[-1.312,0.604],[0,0],[-0.081,0.408],[0.283,0.305],[0,0],[-0.983,1.06],[0,0],[0.081,0.408],[0.377,0.173],[0,0],[-0.502,1.354],[0,0],[0.23,0.345],[0.415,0.017],[0,0],[0.055,1.445],[0,0],[0.345,0.23],[0.389,-0.142],[0,0],[0.604,1.313],[0,0],[0.407,0.081],[0.305,-0.283],[0,0],[1.06,0.982],[0,0],[0.406,-0.085],[0.173,-0.378],[0,0],[1.356,0.503],[0,0],[0.346,-0.231],[0.015,-0.414],[0,0],[1.443,-0.053],[0,0],[0.231,-0.345],[-0.145,-0.389],[0,0],[1.313,-0.603],[0,0],[0.081,-0.407],[-0.282,-0.304],[0,0],[0.983,-1.059],[0,0],[-0.081,-0.407],[-0.377,-0.172],[0,0],[0.501,-1.355],[0,0],[-0.231,-0.344],[-0.415,-0.017],[0,0],[-0.056,-1.444],[0,0],[-0.345,-0.231],[-0.389,0.145],[0,0],[-0.604,-1.314],[0,0],[-0.408,-0.081],[-0.305,0.282],[0,0]],"o":[[0.68,0],[0,0],[0.305,0.282],[0.407,-0.081],[0,0],[0.603,-1.311],[0,0],[0.387,0.147],[0.345,-0.231],[0,0],[0.055,-1.444],[0,0],[0.413,-0.017],[0.23,-0.344],[0,0],[-0.502,-1.353],[0,0],[0.378,-0.173],[0.081,-0.407],[0,0],[-0.982,-1.059],[0,0],[0.284,-0.305],[-0.081,-0.407],[0,0],[-1.312,-0.602],[0,0],[0.145,-0.391],[-0.231,-0.345],[0,0],[-1.445,-0.053],[0,0],[-0.015,-0.414],[-0.346,-0.231],[0,0],[-1.355,0.499],[0,0],[-0.174,-0.378],[-0.406,-0.084],[0,0],[-1.06,0.982],[0,0],[-0.305,-0.284],[-0.408,0.081],[0,0],[-0.602,1.313],[0,0],[-0.386,-0.145],[-0.345,0.23],[0,0],[-0.056,1.445],[0,0],[-0.414,0.017],[-0.231,0.345],[0,0],[0.501,1.354],[0,0],[-0.379,0.174],[-0.081,0.408],[0,0],[0.981,1.058],[0,0],[-0.284,0.307],[0.081,0.408],[0,0],[1.312,0.603],[0,0],[-0.145,0.389],[0.231,0.346],[0,0],[1.444,0.054],[0,0],[0.015,0.414],[0.346,0.23],[0,0],[1.355,-0.503],[0,0],[0.174,0.378],[0.407,0.084],[0,0],[0.53,-0.49]],"v":[[0,14.969],[1.889,15.704],[2.107,15.906],[3.227,16.222],[4.141,15.502],[4.265,15.232],[7.756,13.786],[8.036,13.889],[9.191,13.753],[9.758,12.737],[9.77,12.441],[12.443,9.768],[12.74,9.758],[13.755,9.188],[13.891,8.033],[13.788,7.753],[15.234,4.262],[15.503,4.139],[16.225,3.225],[15.908,2.105],[15.706,1.887],[15.707,-1.892],[15.907,-2.109],[16.225,-3.23],[15.504,-4.143],[15.234,-4.268],[13.788,-7.759],[13.89,-8.035],[13.755,-9.193],[12.738,-9.762],[12.444,-9.773],[9.77,-12.446],[9.758,-12.741],[9.191,-13.757],[8.034,-13.894],[7.758,-13.79],[4.264,-15.237],[4.141,-15.505],[3.227,-16.227],[2.107,-15.91],[1.89,-15.709],[-1.89,-15.709],[-2.107,-15.909],[-3.227,-16.227],[-4.141,-15.505],[-4.266,-15.237],[-7.757,-13.79],[-8.037,-13.894],[-9.191,-13.757],[-9.759,-12.741],[-9.77,-12.446],[-12.443,-9.773],[-12.74,-9.762],[-13.755,-9.193],[-13.891,-8.037],[-13.788,-7.759],[-15.235,-4.267],[-15.502,-4.144],[-16.225,-3.23],[-15.909,-2.11],[-15.706,-1.89],[-15.708,1.887],[-15.907,2.103],[-16.225,3.225],[-15.504,4.138],[-15.234,4.263],[-13.788,7.755],[-13.891,8.033],[-13.755,9.188],[-12.739,9.758],[-12.444,9.768],[-9.77,12.441],[-9.759,12.737],[-9.191,13.753],[-8.035,13.889],[-7.759,13.786],[-4.265,15.233],[-4.142,15.501],[-3.227,16.222],[-2.107,15.906],[-1.89,15.704]],"c":true},"ix":2},"nm":"Path 2","mn":"ADBE Vector Shape - Group","hd":false},{"ind":2,"ty":"sh","ix":3,"ks":{"a":0,"k":{"i":[[0.183,0],[0.523,0.485],[0,0],[0.488,-0.452],[0,0],[0.888,0.177],[0.377,0.819],[0,0],[0.624,-0.226],[0,0],[0.751,0.502],[0.034,0.901],[0,0],[0.665,0.026],[0,0],[0.501,0.75],[-0.313,0.845],[0,0],[0.604,0.277],[0,0],[0.176,0.884],[-0.613,0.661],[0,0],[0.452,0.488],[0,0],[-0.176,0.885],[-0.82,0.376],[0,0],[0.231,0.624],[0,0],[-0.501,0.75],[-0.901,0.034],[0,0],[-0.026,0.665],[0,0],[-0.75,0.501],[-0.847,-0.313],[0,0],[-0.278,0.605],[0,0],[-0.885,0.175],[-0.66,-0.613],[0,0],[-0.488,0.451],[0,0],[-0.885,-0.171],[-0.376,-0.82],[0,0],[-0.623,0.229],[0,0],[-0.749,-0.501],[-0.034,-0.9],[0,0],[-0.665,-0.025],[0,0],[-0.501,-0.75],[0.313,-0.846],[0,0],[-0.605,-0.277],[0,0],[-0.176,-0.884],[0.613,-0.661],[0,0],[-0.452,-0.488],[0,0],[0.176,-0.884],[0.819,-0.376],[0,0],[-0.231,-0.623],[0,0],[0.501,-0.75],[0.901,-0.035],[0,0],[0.025,-0.665],[0,0],[0.75,-0.501],[0.846,0.313],[0,0],[0.277,-0.604],[0,0],[0.884,-0.177]],"o":[[-0.692,0],[0,0],[-0.487,-0.451],[0,0],[-0.66,0.612],[-0.885,-0.176],[0,0],[-0.278,-0.604],[0,0],[-0.846,0.314],[-0.75,-0.501],[0,0],[-0.026,-0.665],[0,0],[-0.902,-0.035],[-0.501,-0.75],[0,0],[0.231,-0.623],[0,0],[-0.818,-0.375],[-0.176,-0.884],[0,0],[0.454,-0.49],[0,0],[-0.611,-0.659],[0.176,-0.883],[0,0],[0.606,-0.278],[0,0],[-0.313,-0.846],[0.501,-0.75],[0,0],[0.664,-0.025],[0,0],[0.034,-0.901],[0.749,-0.501],[0,0],[0.621,0.233],[0,0],[0.376,-0.819],[0.886,-0.173],[0,0],[0.487,0.454],[0,0],[0.662,-0.614],[0.884,0.176],[0,0],[0.278,0.604],[0,0],[0.848,-0.314],[0.75,0.501],[0,0],[0.025,0.665],[0,0],[0.902,0.034],[0.501,0.75],[0,0],[-0.232,0.624],[0,0],[0.819,0.375],[0.176,0.885],[0,0],[-0.453,0.489],[0,0],[0.612,0.66],[-0.176,0.885],[0,0],[-0.605,0.278],[0,0],[0.313,0.844],[-0.501,0.75],[0,0],[-0.664,0.026],[0,0],[-0.034,0.9],[-0.749,0.501],[0,0],[-0.621,-0.232],[0,0],[-0.376,0.819],[-0.185,0.036]],"v":[[2.966,17.749],[1.087,17.006],[0.87,16.804],[-0.87,16.805],[-1.088,17.007],[-3.52,17.694],[-5.505,16.128],[-5.628,15.859],[-7.237,15.192],[-7.512,15.296],[-10.024,15],[-11.258,12.794],[-11.269,12.498],[-12.5,11.266],[-12.795,11.256],[-15.002,10.022],[-15.298,7.512],[-15.195,7.233],[-15.861,5.626],[-16.131,5.501],[-17.696,3.518],[-17.008,1.086],[-16.809,0.87],[-16.807,-0.872],[-17.01,-1.092],[-17.696,-3.523],[-16.129,-5.506],[-15.863,-5.629],[-15.195,-7.238],[-15.298,-7.516],[-15.002,-10.027],[-12.796,-11.26],[-12.499,-11.271],[-11.269,-12.502],[-11.258,-12.798],[-10.024,-15.004],[-7.514,-15.3],[-7.235,-15.197],[-5.628,-15.863],[-5.504,-16.132],[-3.52,-17.698],[-1.088,-17.01],[-0.87,-16.81],[0.87,-16.809],[1.087,-17.01],[3.52,-17.698],[5.504,-16.131],[5.627,-15.863],[7.236,-15.197],[7.511,-15.3],[10.024,-15.004],[11.257,-12.798],[11.269,-12.502],[12.5,-11.271],[12.795,-11.26],[15.002,-10.026],[15.297,-7.516],[15.195,-7.238],[15.861,-5.63],[16.13,-5.505],[17.696,-3.523],[17.008,-1.09],[16.808,-0.873],[16.807,0.868],[17.009,1.087],[17.696,3.518],[16.13,5.502],[15.861,5.625],[15.194,7.233],[15.297,7.513],[15.002,10.021],[12.796,11.256],[12.499,11.266],[11.269,12.498],[11.257,12.794],[10.024,15],[7.513,15.296],[7.234,15.192],[5.628,15.859],[5.504,16.128],[3.52,17.694]],"c":true},"ix":2},"nm":"Path 3","mn":"ADBE Vector Shape - Group","hd":false},{"ty":"fl","c":{"a":0,"k":[0.128999986836,0.211999990426,0.372999991623,1],"ix":4,"x":"var $bm_rt;\ntry {\n    $bm_rt = thisComp.layer('Controller')('Effects')('Color')('ADBE Color Control-0001');\n} catch (e) {\n    $bm_rt = value;\n}"},"o":{"a":0,"k":100,"ix":5},"r":1,"bm":0,"nm":"Fill 1","mn":"ADBE Vector Graphic - Fill","hd":false},{"ty":"tr","p":{"a":0,"k":[39.25,54.255],"ix":2},"a":{"a":0,"k":[0,0],"ix":1},"s":{"a":0,"k":[100,100],"ix":3},"r":{"a":0,"k":0,"ix":6},"o":{"a":0,"k":100,"ix":7},"sk":{"a":0,"k":0,"ix":4},"sa":{"a":0,"k":0,"ix":5},"nm":"Transform"}],"nm":"Group 31","np":5,"cix":2,"bm":0,"ix":1,"mn":"ADBE Vector Group","hd":false}],"ip":0,"op":150,"st":0,"ct":1,"bm":0},{"ddd":0,"ind":13,"ty":4,"nm":"Layer 33 Outlines - Group 47","parent":15,"td":1,"sr":1,"ks":{"o":{"a":0,"k":100,"ix":11},"r":{"a":0,"k":0,"ix":10},"p":{"a":0,"k":[39.25,54.253,0],"ix":2,"l":2},"a":{"a":0,"k":[39.25,54.253,0],"ix":1,"l":2},"s":{"a":0,"k":[100,100,100],"ix":6,"l":2}},"ao":0,"shapes":[{"ty":"gr","it":[{"ind":0,"ty":"sh","ix":1,"ks":{"a":0,"k":{"i":[[-0.779,0.722],[0,0],[-0.576,-1.255],[0,0],[-0.995,0.368],[0,0],[-0.052,-1.38],[0,0],[-1.061,-0.04],[0,0],[0.48,-1.295],[0,0],[-0.964,-0.444],[0,0],[0.939,-1.013],[0,0],[-0.722,-0.779],[0,0],[1.255,-0.576],[0,0],[-0.368,-0.995],[0,0],[1.381,-0.053],[0,0],[0.041,-1.061],[0,0],[1.295,0.479],[0,0],[0.443,-0.965],[0,0],[1.013,0.939],[0,0],[0.778,-0.722],[0,0],[0.577,1.256],[0,0],[0.996,-0.368],[0,0],[0.053,1.38],[0,0],[1.061,0.04],[0,0],[-0.479,1.295],[0,0],[0.965,0.443],[0,0],[-0.94,1.013],[0,0],[0.721,0.778],[0,0],[-1.256,0.576],[0,0],[0.369,0.996],[0,0],[-1.381,0.053],[0,0],[-0.04,1.061],[0,0],[-1.296,-0.479],[0,0],[-0.443,0.965],[0,0],[-1.013,-0.94],[0,0]],"o":[[0,0],[1.013,-0.94],[0,0],[0.443,0.965],[0,0],[1.295,-0.479],[0,0],[0.041,1.061],[0,0],[1.381,0.053],[0,0],[-0.368,0.996],[0,0],[1.255,0.576],[0,0],[-0.722,0.778],[0,0],[0.939,1.013],[0,0],[-0.964,0.443],[0,0],[0.48,1.295],[0,0],[-1.061,0.04],[0,0],[-0.052,1.38],[0,0],[-0.995,-0.368],[0,0],[-0.576,1.256],[0,0],[-0.779,-0.722],[0,0],[-1.013,0.939],[0,0],[-0.443,-0.965],[0,0],[-1.296,0.479],[0,0],[-0.04,-1.061],[0,0],[-1.381,-0.053],[0,0],[0.369,-0.995],[0,0],[-1.256,-0.576],[0,0],[0.721,-0.779],[0,0],[-0.94,-1.013],[0,0],[0.965,-0.444],[0,0],[-0.479,-1.295],[0,0],[1.061,-0.04],[0,0],[0.053,-1.38],[0,0],[0.996,0.368],[0,0],[0.577,-1.255],[0,0],[0.778,0.722]],"v":[[1.381,-16.257],[1.598,-16.458],[4.822,-15.816],[4.947,-15.548],[7.496,-14.49],[7.775,-14.594],[10.509,-12.768],[10.52,-12.471],[12.471,-10.52],[12.767,-10.508],[14.595,-7.775],[14.491,-7.497],[15.548,-4.945],[15.817,-4.822],[16.458,-1.598],[16.257,-1.38],[16.257,1.381],[16.458,1.598],[15.817,4.823],[15.548,4.947],[14.491,7.497],[14.595,7.775],[12.767,10.51],[12.471,10.52],[10.52,12.472],[10.509,12.768],[7.775,14.596],[7.496,14.492],[4.947,15.549],[4.822,15.817],[1.598,16.459],[1.381,16.258],[-1.379,16.258],[-1.598,16.459],[-4.822,15.817],[-4.947,15.549],[-7.496,14.492],[-7.774,14.596],[-10.509,12.768],[-10.52,12.472],[-12.472,10.52],[-12.767,10.51],[-14.595,7.775],[-14.491,7.497],[-15.548,4.947],[-15.816,4.823],[-16.457,1.598],[-16.257,1.381],[-16.257,-1.38],[-16.457,-1.598],[-15.816,-4.822],[-15.548,-4.945],[-14.491,-7.497],[-14.595,-7.775],[-12.767,-10.508],[-12.472,-10.52],[-10.52,-12.471],[-10.509,-12.768],[-7.774,-14.594],[-7.496,-14.49],[-4.947,-15.548],[-4.822,-15.816],[-1.598,-16.458],[-1.379,-16.257]],"c":true},"ix":2},"nm":"Path 1","mn":"ADBE Vector Shape - Group","hd":false},{"ty":"fl","c":{"a":0,"k":[1,1,1,1],"ix":4,"x":"var $bm_rt;\ntry {\n    $bm_rt = thisComp.layer('Controller')('Effects')('Color 2')('ADBE Color Control-0001');\n} catch (e) {\n    $bm_rt = value;\n}"},"o":{"a":0,"k":100,"ix":5},"r":1,"bm":0,"nm":"Fill 1","mn":"ADBE Vector Graphic - Fill","hd":false},{"ty":"tr","p":{"a":0,"k":[39.25,54.253],"ix":2},"a":{"a":0,"k":[0,0],"ix":1},"s":{"a":0,"k":[100,100],"ix":3},"r":{"a":0,"k":0,"ix":6},"o":{"a":0,"k":100,"ix":7},"sk":{"a":0,"k":0,"ix":4},"sa":{"a":0,"k":0,"ix":5},"nm":"Transform"}],"nm":"Group 33","np":2,"cix":2,"bm":0,"ix":1,"mn":"ADBE Vector Group","hd":false}],"ip":0,"op":150,"st":0,"ct":1,"bm":0},{"ddd":0,"ind":14,"ty":4,"nm":"Layer 33 Outlines - Group 46","parent":15,"tt":1,"sr":1,"ks":{"o":{"a":0,"k":100,"ix":11},"r":{"a":1,"k":[{"i":{"x":[0.64],"y":[1]},"o":{"x":[0.36],"y":[0]},"t":0,"s":[0]},{"i":{"x":[0.64],"y":[1]},"o":{"x":[0.36],"y":[0]},"t":75,"s":[100]},{"t":149,"s":[0]}],"ix":10},"p":{"a":1,"k":[{"i":{"x":0.26,"y":1},"o":{"x":0.167,"y":0.167},"t":0,"s":[64.917,79.697,0],"to":[-2.704,-2.704,0],"ti":[2.704,2.704,0]},{"i":{"x":0.26,"y":0.26},"o":{"x":0.167,"y":0.167},"t":30,"s":[48.694,63.475,0],"to":[0,0,0],"ti":[0,0,0]},{"i":{"x":0.26,"y":1},"o":{"x":0.167,"y":0},"t":110,"s":[48.694,63.475,0],"to":[2.704,2.704,0],"ti":[-2.704,-2.704,0]},{"t":140,"s":[64.917,79.697,0]}],"ix":2,"l":2},"a":{"a":0,"k":[39.25,54.253,0],"ix":1,"l":2},"s":{"a":0,"k":[109.804,109.804,100],"ix":6,"l":2}},"ao":0,"shapes":[{"ty":"gr","it":[{"ind":0,"ty":"sh","ix":1,"ks":{"a":0,"k":{"i":[[-0.779,0.722],[0,0],[-0.576,-1.255],[0,0],[-0.995,0.368],[0,0],[-0.052,-1.38],[0,0],[-1.061,-0.04],[0,0],[0.48,-1.295],[0,0],[-0.964,-0.444],[0,0],[0.939,-1.013],[0,0],[-0.722,-0.779],[0,0],[1.255,-0.576],[0,0],[-0.368,-0.995],[0,0],[1.381,-0.053],[0,0],[0.041,-1.061],[0,0],[1.295,0.479],[0,0],[0.443,-0.965],[0,0],[1.013,0.939],[0,0],[0.778,-0.722],[0,0],[0.577,1.256],[0,0],[0.996,-0.368],[0,0],[0.053,1.38],[0,0],[1.061,0.04],[0,0],[-0.479,1.295],[0,0],[0.965,0.443],[0,0],[-0.94,1.013],[0,0],[0.721,0.778],[0,0],[-1.256,0.576],[0,0],[0.369,0.996],[0,0],[-1.381,0.053],[0,0],[-0.04,1.061],[0,0],[-1.296,-0.479],[0,0],[-0.443,0.965],[0,0],[-1.013,-0.94],[0,0]],"o":[[0,0],[1.013,-0.94],[0,0],[0.443,0.965],[0,0],[1.295,-0.479],[0,0],[0.041,1.061],[0,0],[1.381,0.053],[0,0],[-0.368,0.996],[0,0],[1.255,0.576],[0,0],[-0.722,0.778],[0,0],[0.939,1.013],[0,0],[-0.964,0.443],[0,0],[0.48,1.295],[0,0],[-1.061,0.04],[0,0],[-0.052,1.38],[0,0],[-0.995,-0.368],[0,0],[-0.576,1.256],[0,0],[-0.779,-0.722],[0,0],[-1.013,0.939],[0,0],[-0.443,-0.965],[0,0],[-1.296,0.479],[0,0],[-0.04,-1.061],[0,0],[-1.381,-0.053],[0,0],[0.369,-0.995],[0,0],[-1.256,-0.576],[0,0],[0.721,-0.779],[0,0],[-0.94,-1.013],[0,0],[0.965,-0.444],[0,0],[-0.479,-1.295],[0,0],[1.061,-0.04],[0,0],[0.053,-1.38],[0,0],[0.996,0.368],[0,0],[0.577,-1.255],[0,0],[0.778,0.722]],"v":[[1.381,-16.257],[1.598,-16.458],[4.822,-15.816],[4.947,-15.548],[7.496,-14.49],[7.775,-14.594],[10.509,-12.768],[10.52,-12.471],[12.471,-10.52],[12.767,-10.508],[14.595,-7.775],[14.491,-7.497],[15.548,-4.945],[15.817,-4.822],[16.458,-1.598],[16.257,-1.38],[16.257,1.381],[16.458,1.598],[15.817,4.823],[15.548,4.947],[14.491,7.497],[14.595,7.775],[12.767,10.51],[12.471,10.52],[10.52,12.472],[10.509,12.768],[7.775,14.596],[7.496,14.492],[4.947,15.549],[4.822,15.817],[1.598,16.459],[1.381,16.258],[-1.379,16.258],[-1.598,16.459],[-4.822,15.817],[-4.947,15.549],[-7.496,14.492],[-7.774,14.596],[-10.509,12.768],[-10.52,12.472],[-12.472,10.52],[-12.767,10.51],[-14.595,7.775],[-14.491,7.497],[-15.548,4.947],[-15.816,4.823],[-16.457,1.598],[-16.257,1.381],[-16.257,-1.38],[-16.457,-1.598],[-15.816,-4.822],[-15.548,-4.945],[-14.491,-7.497],[-14.595,-7.775],[-12.767,-10.508],[-12.472,-10.52],[-10.52,-12.471],[-10.509,-12.768],[-7.774,-14.594],[-7.496,-14.49],[-4.947,-15.548],[-4.822,-15.816],[-1.598,-16.458],[-1.379,-16.257]],"c":true},"ix":2},"nm":"Path 1","mn":"ADBE Vector Shape - Group","hd":false},{"ty":"fl","c":{"a":0,"k":[0.741176470588,0.764705942191,0.847058883368,1],"ix":4,"x":"var $bm_rt;\ntry {\n    $bm_rt = thisComp.layer('Controller')('Effects')('Color 3')('ADBE Color Control-0001');\n} catch (e) {\n    $bm_rt = value;\n}"},"o":{"a":0,"k":100,"ix":5},"r":1,"bm":0,"nm":"Fill 1","mn":"ADBE Vector Graphic - Fill","hd":false},{"ty":"tr","p":{"a":0,"k":[39.25,54.253],"ix":2},"a":{"a":0,"k":[0,0],"ix":1},"s":{"a":0,"k":[100,100],"ix":3},"r":{"a":0,"k":0,"ix":6},"o":{"a":0,"k":100,"ix":7},"sk":{"a":0,"k":0,"ix":4},"sa":{"a":0,"k":0,"ix":5},"nm":"Transform"}],"nm":"Group 33","np":2,"cix":2,"bm":0,"ix":1,"mn":"ADBE Vector Group","hd":false}],"ip":0,"op":150,"st":0,"ct":1,"bm":0},{"ddd":0,"ind":15,"ty":4,"nm":"Layer 33 Outlines - Group 33","parent":18,"sr":1,"ks":{"o":{"a":0,"k":100,"ix":11},"r":{"a":0,"k":0,"ix":10},"p":{"a":0,"k":[252.248,322.002,0],"ix":2,"l":2},"a":{"a":0,"k":[39.25,54.253,0],"ix":1,"l":2},"s":{"a":1,"k":[{"i":{"x":[0.64,0.64,0.64],"y":[1,1,1]},"o":{"x":[0.36,0.36,0.36],"y":[0,0,0]},"t":0,"s":[450,450,100]},{"i":{"x":[0.64,0.64,0.64],"y":[1,1,1]},"o":{"x":[0.36,0.36,0.36],"y":[0,0,0]},"t":10,"s":[510,510,100]},{"i":{"x":[0.64,0.64,0.64],"y":[1,1,1]},"o":{"x":[0.36,0.36,0.36],"y":[0,0,0]},"t":20,"s":[400,400,100]},{"i":{"x":[0.64,0.64,0.64],"y":[1,1,1]},"o":{"x":[0.36,0.36,0.36],"y":[0,0,0]},"t":30,"s":[450,450,100]},{"i":{"x":[0.64,0.64,0.64],"y":[1,1,1]},"o":{"x":[0.36,0.36,0.36],"y":[0,0,0]},"t":75,"s":[450,450,100]},{"i":{"x":[0.64,0.64,0.64],"y":[1,1,1]},"o":{"x":[0.36,0.36,0.36],"y":[0,0,0]},"t":85,"s":[510,510,100]},{"i":{"x":[0.64,0.64,0.64],"y":[1,1,1]},"o":{"x":[0.36,0.36,0.36],"y":[0,0,0]},"t":95,"s":[400,400,100]},{"t":105,"s":[450,450,100]}],"ix":6,"l":2}},"ao":0,"shapes":[{"ty":"gr","it":[{"ind":0,"ty":"sh","ix":1,"ks":{"a":0,"k":{"i":[[-0.779,0.722],[0,0],[-0.576,-1.255],[0,0],[-0.995,0.368],[0,0],[-0.052,-1.38],[0,0],[-1.061,-0.04],[0,0],[0.48,-1.295],[0,0],[-0.964,-0.444],[0,0],[0.939,-1.013],[0,0],[-0.722,-0.779],[0,0],[1.255,-0.576],[0,0],[-0.368,-0.995],[0,0],[1.381,-0.053],[0,0],[0.041,-1.061],[0,0],[1.295,0.479],[0,0],[0.443,-0.965],[0,0],[1.013,0.939],[0,0],[0.778,-0.722],[0,0],[0.577,1.256],[0,0],[0.996,-0.368],[0,0],[0.053,1.38],[0,0],[1.061,0.04],[0,0],[-0.479,1.295],[0,0],[0.965,0.443],[0,0],[-0.94,1.013],[0,0],[0.721,0.778],[0,0],[-1.256,0.576],[0,0],[0.369,0.996],[0,0],[-1.381,0.053],[0,0],[-0.04,1.061],[0,0],[-1.296,-0.479],[0,0],[-0.443,0.965],[0,0],[-1.013,-0.94],[0,0]],"o":[[0,0],[1.013,-0.94],[0,0],[0.443,0.965],[0,0],[1.295,-0.479],[0,0],[0.041,1.061],[0,0],[1.381,0.053],[0,0],[-0.368,0.996],[0,0],[1.255,0.576],[0,0],[-0.722,0.778],[0,0],[0.939,1.013],[0,0],[-0.964,0.443],[0,0],[0.48,1.295],[0,0],[-1.061,0.04],[0,0],[-0.052,1.38],[0,0],[-0.995,-0.368],[0,0],[-0.576,1.256],[0,0],[-0.779,-0.722],[0,0],[-1.013,0.939],[0,0],[-0.443,-0.965],[0,0],[-1.296,0.479],[0,0],[-0.04,-1.061],[0,0],[-1.381,-0.053],[0,0],[0.369,-0.995],[0,0],[-1.256,-0.576],[0,0],[0.721,-0.779],[0,0],[-0.94,-1.013],[0,0],[0.965,-0.444],[0,0],[-0.479,-1.295],[0,0],[1.061,-0.04],[0,0],[0.053,-1.38],[0,0],[0.996,0.368],[0,0],[0.577,-1.255],[0,0],[0.778,0.722]],"v":[[1.381,-16.257],[1.598,-16.458],[4.822,-15.816],[4.947,-15.548],[7.496,-14.49],[7.775,-14.594],[10.509,-12.768],[10.52,-12.471],[12.471,-10.52],[12.767,-10.508],[14.595,-7.775],[14.491,-7.497],[15.548,-4.945],[15.817,-4.822],[16.458,-1.598],[16.257,-1.38],[16.257,1.381],[16.458,1.598],[15.817,4.823],[15.548,4.947],[14.491,7.497],[14.595,7.775],[12.767,10.51],[12.471,10.52],[10.52,12.472],[10.509,12.768],[7.775,14.596],[7.496,14.492],[4.947,15.549],[4.822,15.817],[1.598,16.459],[1.381,16.258],[-1.379,16.258],[-1.598,16.459],[-4.822,15.817],[-4.947,15.549],[-7.496,14.492],[-7.774,14.596],[-10.509,12.768],[-10.52,12.472],[-12.472,10.52],[-12.767,10.51],[-14.595,7.775],[-14.491,7.497],[-15.548,4.947],[-15.816,4.823],[-16.457,1.598],[-16.257,1.381],[-16.257,-1.38],[-16.457,-1.598],[-15.816,-4.822],[-15.548,-4.945],[-14.491,-7.497],[-14.595,-7.775],[-12.767,-10.508],[-12.472,-10.52],[-10.52,-12.471],[-10.509,-12.768],[-7.774,-14.594],[-7.496,-14.49],[-4.947,-15.548],[-4.822,-15.816],[-1.598,-16.458],[-1.379,-16.257]],"c":true},"ix":2},"nm":"Path 1","mn":"ADBE Vector Shape - Group","hd":false},{"ty":"fl","c":{"a":0,"k":[1,1,1,1],"ix":4,"x":"var $bm_rt;\ntry {\n    $bm_rt = thisComp.layer('Controller')('Effects')('Color 2')('ADBE Color Control-0001');\n} catch (e) {\n    $bm_rt = value;\n}"},"o":{"a":0,"k":100,"ix":5},"r":1,"bm":0,"nm":"Fill 1","mn":"ADBE Vector Graphic - Fill","hd":false},{"ty":"tr","p":{"a":0,"k":[39.25,54.253],"ix":2},"a":{"a":0,"k":[0,0],"ix":1},"s":{"a":0,"k":[100,100],"ix":3},"r":{"a":0,"k":0,"ix":6},"o":{"a":0,"k":100,"ix":7},"sk":{"a":0,"k":0,"ix":4},"sa":{"a":0,"k":0,"ix":5},"nm":"Transform"}],"nm":"Group 33","np":2,"cix":2,"bm":0,"ix":1,"mn":"ADBE Vector Group","hd":false}],"ip":0,"op":150,"st":0,"ct":1,"bm":0},{"ddd":0,"ind":16,"ty":4,"nm":"Layer 33 Outlines - Group 52 :M","parent":18,"td":1,"sr":1,"ks":{"o":{"a":0,"k":100,"ix":11},"r":{"a":0,"k":1.037,"ix":10},"p":{"a":0,"k":[259.31,200.333,0],"ix":2,"l":2},"a":{"a":0,"k":[258.655,200.211,0],"ix":1,"l":2},"s":{"a":0,"k":[100,100,100],"ix":6,"l":2}},"ao":0,"shapes":[{"ty":"gr","it":[{"ty":"gr","it":[{"ind":0,"ty":"sh","ix":1,"ks":{"a":0,"k":{"i":[[0,0],[0,0],[0,0],[0,-1.104],[0,0],[0,0]],"o":[[0,0],[0,0],[-1.105,0],[0,0],[0,0],[0,0]],"v":[[4.4,4.38],[4.4,-6.499],[-2.4,-6.499],[-4.4,-4.499],[-4.4,5.704],[-2.001,6.499]],"c":true},"ix":2},"nm":"Path 1","mn":"ADBE Vector Shape - Group","hd":false},{"ty":"fl","c":{"a":0,"k":[0.740999996662,0.764999985695,0.847000002861,1],"ix":4,"x":"var $bm_rt;\ntry {\n    $bm_rt = thisComp.layer('Controller')('Effects')('Color 3')('ADBE Color Control-0001');\n} catch (e) {\n    $bm_rt = value;\n}"},"o":{"a":0,"k":100,"ix":5},"r":1,"bm":0,"nm":"Fill 1","mn":"ADBE Vector Graphic - Fill","hd":false},{"ty":"tr","p":{"a":0,"k":[41.25,27.754],"ix":2},"a":{"a":0,"k":[0,0],"ix":1},"s":{"a":0,"k":[100,100],"ix":3},"r":{"a":0,"k":0,"ix":6},"o":{"a":0,"k":100,"ix":7},"sk":{"a":0,"k":0,"ix":4},"sa":{"a":0,"k":0,"ix":5},"nm":"Transform"}],"nm":"Group 23","np":2,"cix":2,"bm":0,"ix":1,"mn":"ADBE Vector Group","hd":false},{"ty":"tr","p":{"a":0,"k":[259.353,200.686],"ix":2},"a":{"a":0,"k":[41.25,27.754],"ix":1},"s":{"a":0,"k":[401.699,420.19],"ix":3},"r":{"a":0,"k":-1.037,"ix":6},"o":{"a":0,"k":100,"ix":7},"sk":{"a":0,"k":0,"ix":4},"sa":{"a":0,"k":0,"ix":5},"nm":"Transform"}],"nm":"Layer 33 Outlines - Group 552","np":1,"cix":2,"bm":0,"ix":1,"mn":"ADBE Vector Group","hd":false},{"ty":"gr","it":[{"ty":"gr","it":[{"ind":0,"ty":"sh","ix":1,"ks":{"a":0,"k":{"i":[[0,0],[0,0],[0,-0.553],[0,0],[0,0]],"o":[[0,0],[-0.552,0],[0,0],[0,0],[0,0]],"v":[[2.8,-4.777],[-1.8,-4.777],[-2.8,-3.777],[-2.8,4.777],[2.8,2.921]],"c":true},"ix":2},"nm":"Path 1","mn":"ADBE Vector Shape - Group","hd":false},{"ty":"fl","c":{"a":0,"k":[0.740999996662,0.764999985695,0.847000002861,1],"ix":4,"x":"var $bm_rt;\ntry {\n    $bm_rt = thisComp.layer('Controller')('Effects')('Color 3')('ADBE Color Control-0001');\n} catch (e) {\n    $bm_rt = value;\n}"},"o":{"a":0,"k":100,"ix":5},"r":1,"bm":0,"nm":"Fill 1","mn":"ADBE Vector Graphic - Fill","hd":false},{"ty":"tr","p":{"a":0,"k":[52.45,26.031],"ix":2},"a":{"a":0,"k":[0,0],"ix":1},"s":{"a":0,"k":[100,100],"ix":3},"r":{"a":0,"k":0,"ix":6},"o":{"a":0,"k":100,"ix":7},"sk":{"a":0,"k":0,"ix":4},"sa":{"a":0,"k":0,"ix":5},"nm":"Transform"}],"nm":"Group 24","np":2,"cix":2,"bm":0,"ix":1,"mn":"ADBE Vector Group","hd":false},{"ty":"tr","p":{"a":0,"k":[309.042,192.158],"ix":2},"a":{"a":0,"k":[52.45,26.031],"ix":1},"s":{"a":0,"k":[385.268,412.054],"ix":3},"r":{"a":0,"k":-1.037,"ix":6},"o":{"a":0,"k":100,"ix":7},"sk":{"a":0,"k":0,"ix":4},"sa":{"a":0,"k":0,"ix":5},"nm":"Transform"}],"nm":"Layer 33 Outlines - Group 551","np":1,"cix":2,"bm":0,"ix":2,"mn":"ADBE Vector Group","hd":false},{"ty":"gr","it":[{"ty":"gr","it":[{"ind":0,"ty":"sh","ix":1,"ks":{"a":0,"k":{"i":[[0,0],[0,0],[0,-1.104],[0,0],[0,0]],"o":[[0,0],[-1.104,0],[0,0],[0,0],[0,0]],"v":[[2.8,-5.439],[-0.8,-5.439],[-2.8,-3.439],[-2.8,3.583],[2.8,5.439]],"c":true},"ix":2},"nm":"Path 1","mn":"ADBE Vector Shape - Group","hd":false},{"ty":"fl","c":{"a":0,"k":[0.740999996662,0.764999985695,0.847000002861,1],"ix":4,"x":"var $bm_rt;\ntry {\n    $bm_rt = thisComp.layer('Controller')('Effects')('Color 3')('ADBE Color Control-0001');\n} catch (e) {\n    $bm_rt = value;\n}"},"o":{"a":0,"k":100,"ix":5},"r":1,"bm":0,"nm":"Fill 1","mn":"ADBE Vector Graphic - Fill","hd":false},{"ty":"tr","p":{"a":0,"k":[30.05,26.694],"ix":2},"a":{"a":0,"k":[0,0],"ix":1},"s":{"a":0,"k":[100,100],"ix":3},"r":{"a":0,"k":0,"ix":6},"o":{"a":0,"k":100,"ix":7},"sk":{"a":0,"k":0,"ix":4},"sa":{"a":0,"k":0,"ix":5},"nm":"Transform"}],"nm":"Group 25","np":2,"cix":2,"bm":0,"ix":1,"mn":"ADBE Vector Group","hd":false},{"ty":"tr","p":{"a":0,"k":[208.368,196.526],"ix":2},"a":{"a":0,"k":[30.05,26.694],"ix":1},"s":{"a":0,"k":[387.5,408.636],"ix":3},"r":{"a":0,"k":-1.037,"ix":6},"o":{"a":0,"k":100,"ix":7},"sk":{"a":0,"k":0,"ix":4},"sa":{"a":0,"k":0,"ix":5},"nm":"Transform"}],"nm":"Layer 33 Outlines - Group 550","np":1,"cix":2,"bm":0,"ix":3,"mn":"ADBE Vector Group","hd":false}],"ip":0,"op":150,"st":0,"ct":1,"bm":0},{"ddd":0,"ind":17,"ty":4,"nm":"Layer 33 Outlines - Group 23 :M","parent":18,"tt":1,"sr":1,"ks":{"o":{"a":0,"k":100,"ix":11},"r":{"a":0,"k":3.963,"ix":10},"p":{"a":0,"k":[259.046,198.933,0],"ix":2,"l":2},"a":{"a":0,"k":[256.433,198.553,0],"ix":1,"l":2},"s":{"a":0,"k":[100,100,100],"ix":6,"l":2}},"ao":0,"shapes":[{"ty":"gr","it":[{"ty":"gr","it":[{"ind":0,"ty":"sh","ix":1,"ks":{"a":0,"k":{"i":[[0,0],[0,0],[0,0],[0,-1.104],[0,0],[0,0]],"o":[[0,0],[0,0],[-1.105,0],[0,0],[0,0],[0,0]],"v":[[4.4,4.38],[4.4,-6.499],[-2.4,-6.499],[-4.4,-4.499],[-4.4,5.704],[-2.001,6.499]],"c":true},"ix":2},"nm":"Path 1","mn":"ADBE Vector Shape - Group","hd":false},{"ty":"fl","c":{"a":0,"k":[0.740999996662,0.764999985695,0.847000002861,1],"ix":4,"x":"var $bm_rt;\ntry {\n    $bm_rt = thisComp.layer('Controller')('Effects')('Color 3')('ADBE Color Control-0001');\n} catch (e) {\n    $bm_rt = value;\n}"},"o":{"a":0,"k":100,"ix":5},"r":1,"bm":0,"nm":"Fill 1","mn":"ADBE Vector Graphic - Fill","hd":false},{"ty":"tr","p":{"a":0,"k":[41.25,27.754],"ix":2},"a":{"a":0,"k":[0,0],"ix":1},"s":{"a":0,"k":[100,100],"ix":3},"r":{"a":0,"k":0,"ix":6},"o":{"a":0,"k":100,"ix":7},"sk":{"a":0,"k":0,"ix":4},"sa":{"a":0,"k":0,"ix":5},"nm":"Transform"}],"nm":"Group 23","np":2,"cix":2,"bm":0,"ix":1,"mn":"ADBE Vector Group","hd":false},{"ty":"tr","p":{"a":1,"k":[{"i":{"x":0.26,"y":1},"o":{"x":0.167,"y":0.17},"t":0,"s":[284.101,253.387],"to":[-4.431,-8.836],"ti":[4.431,8.836]},{"i":{"x":0.26,"y":0.26},"o":{"x":0.167,"y":0.167},"t":30,"s":[257.516,200.37],"to":[0,0],"ti":[0,0]},{"i":{"x":0.26,"y":1},"o":{"x":0.167,"y":0},"t":120,"s":[257.516,200.37],"to":[4.431,8.836],"ti":[-4.431,-8.836]},{"t":140,"s":[284.101,253.387]}],"ix":2},"a":{"a":0,"k":[41.25,27.754],"ix":1},"s":{"a":0,"k":[401.699,420.19],"ix":3},"r":{"a":0,"k":-3.963,"ix":6},"o":{"a":0,"k":100,"ix":7},"sk":{"a":0,"k":0,"ix":4},"sa":{"a":0,"k":0,"ix":5},"nm":"Transform"}],"nm":"Layer 33 Outlines - Group 223","np":1,"cix":2,"bm":0,"ix":1,"mn":"ADBE Vector Group","hd":false},{"ty":"gr","it":[{"ty":"gr","it":[{"ind":0,"ty":"sh","ix":1,"ks":{"a":0,"k":{"i":[[0,0],[0,0],[0,-0.553],[0,0],[0,0]],"o":[[0,0],[-0.552,0],[0,0],[0,0],[0,0]],"v":[[2.8,-4.777],[-1.8,-4.777],[-2.8,-3.777],[-2.8,4.777],[2.8,2.921]],"c":true},"ix":2},"nm":"Path 1","mn":"ADBE Vector Shape - Group","hd":false},{"ty":"fl","c":{"a":0,"k":[0.740999996662,0.764999985695,0.847000002861,1],"ix":4,"x":"var $bm_rt;\ntry {\n    $bm_rt = thisComp.layer('Controller')('Effects')('Color 3')('ADBE Color Control-0001');\n} catch (e) {\n    $bm_rt = value;\n}"},"o":{"a":0,"k":100,"ix":5},"r":1,"bm":0,"nm":"Fill 1","mn":"ADBE Vector Graphic - Fill","hd":false},{"ty":"tr","p":{"a":0,"k":[52.45,26.031],"ix":2},"a":{"a":0,"k":[0,0],"ix":1},"s":{"a":0,"k":[100,100],"ix":3},"r":{"a":0,"k":0,"ix":6},"o":{"a":0,"k":100,"ix":7},"sk":{"a":0,"k":0,"ix":4},"sa":{"a":0,"k":0,"ix":5},"nm":"Transform"}],"nm":"Group 24","np":2,"cix":2,"bm":0,"ix":1,"mn":"ADBE Vector Group","hd":false},{"ty":"tr","p":{"a":1,"k":[{"i":{"x":0.26,"y":1},"o":{"x":0.167,"y":0.167},"t":5,"s":[332.499,221.611],"to":[-4.299,-5.382],"ti":[4.299,5.382]},{"i":{"x":0.26,"y":0.26},"o":{"x":0.167,"y":0.167},"t":35,"s":[306.705,189.316],"to":[0,0],"ti":[0,0]},{"i":{"x":0.833,"y":1},"o":{"x":0.167,"y":0},"t":120,"s":[306.705,189.316],"to":[4.299,5.382],"ti":[-4.299,-5.382]},{"t":140,"s":[332.499,221.611]}],"ix":2},"a":{"a":0,"k":[52.45,26.031],"ix":1},"s":{"a":0,"k":[385.268,412.054],"ix":3},"r":{"a":0,"k":-3.963,"ix":6},"o":{"a":0,"k":100,"ix":7},"sk":{"a":0,"k":0,"ix":4},"sa":{"a":0,"k":0,"ix":5},"nm":"Transform"}],"nm":"Layer 33 Outlines - Group 224","np":1,"cix":2,"bm":0,"ix":2,"mn":"ADBE Vector Group","hd":false},{"ty":"gr","it":[{"ty":"gr","it":[{"ind":0,"ty":"sh","ix":1,"ks":{"a":0,"k":{"i":[[0,0],[0,0],[0,-1.104],[0,0],[0,0]],"o":[[0,0],[-1.104,0],[0,0],[0,0],[0,0]],"v":[[2.8,-5.439],[-0.8,-5.439],[-2.8,-3.439],[-2.8,3.583],[2.8,5.439]],"c":true},"ix":2},"nm":"Path 1","mn":"ADBE Vector Shape - Group","hd":false},{"ty":"fl","c":{"a":0,"k":[0.740999996662,0.764999985695,0.847000002861,1],"ix":4,"x":"var $bm_rt;\ntry {\n    $bm_rt = thisComp.layer('Controller')('Effects')('Color 3')('ADBE Color Control-0001');\n} catch (e) {\n    $bm_rt = value;\n}"},"o":{"a":0,"k":100,"ix":5},"r":1,"bm":0,"nm":"Fill 1","mn":"ADBE Vector Graphic - Fill","hd":false},{"ty":"tr","p":{"a":0,"k":[30.05,26.694],"ix":2},"a":{"a":0,"k":[0,0],"ix":1},"s":{"a":0,"k":[100,100],"ix":3},"r":{"a":0,"k":0,"ix":6},"o":{"a":0,"k":100,"ix":7},"sk":{"a":0,"k":0,"ix":4},"sa":{"a":0,"k":0,"ix":5},"nm":"Transform"}],"nm":"Group 25","np":2,"cix":2,"bm":0,"ix":1,"mn":"ADBE Vector Group","hd":false},{"ty":"tr","p":{"a":1,"k":[{"i":{"x":0.26,"y":1},"o":{"x":0.167,"y":0.167},"t":5,"s":[229.946,242.294],"to":[-3.927,-7.246],"ti":[3.927,7.246]},{"i":{"x":0.26,"y":0.26},"o":{"x":0.167,"y":0.167},"t":35,"s":[206.385,198.818],"to":[0,0],"ti":[0,0]},{"i":{"x":0.833,"y":1},"o":{"x":0.167,"y":0},"t":120,"s":[206.385,198.818],"to":[3.927,7.246],"ti":[-3.927,-7.246]},{"t":140,"s":[229.946,242.294]}],"ix":2},"a":{"a":0,"k":[30.05,26.694],"ix":1},"s":{"a":0,"k":[387.5,408.636],"ix":3},"r":{"a":0,"k":-3.963,"ix":6},"o":{"a":0,"k":100,"ix":7},"sk":{"a":0,"k":0,"ix":4},"sa":{"a":0,"k":0,"ix":5},"nm":"Transform"}],"nm":"Layer 33 Outlines - Group 225","np":1,"cix":2,"bm":0,"ix":3,"mn":"ADBE Vector Group","hd":false}],"ip":0,"op":150,"st":0,"ct":1,"bm":0},{"ddd":0,"ind":18,"ty":4,"nm":"Layer 33 Outlines - Group 20 :M","parent":19,"sr":1,"ks":{"o":{"a":0,"k":100,"ix":11},"r":{"a":0,"k":0,"ix":10},"p":{"a":0,"k":[252.248,152.131,0],"ix":2,"l":2},"a":{"a":0,"k":[252.248,152.131,0],"ix":1,"l":2},"s":{"a":1,"k":[{"i":{"x":[0.64,0.64,0.64],"y":[1,1,1]},"o":{"x":[0.36,0.36,0.36],"y":[0,0,0]},"t":0,"s":[100,100,100]},{"i":{"x":[0.64,0.64,0.64],"y":[1,1,1]},"o":{"x":[0.36,0.36,0.36],"y":[0,0,0]},"t":10,"s":[105,105,100]},{"i":{"x":[0.64,0.64,0.64],"y":[1,1,1]},"o":{"x":[0.36,0.36,0.36],"y":[0,0,0]},"t":20,"s":[90,90,100]},{"i":{"x":[0.64,0.64,0.64],"y":[1,1,1]},"o":{"x":[0.36,0.36,0.36],"y":[0,0,0]},"t":30,"s":[100,100,100]},{"i":{"x":[0.64,0.64,0.64],"y":[1,1,1]},"o":{"x":[0.36,0.36,0.36],"y":[0,0,0]},"t":75,"s":[100,100,100]},{"i":{"x":[0.64,0.64,0.64],"y":[1,1,1]},"o":{"x":[0.36,0.36,0.36],"y":[0,0,0]},"t":85,"s":[105,105,100]},{"i":{"x":[0.64,0.64,0.64],"y":[1,1,1]},"o":{"x":[0.36,0.36,0.36],"y":[0,0,0]},"t":95,"s":[90,90,100]},{"t":105,"s":[100,100,100]}],"ix":6,"l":2}},"ao":0,"shapes":[{"ty":"gr","it":[{"ty":"gr","it":[{"ind":0,"ty":"sh","ix":1,"ks":{"a":0,"k":{"i":[[0,0],[0,0],[0,0],[0,0],[0,0]],"o":[[0,0],[0,0],[0,0],[0,0],[0,0]],"v":[[-5.65,5.838],[0,7.71],[5.65,5.838],[5.65,-7.75],[-5.65,-7.75]],"c":true},"ix":2},"nm":"Path 1","mn":"ADBE Vector Shape - Group","hd":false},{"ind":1,"ty":"sh","ix":2,"ks":{"a":0,"k":{"i":[[0.079,0],[0.077,0.025],[0,0],[0,0.323],[0,0],[-0.414,0],[0,0],[0,-0.414],[0,0],[0.307,-0.102],[0,0]],"o":[[-0.08,0],[0,0],[-0.307,-0.102],[0,0],[0,-0.414],[0,0],[0.414,0],[0,0],[0,0.323],[0,0],[-0.077,0.025]],"v":[[0,9.25],[-0.236,9.212],[-6.636,7.092],[-7.15,6.38],[-7.15,-8.5],[-6.4,-9.25],[6.4,-9.25],[7.15,-8.5],[7.15,6.38],[6.636,7.092],[0.236,9.212]],"c":true},"ix":2},"nm":"Path 2","mn":"ADBE Vector Shape - Group","hd":false},{"ty":"mm","mm":1,"nm":"Merge Paths 1","mn":"ADBE Vector Filter - Merge","hd":false},{"ty":"fl","c":{"a":0,"k":[0.128999993205,0.211999997497,0.372999995947,1],"ix":4,"x":"var $bm_rt;\ntry {\n    $bm_rt = thisComp.layer('Controller')('Effects')('Color')('ADBE Color Control-0001');\n} catch (e) {\n    $bm_rt = value;\n}"},"o":{"a":0,"k":100,"ix":5},"r":1,"bm":0,"nm":"Fill 1","mn":"ADBE Vector Graphic - Fill","hd":false},{"ty":"tr","p":{"a":0,"k":[39.25,25.754],"ix":2},"a":{"a":0,"k":[0,0],"ix":1},"s":{"a":0,"k":[100,100],"ix":3},"r":{"a":0,"k":0,"ix":6},"o":{"a":0,"k":100,"ix":7},"sk":{"a":0,"k":0,"ix":4},"sa":{"a":0,"k":0,"ix":5},"nm":"Transform"}],"nm":"Group 20","np":4,"cix":2,"bm":0,"ix":1,"mn":"ADBE Vector Group","hd":false},{"ty":"tr","p":{"a":0,"k":[252.248,193.756],"ix":2},"a":{"a":0,"k":[39.25,25.754],"ix":1},"s":{"a":0,"k":[450,450],"ix":3},"r":{"a":0,"k":0,"ix":6},"o":{"a":0,"k":100,"ix":7},"sk":{"a":0,"k":0,"ix":4},"sa":{"a":0,"k":0,"ix":5},"nm":"Transform"}],"nm":"Layer 33 Outlines - Group 220","np":1,"cix":2,"bm":0,"ix":1,"mn":"ADBE Vector Group","hd":false},{"ty":"gr","it":[{"ty":"gr","it":[{"ind":0,"ty":"sh","ix":1,"ks":{"a":0,"k":{"i":[[0,0],[0,0],[0,0],[0,0]],"o":[[0,0],[0,0],[0,0],[0,0]],"v":[[-4.05,-6.69],[-4.05,6.401],[4.05,3.716],[4.05,-6.69]],"c":true},"ix":2},"nm":"Path 1","mn":"ADBE Vector Shape - Group","hd":false},{"ind":1,"ty":"sh","ix":2,"ks":{"a":0,"k":{"i":[[0.079,0],[0.129,0.093],[0,0.241],[0,0],[-0.414,0],[0,0],[0,-0.414],[0,0],[0.307,-0.101],[0,0]],"o":[[-0.156,0],[-0.195,-0.141],[0,0],[0,-0.414],[0,0],[0.414,0],[0,0],[0,0.323],[0,0],[-0.077,0.025]],"v":[[-4.8,8.19],[-5.239,8.048],[-5.55,7.44],[-5.55,-7.44],[-4.8,-8.19],[4.8,-8.19],[5.55,-7.44],[5.55,4.258],[5.036,4.97],[-4.564,8.152]],"c":true},"ix":2},"nm":"Path 2","mn":"ADBE Vector Shape - Group","hd":false},{"ty":"mm","mm":1,"nm":"Merge Paths 1","mn":"ADBE Vector Filter - Merge","hd":false},{"ty":"fl","c":{"a":0,"k":[0.128999993205,0.211999997497,0.372999995947,1],"ix":4,"x":"var $bm_rt;\ntry {\n    $bm_rt = thisComp.layer('Controller')('Effects')('Color')('ADBE Color Control-0001');\n} catch (e) {\n    $bm_rt = value;\n}"},"o":{"a":0,"k":100,"ix":5},"r":1,"bm":0,"nm":"Fill 1","mn":"ADBE Vector Graphic - Fill","hd":false},{"ty":"tr","p":{"a":0,"k":[50.45,24.694],"ix":2},"a":{"a":0,"k":[0,0],"ix":1},"s":{"a":0,"k":[100,100],"ix":3},"r":{"a":0,"k":0,"ix":6},"o":{"a":0,"k":100,"ix":7},"sk":{"a":0,"k":0,"ix":4},"sa":{"a":0,"k":0,"ix":5},"nm":"Transform"}],"nm":"Group 21","np":4,"cix":2,"bm":0,"ix":1,"mn":"ADBE Vector Group","hd":false},{"ty":"tr","p":{"a":0,"k":[302.647,188.987],"ix":2},"a":{"a":0,"k":[50.45,24.694],"ix":1},"s":{"a":0,"k":[450,450],"ix":3},"r":{"a":0,"k":0,"ix":6},"o":{"a":0,"k":100,"ix":7},"sk":{"a":0,"k":0,"ix":4},"sa":{"a":0,"k":0,"ix":5},"nm":"Transform"}],"nm":"Layer 33 Outlines - Group 221","np":1,"cix":2,"bm":0,"ix":2,"mn":"ADBE Vector Group","hd":false},{"ty":"gr","it":[{"ty":"gr","it":[{"ind":0,"ty":"sh","ix":1,"ks":{"a":0,"k":{"i":[[0,0],[0,0],[0,0],[0,0]],"o":[[0,0],[0,0],[0,0],[0,0]],"v":[[-4.05,3.716],[4.05,6.401],[4.05,-6.69],[-4.05,-6.69]],"c":true},"ix":2},"nm":"Path 1","mn":"ADBE Vector Shape - Group","hd":false},{"ind":1,"ty":"sh","ix":2,"ks":{"a":0,"k":{"i":[[0.156,0],[0.077,0.025],[0,0],[0,0.323],[0,0],[-0.414,0],[0,0],[0,-0.414],[0,0],[0.195,-0.142]],"o":[[-0.079,0],[0,0],[-0.307,-0.102],[0,0],[0,-0.414],[0,0],[0.414,0],[0,0],[0,0.241],[-0.129,0.093]],"v":[[4.8,8.19],[4.564,8.152],[-5.036,4.97],[-5.55,4.258],[-5.55,-7.44],[-4.8,-8.19],[4.8,-8.19],[5.55,-7.44],[5.55,7.44],[5.239,8.048]],"c":true},"ix":2},"nm":"Path 2","mn":"ADBE Vector Shape - Group","hd":false},{"ty":"mm","mm":1,"nm":"Merge Paths 1","mn":"ADBE Vector Filter - Merge","hd":false},{"ty":"fl","c":{"a":0,"k":[0.128999993205,0.211999997497,0.372999995947,1],"ix":4,"x":"var $bm_rt;\ntry {\n    $bm_rt = thisComp.layer('Controller')('Effects')('Color')('ADBE Color Control-0001');\n} catch (e) {\n    $bm_rt = value;\n}"},"o":{"a":0,"k":100,"ix":5},"r":1,"bm":0,"nm":"Fill 1","mn":"ADBE Vector Graphic - Fill","hd":false},{"ty":"tr","p":{"a":0,"k":[28.05,24.694],"ix":2},"a":{"a":0,"k":[0,0],"ix":1},"s":{"a":0,"k":[100,100],"ix":3},"r":{"a":0,"k":0,"ix":6},"o":{"a":0,"k":100,"ix":7},"sk":{"a":0,"k":0,"ix":4},"sa":{"a":0,"k":0,"ix":5},"nm":"Transform"}],"nm":"Group 22","np":4,"cix":2,"bm":0,"ix":1,"mn":"ADBE Vector Group","hd":false},{"ty":"tr","p":{"a":0,"k":[201.848,188.987],"ix":2},"a":{"a":0,"k":[28.05,24.694],"ix":1},"s":{"a":0,"k":[450,450],"ix":3},"r":{"a":0,"k":0,"ix":6},"o":{"a":0,"k":100,"ix":7},"sk":{"a":0,"k":0,"ix":4},"sa":{"a":0,"k":0,"ix":5},"nm":"Transform"}],"nm":"Layer 33 Outlines - Group 222","np":1,"cix":2,"bm":0,"ix":3,"mn":"ADBE Vector Group","hd":false},{"ty":"gr","it":[{"ty":"gr","it":[{"ind":0,"ty":"sh","ix":1,"ks":{"a":0,"k":{"i":[[0,0],[0,0],[0,0],[0,0],[0,0]],"o":[[0,0],[0,0],[0,0],[0,0],[0,0]],"v":[[-6.4,-8.5],[-6.4,6.38],[0,8.5],[6.4,6.38],[6.4,-8.5]],"c":true},"ix":2},"nm":"Path 1","mn":"ADBE Vector Shape - Group","hd":false},{"ty":"fl","c":{"a":0,"k":[1,1,1,1],"ix":4,"x":"var $bm_rt;\ntry {\n    $bm_rt = thisComp.layer('Controller')('Effects')('Color 2')('ADBE Color Control-0001');\n} catch (e) {\n    $bm_rt = value;\n}"},"o":{"a":0,"k":100,"ix":5},"r":1,"bm":0,"nm":"Fill 1","mn":"ADBE Vector Graphic - Fill","hd":false},{"ty":"tr","p":{"a":0,"k":[39.25,25.754],"ix":2},"a":{"a":0,"k":[0,0],"ix":1},"s":{"a":0,"k":[100,100],"ix":3},"r":{"a":0,"k":0,"ix":6},"o":{"a":0,"k":100,"ix":7},"sk":{"a":0,"k":0,"ix":4},"sa":{"a":0,"k":0,"ix":5},"nm":"Transform"}],"nm":"Group 26","np":2,"cix":2,"bm":0,"ix":1,"mn":"ADBE Vector Group","hd":false},{"ty":"tr","p":{"a":0,"k":[252.248,193.757],"ix":2},"a":{"a":0,"k":[39.25,25.754],"ix":1},"s":{"a":0,"k":[450,450],"ix":3},"r":{"a":0,"k":0,"ix":6},"o":{"a":0,"k":100,"ix":7},"sk":{"a":0,"k":0,"ix":4},"sa":{"a":0,"k":0,"ix":5},"nm":"Transform"}],"nm":"Layer 33 Outlines - Group 226","np":1,"cix":2,"bm":0,"ix":4,"mn":"ADBE Vector Group","hd":false},{"ty":"gr","it":[{"ty":"gr","it":[{"ind":0,"ty":"sh","ix":1,"ks":{"a":0,"k":{"i":[[0,0],[0,0],[0,0],[0,0]],"o":[[0,0],[0,0],[0,0],[0,0]],"v":[[4.8,-7.44],[-4.8,-7.44],[-4.8,7.44],[4.8,4.258]],"c":true},"ix":2},"nm":"Path 1","mn":"ADBE Vector Shape - Group","hd":false},{"ty":"fl","c":{"a":0,"k":[1,1,1,1],"ix":4,"x":"var $bm_rt;\ntry {\n    $bm_rt = thisComp.layer('Controller')('Effects')('Color 2')('ADBE Color Control-0001');\n} catch (e) {\n    $bm_rt = value;\n}"},"o":{"a":0,"k":100,"ix":5},"r":1,"bm":0,"nm":"Fill 1","mn":"ADBE Vector Graphic - Fill","hd":false},{"ty":"tr","p":{"a":0,"k":[50.45,24.694],"ix":2},"a":{"a":0,"k":[0,0],"ix":1},"s":{"a":0,"k":[100,100],"ix":3},"r":{"a":0,"k":0,"ix":6},"o":{"a":0,"k":100,"ix":7},"sk":{"a":0,"k":0,"ix":4},"sa":{"a":0,"k":0,"ix":5},"nm":"Transform"}],"nm":"Group 27","np":2,"cix":2,"bm":0,"ix":1,"mn":"ADBE Vector Group","hd":false},{"ty":"tr","p":{"a":0,"k":[302.648,188.987],"ix":2},"a":{"a":0,"k":[50.45,24.694],"ix":1},"s":{"a":0,"k":[450,450],"ix":3},"r":{"a":0,"k":0,"ix":6},"o":{"a":0,"k":100,"ix":7},"sk":{"a":0,"k":0,"ix":4},"sa":{"a":0,"k":0,"ix":5},"nm":"Transform"}],"nm":"Layer 33 Outlines - Group 227","np":1,"cix":2,"bm":0,"ix":5,"mn":"ADBE Vector Group","hd":false},{"ty":"gr","it":[{"ty":"gr","it":[{"ind":0,"ty":"sh","ix":1,"ks":{"a":0,"k":{"i":[[0,0],[0,0],[0,0],[0,0]],"o":[[0,0],[0,0],[0,0],[0,0]],"v":[[4.8,-7.44],[-4.8,-7.44],[-4.8,4.258],[4.8,7.44]],"c":true},"ix":2},"nm":"Path 1","mn":"ADBE Vector Shape - Group","hd":false},{"ty":"fl","c":{"a":0,"k":[1,1,1,1],"ix":4,"x":"var $bm_rt;\ntry {\n    $bm_rt = thisComp.layer('Controller')('Effects')('Color 2')('ADBE Color Control-0001');\n} catch (e) {\n    $bm_rt = value;\n}"},"o":{"a":0,"k":100,"ix":5},"r":1,"bm":0,"nm":"Fill 1","mn":"ADBE Vector Graphic - Fill","hd":false},{"ty":"tr","p":{"a":0,"k":[28.05,24.694],"ix":2},"a":{"a":0,"k":[0,0],"ix":1},"s":{"a":0,"k":[100,100],"ix":3},"r":{"a":0,"k":0,"ix":6},"o":{"a":0,"k":100,"ix":7},"sk":{"a":0,"k":0,"ix":4},"sa":{"a":0,"k":0,"ix":5},"nm":"Transform"}],"nm":"Group 28","np":2,"cix":2,"bm":0,"ix":1,"mn":"ADBE Vector Group","hd":false},{"ty":"tr","p":{"a":0,"k":[201.848,188.987],"ix":2},"a":{"a":0,"k":[28.05,24.694],"ix":1},"s":{"a":0,"k":[450,450],"ix":3},"r":{"a":0,"k":0,"ix":6},"o":{"a":0,"k":100,"ix":7},"sk":{"a":0,"k":0,"ix":4},"sa":{"a":0,"k":0,"ix":5},"nm":"Transform"}],"nm":"Layer 33 Outlines - Group 228","np":1,"cix":2,"bm":0,"ix":6,"mn":"ADBE Vector Group","hd":false}],"ip":0,"op":150,"st":0,"ct":1,"bm":0},{"ddd":0,"ind":19,"ty":4,"nm":"Layer 33 Outlines - Group 15 :M","parent":2,"sr":1,"ks":{"o":{"a":0,"k":100,"ix":11},"r":{"a":0,"k":0,"ix":10},"p":{"a":0,"k":[40.253,4.246,0],"ix":2,"l":2},"a":{"a":0,"k":[252.248,236.495,0],"ix":1,"l":2},"s":{"a":1,"k":[{"i":{"x":[0.64,0.64,0.64],"y":[1,1,1]},"o":{"x":[0.36,0.36,0.36],"y":[0,0,0]},"t":0,"s":[100,100,100]},{"i":{"x":[0.64,0.64,0.64],"y":[1,1,1]},"o":{"x":[0.36,0.36,0.36],"y":[0,0,0]},"t":15,"s":[120,120,100]},{"i":{"x":[0.64,0.64,0.64],"y":[1,1,1]},"o":{"x":[0.167,0.167,0.167],"y":[0,0,0]},"t":45,"s":[100,100,100]},{"i":{"x":[0.64,0.64,0.64],"y":[1,1,1]},"o":{"x":[0.36,0.36,0.36],"y":[0,0,0]},"t":75,"s":[100,100,100]},{"i":{"x":[0.64,0.64,0.64],"y":[1,1,1]},"o":{"x":[0.36,0.36,0.36],"y":[0,0,0]},"t":90,"s":[120,120,100]},{"t":120,"s":[100,100,100]}],"ix":6,"l":2}},"ao":0,"shapes":[{"ty":"gr","it":[{"ty":"gr","it":[{"ind":0,"ty":"sh","ix":1,"ks":{"a":0,"k":{"i":[[0,0],[0,0],[0,0]],"o":[[0,0],[0,0],[0,0]],"v":[[-3.779,-3.75],[-3.779,2.689],[2.659,-3.75]],"c":true},"ix":2},"nm":"Path 1","mn":"ADBE Vector Shape - Group","hd":false},{"ind":1,"ty":"sh","ix":2,"ks":{"a":0,"k":{"i":[[0.195,0],[0.093,0.038],[0,0.304],[0,0],[-0.414,0],[0,0],[-0.116,-0.28],[0.215,-0.215],[0,0]],"o":[[-0.097,0],[-0.28,-0.116],[0,0],[0,-0.414],[0,0],[0.303,0],[0.116,0.28],[0,0],[-0.143,0.144]],"v":[[-4.529,5.25],[-4.817,5.193],[-5.279,4.5],[-5.279,-4.5],[-4.529,-5.25],[4.471,-5.25],[5.164,-4.787],[5,-3.97],[-4,5.03]],"c":true},"ix":2},"nm":"Path 2","mn":"ADBE Vector Shape - Group","hd":false},{"ty":"mm","mm":1,"nm":"Merge Paths 1","mn":"ADBE Vector Filter - Merge","hd":false},{"ty":"fl","c":{"a":0,"k":[0.128999993205,0.211999997497,0.372999995947,1],"ix":4,"x":"var $bm_rt;\ntry {\n    $bm_rt = thisComp.layer('Controller')('Effects')('Color')('ADBE Color Control-0001');\n} catch (e) {\n    $bm_rt = value;\n}"},"o":{"a":0,"k":100,"ix":5},"r":1,"bm":0,"nm":"Fill 1","mn":"ADBE Vector Graphic - Fill","hd":false},{"ty":"tr","p":{"a":0,"k":[66.779,58.753],"ix":2},"a":{"a":0,"k":[0,0],"ix":1},"s":{"a":0,"k":[100,100],"ix":3},"r":{"a":0,"k":0,"ix":6},"o":{"a":0,"k":100,"ix":7},"sk":{"a":0,"k":0,"ix":4},"sa":{"a":0,"k":0,"ix":5},"nm":"Transform"}],"nm":"Group 15","np":4,"cix":2,"bm":0,"ix":1,"mn":"ADBE Vector Group","hd":false},{"ty":"tr","p":{"a":0,"k":[375.998,342.252],"ix":2},"a":{"a":0,"k":[66.75,58.753],"ix":1},"s":{"a":0,"k":[450,450],"ix":3},"r":{"a":0,"k":0,"ix":6},"o":{"a":0,"k":100,"ix":7},"sk":{"a":0,"k":0,"ix":4},"sa":{"a":0,"k":0,"ix":5},"nm":"Transform"}],"nm":"Layer 33 Outlines - Group 115","np":1,"cix":2,"bm":0,"ix":1,"mn":"ADBE Vector Group","hd":false},{"ty":"gr","it":[{"ty":"gr","it":[{"ind":0,"ty":"sh","ix":1,"ks":{"a":0,"k":{"i":[[0,0],[0,0],[0,0]],"o":[[0,0],[0,0],[0,0]],"v":[[-4.5,4.5],[4.5,-4.5],[-4.5,-4.5]],"c":true},"ix":2},"nm":"Path 1","mn":"ADBE Vector Shape - Group","hd":false},{"ty":"fl","c":{"a":0,"k":[1,1,1,1],"ix":4,"x":"var $bm_rt;\ntry {\n    $bm_rt = thisComp.layer('Controller')('Effects')('Color 2')('ADBE Color Control-0001');\n} catch (e) {\n    $bm_rt = value;\n}"},"o":{"a":0,"k":100,"ix":5},"r":1,"bm":0,"nm":"Fill 1","mn":"ADBE Vector Graphic - Fill","hd":false},{"ty":"tr","p":{"a":0,"k":[66.75,58.753],"ix":2},"a":{"a":0,"k":[0,0],"ix":1},"s":{"a":0,"k":[100,100],"ix":3},"r":{"a":0,"k":0,"ix":6},"o":{"a":0,"k":100,"ix":7},"sk":{"a":0,"k":0,"ix":4},"sa":{"a":0,"k":0,"ix":5},"nm":"Transform"}],"nm":"Group 16","np":2,"cix":2,"bm":0,"ix":1,"mn":"ADBE Vector Group","hd":false},{"ty":"tr","p":{"a":0,"k":[375.998,342.252],"ix":2},"a":{"a":0,"k":[66.75,58.753],"ix":1},"s":{"a":0,"k":[450,450],"ix":3},"r":{"a":0,"k":0,"ix":6},"o":{"a":0,"k":100,"ix":7},"sk":{"a":0,"k":0,"ix":4},"sa":{"a":0,"k":0,"ix":5},"nm":"Transform"}],"nm":"Layer 33 Outlines - Group 116","np":1,"cix":2,"bm":0,"ix":2,"mn":"ADBE Vector Group","hd":false},{"ty":"gr","it":[{"ty":"gr","it":[{"ind":0,"ty":"sh","ix":1,"ks":{"a":0,"k":{"i":[[0,0],[0,0],[0,0],[1.241,0],[0,0],[0,-1.24]],"o":[[0,0],[0,0],[0,-1.24],[0,0],[-1.241,0],[0,0]],"v":[[-31.25,4.25],[31.25,4.25],[31.25,-2],[29,-4.25],[-29,-4.25],[-31.25,-2]],"c":true},"ix":2},"nm":"Path 1","mn":"ADBE Vector Shape - Group","hd":false},{"ind":1,"ty":"sh","ix":2,"ks":{"a":0,"k":{"i":[[0.414,0],[0,0],[0,0.414],[0,0],[-2.068,0],[0,0],[0,-2.067],[0,0]],"o":[[0,0],[-0.414,0],[0,0],[0,-2.067],[0,0],[2.068,0],[0,0],[0,0.414]],"v":[[32,5.75],[-32,5.75],[-32.75,5],[-32.75,-2],[-29,-5.75],[29,-5.75],[32.75,-2],[32.75,5]],"c":true},"ix":2},"nm":"Path 2","mn":"ADBE Vector Shape - Group","hd":false},{"ty":"mm","mm":1,"nm":"Merge Paths 1","mn":"ADBE Vector Filter - Merge","hd":false},{"ty":"fl","c":{"a":0,"k":[0.128999993205,0.211999997497,0.372999995947,1],"ix":4,"x":"var $bm_rt;\ntry {\n    $bm_rt = thisComp.layer('Controller')('Effects')('Color')('ADBE Color Control-0001');\n} catch (e) {\n    $bm_rt = value;\n}"},"o":{"a":0,"k":100,"ix":5},"r":1,"bm":0,"nm":"Fill 1","mn":"ADBE Vector Graphic - Fill","hd":false},{"ty":"tr","p":{"a":0,"k":[39.25,12.25],"ix":2},"a":{"a":0,"k":[0,0],"ix":1},"s":{"a":0,"k":[100,100],"ix":3},"r":{"a":0,"k":0,"ix":6},"o":{"a":0,"k":100,"ix":7},"sk":{"a":0,"k":0,"ix":4},"sa":{"a":0,"k":0,"ix":5},"nm":"Transform"}],"nm":"Group 37","np":4,"cix":2,"bm":0,"ix":1,"mn":"ADBE Vector Group","hd":false},{"ty":"tr","p":{"a":0,"k":[252.248,132.989],"ix":2},"a":{"a":0,"k":[39.25,12.25],"ix":1},"s":{"a":0,"k":[450,450],"ix":3},"r":{"a":0,"k":0,"ix":6},"o":{"a":0,"k":100,"ix":7},"sk":{"a":0,"k":0,"ix":4},"sa":{"a":0,"k":0,"ix":5},"nm":"Transform"}],"nm":"Layer 33 Outlines - Group 337","np":1,"cix":2,"bm":0,"ix":3,"mn":"ADBE Vector Group","hd":false},{"ty":"gr","it":[{"ty":"gr","it":[{"ind":0,"ty":"sh","ix":1,"ks":{"a":0,"k":{"i":[[0,0],[0,0],[0,0],[-1.104,0],[0,0]],"o":[[0,0],[0,0],[0,-1.104],[0,0],[0,0]],"v":[[27,3.5],[-27,3.5],[-27,-1.5],[-25,-3.5],[27,-3.5]],"c":true},"ix":2},"nm":"Path 1","mn":"ADBE Vector Shape - Group","hd":false},{"ty":"fl","c":{"a":0,"k":[0.740999996662,0.764999985695,0.847000002861,1],"ix":4,"x":"var $bm_rt;\ntry {\n    $bm_rt = thisComp.layer('Controller')('Effects')('Color 3')('ADBE Color Control-0001');\n} catch (e) {\n    $bm_rt = value;\n}"},"o":{"a":0,"k":100,"ix":5},"r":1,"bm":0,"nm":"Fill 1","mn":"ADBE Vector Graphic - Fill","hd":false},{"ty":"tr","p":{"a":0,"k":[44.251,13.75],"ix":2},"a":{"a":0,"k":[0,0],"ix":1},"s":{"a":0,"k":[100,100],"ix":3},"r":{"a":0,"k":0,"ix":6},"o":{"a":0,"k":100,"ix":7},"sk":{"a":0,"k":0,"ix":4},"sa":{"a":0,"k":0,"ix":5},"nm":"Transform"}],"nm":"Group 38","np":2,"cix":2,"bm":0,"ix":1,"mn":"ADBE Vector Group","hd":false},{"ty":"tr","p":{"a":0,"k":[274.75,139.739],"ix":2},"a":{"a":0,"k":[44.251,13.75],"ix":1},"s":{"a":0,"k":[450,450],"ix":3},"r":{"a":0,"k":0,"ix":6},"o":{"a":0,"k":100,"ix":7},"sk":{"a":0,"k":0,"ix":4},"sa":{"a":0,"k":0,"ix":5},"nm":"Transform"}],"nm":"Layer 33 Outlines - Group 338","np":1,"cix":2,"bm":0,"ix":4,"mn":"ADBE Vector Group","hd":false},{"ty":"gr","it":[{"ty":"gr","it":[{"ind":0,"ty":"sh","ix":1,"ks":{"a":0,"k":{"i":[[0,0],[0,0],[0,0],[-1.657,0],[0,0],[0,-1.656]],"o":[[0,0],[0,0],[0,-1.656],[0,0],[1.657,0],[0,0]],"v":[[32,5],[-32,5],[-32,-2],[-29,-5],[29,-5],[32,-2]],"c":true},"ix":2},"nm":"Path 1","mn":"ADBE Vector Shape - Group","hd":false},{"ty":"fl","c":{"a":0,"k":[1,1,1,1],"ix":4,"x":"var $bm_rt;\ntry {\n    $bm_rt = thisComp.layer('Controller')('Effects')('Color 2')('ADBE Color Control-0001');\n} catch (e) {\n    $bm_rt = value;\n}"},"o":{"a":0,"k":100,"ix":5},"r":1,"bm":0,"nm":"Fill 1","mn":"ADBE Vector Graphic - Fill","hd":false},{"ty":"tr","p":{"a":0,"k":[39.25,12.25],"ix":2},"a":{"a":0,"k":[0,0],"ix":1},"s":{"a":0,"k":[100,100],"ix":3},"r":{"a":0,"k":0,"ix":6},"o":{"a":0,"k":100,"ix":7},"sk":{"a":0,"k":0,"ix":4},"sa":{"a":0,"k":0,"ix":5},"nm":"Transform"}],"nm":"Group 39","np":2,"cix":2,"bm":0,"ix":1,"mn":"ADBE Vector Group","hd":false},{"ty":"tr","p":{"a":0,"k":[252.248,132.989],"ix":2},"a":{"a":0,"k":[39.25,12.25],"ix":1},"s":{"a":0,"k":[450,450],"ix":3},"r":{"a":0,"k":0,"ix":6},"o":{"a":0,"k":100,"ix":7},"sk":{"a":0,"k":0,"ix":4},"sa":{"a":0,"k":0,"ix":5},"nm":"Transform"}],"nm":"Layer 33 Outlines - Group 339","np":1,"cix":2,"bm":0,"ix":5,"mn":"ADBE Vector Group","hd":false},{"ty":"gr","it":[{"ty":"gr","it":[{"ind":0,"ty":"sh","ix":1,"ks":{"a":0,"k":{"i":[[0,0],[0,0],[-1.241,0],[0,0],[0,0],[0,0]],"o":[[0,0],[0,1.24],[0,0],[0,0],[0,0],[0,0]],"v":[[-31.25,-22.249],[-31.25,19.999],[-29,22.249],[22.689,22.249],[31.25,13.689],[31.25,-22.249]],"c":true},"ix":2},"nm":"Path 1","mn":"ADBE Vector Shape - Group","hd":false},{"ind":1,"ty":"sh","ix":2,"ks":{"a":0,"k":{"i":[[0.199,0],[0,0],[0,2.067],[0,0],[-0.414,0],[0,0],[0,-0.414],[0,0],[0.141,-0.14],[0,0]],"o":[[0,0],[-2.068,0],[0,0],[0,-0.414],[0,0],[0.414,0],[0,0],[0,0.199],[0,0],[-0.14,0.141]],"v":[[23,23.749],[-29,23.749],[-32.75,19.999],[-32.75,-22.999],[-32,-23.749],[32,-23.749],[32.75,-22.999],[32.75,13.999],[32.53,14.529],[23.53,23.529]],"c":true},"ix":2},"nm":"Path 2","mn":"ADBE Vector Shape - Group","hd":false},{"ty":"mm","mm":1,"nm":"Merge Paths 1","mn":"ADBE Vector Filter - Merge","hd":false},{"ty":"fl","c":{"a":0,"k":[0.128999993205,0.211999997497,0.372999995947,1],"ix":4,"x":"var $bm_rt;\ntry {\n    $bm_rt = thisComp.layer('Controller')('Effects')('Color')('ADBE Color Control-0001');\n} catch (e) {\n    $bm_rt = value;\n}"},"o":{"a":0,"k":100,"ix":5},"r":1,"bm":0,"nm":"Fill 1","mn":"ADBE Vector Graphic - Fill","hd":false},{"ty":"tr","p":{"a":0,"k":[39.25,40.253],"ix":2},"a":{"a":0,"k":[0,0],"ix":1},"s":{"a":0,"k":[100,100],"ix":3},"r":{"a":0,"k":0,"ix":6},"o":{"a":0,"k":100,"ix":7},"sk":{"a":0,"k":0,"ix":4},"sa":{"a":0,"k":0,"ix":5},"nm":"Transform"}],"nm":"Group 40","np":4,"cix":2,"bm":0,"ix":1,"mn":"ADBE Vector Group","hd":false},{"ty":"tr","p":{"a":0,"k":[252.248,259.004],"ix":2},"a":{"a":0,"k":[39.25,40.253],"ix":1},"s":{"a":0,"k":[450,450],"ix":3},"r":{"a":0,"k":0,"ix":6},"o":{"a":0,"k":100,"ix":7},"sk":{"a":0,"k":0,"ix":4},"sa":{"a":0,"k":0,"ix":5},"nm":"Transform"}],"nm":"Layer 33 Outlines - Group 440","np":1,"cix":2,"bm":0,"ix":6,"mn":"ADBE Vector Group","hd":false},{"ty":"gr","it":[{"ty":"gr","it":[{"ind":0,"ty":"sh","ix":1,"ks":{"a":0,"k":{"i":[[0,0],[0,0],[0,0],[-16.568,0],[0,0],[0,0]],"o":[[0,0],[0,0],[0,-16.568],[0,0],[0,0],[0,0]],"v":[[19,19],[-28,19],[-28,11],[2,-19],[28,-19],[28,10]],"c":true},"ix":2},"nm":"Path 1","mn":"ADBE Vector Shape - Group","hd":false},{"ty":"fl","c":{"a":0,"k":[0.740999996662,0.764999985695,0.847000002861,1],"ix":4,"x":"var $bm_rt;\ntry {\n    $bm_rt = thisComp.layer('Controller')('Effects')('Color 3')('ADBE Color Control-0001');\n} catch (e) {\n    $bm_rt = value;\n}"},"o":{"a":0,"k":100,"ix":5},"r":1,"bm":0,"nm":"Fill 1","mn":"ADBE Vector Graphic - Fill","hd":false},{"ty":"tr","p":{"a":0,"k":[43.251,44.254],"ix":2},"a":{"a":0,"k":[0,0],"ix":1},"s":{"a":0,"k":[100,100],"ix":3},"r":{"a":0,"k":0,"ix":6},"o":{"a":0,"k":100,"ix":7},"sk":{"a":0,"k":0,"ix":4},"sa":{"a":0,"k":0,"ix":5},"nm":"Transform"}],"nm":"Group 41","np":2,"cix":2,"bm":0,"ix":1,"mn":"ADBE Vector Group","hd":false},{"ty":"tr","p":{"a":0,"k":[270.25,277.007],"ix":2},"a":{"a":0,"k":[43.251,44.254],"ix":1},"s":{"a":0,"k":[450,450],"ix":3},"r":{"a":0,"k":0,"ix":6},"o":{"a":0,"k":100,"ix":7},"sk":{"a":0,"k":0,"ix":4},"sa":{"a":0,"k":0,"ix":5},"nm":"Transform"}],"nm":"Layer 33 Outlines - Group 441","np":1,"cix":2,"bm":0,"ix":7,"mn":"ADBE Vector Group","hd":false},{"ty":"gr","it":[{"ty":"gr","it":[{"ind":0,"ty":"sh","ix":1,"ks":{"a":0,"k":{"i":[[0,0],[0,0],[0,1.657],[0,0],[0,0],[0,0]],"o":[[0,0],[-1.657,0],[0,0],[0,0],[0,0],[0,0]],"v":[[23,22.999],[-29,22.999],[-32,19.999],[-32,-22.999],[32,-22.999],[32,13.999]],"c":true},"ix":2},"nm":"Path 1","mn":"ADBE Vector Shape - Group","hd":false},{"ty":"fl","c":{"a":0,"k":[1,1,1,1],"ix":4,"x":"var $bm_rt;\ntry {\n    $bm_rt = thisComp.layer('Controller')('Effects')('Color 2')('ADBE Color Control-0001');\n} catch (e) {\n    $bm_rt = value;\n}"},"o":{"a":0,"k":100,"ix":5},"r":1,"bm":0,"nm":"Fill 1","mn":"ADBE Vector Graphic - Fill","hd":false},{"ty":"tr","p":{"a":0,"k":[39.25,40.253],"ix":2},"a":{"a":0,"k":[0,0],"ix":1},"s":{"a":0,"k":[100,100],"ix":3},"r":{"a":0,"k":0,"ix":6},"o":{"a":0,"k":100,"ix":7},"sk":{"a":0,"k":0,"ix":4},"sa":{"a":0,"k":0,"ix":5},"nm":"Transform"}],"nm":"Group 42","np":2,"cix":2,"bm":0,"ix":1,"mn":"ADBE Vector Group","hd":false},{"ty":"tr","p":{"a":0,"k":[252.248,259.004],"ix":2},"a":{"a":0,"k":[39.25,40.253],"ix":1},"s":{"a":0,"k":[450,450],"ix":3},"r":{"a":0,"k":0,"ix":6},"o":{"a":0,"k":100,"ix":7},"sk":{"a":0,"k":0,"ix":4},"sa":{"a":0,"k":0,"ix":5},"nm":"Transform"}],"nm":"Layer 33 Outlines - Group 442","np":1,"cix":2,"bm":0,"ix":8,"mn":"ADBE Vector Group","hd":false}],"ip":0,"op":150,"st":0,"ct":1,"bm":0},{"ddd":0,"ind":20,"ty":4,"nm":"Layer 33 Outlines - Group 1 :M :M","parent":2,"sr":1,"ks":{"o":{"a":0,"k":100,"ix":11},"r":{"a":0,"k":0,"ix":10},"p":{"a":0,"k":[58.241,146.003,0],"ix":2,"l":2},"a":{"a":0,"k":[270.236,378.252,0],"ix":1,"l":2},"s":{"a":0,"k":[100,100,100],"ix":6,"l":2}},"ao":0,"shapes":[{"ty":"gr","it":[{"ty":"gr","it":[{"ty":"gr","it":[{"ind":0,"ty":"sh","ix":1,"ks":{"a":0,"k":{"i":[[0.414,0],[0,0.414],[0,0],[-0.414,0],[0,-0.414],[0,0]],"o":[[-0.414,0],[0,0],[0,-0.414],[0.414,0],[0,0],[0,0.414]],"v":[[0,2.75],[-0.75,2],[-0.75,-2],[0,-2.75],[0.75,-2],[0.75,2]],"c":true},"ix":2},"nm":"Path 1","mn":"ADBE Vector Shape - Group","hd":false},{"ty":"fl","c":{"a":0,"k":[0.128999993205,0.211999997497,0.372999995947,1],"ix":4,"x":"var $bm_rt;\ntry {\n    $bm_rt = thisComp.layer('Controller')('Effects')('Color')('ADBE Color Control-0001');\n} catch (e) {\n    $bm_rt = value;\n}"},"o":{"a":0,"k":100,"ix":5},"r":1,"bm":0,"nm":"Fill 1","mn":"ADBE Vector Graphic - Fill","hd":false},{"ty":"tr","p":{"a":0,"k":[17.245,69.253],"ix":2},"a":{"a":0,"k":[0,0],"ix":1},"s":{"a":0,"k":[100,100],"ix":3},"r":{"a":0,"k":0,"ix":6},"o":{"a":0,"k":100,"ix":7},"sk":{"a":0,"k":0,"ix":4},"sa":{"a":0,"k":0,"ix":5},"nm":"Transform"}],"nm":"Group 1","np":2,"cix":2,"bm":0,"ix":1,"mn":"ADBE Vector Group","hd":false},{"ty":"tr","p":{"a":0,"k":[153.224,389.502],"ix":2},"a":{"a":0,"k":[17.245,69.253],"ix":1},"s":{"a":0,"k":[450,450],"ix":3},"r":{"a":0,"k":0,"ix":6},"o":{"a":0,"k":100,"ix":7},"sk":{"a":0,"k":0,"ix":4},"sa":{"a":0,"k":0,"ix":5},"nm":"Transform"}],"nm":"Layer 33 Outlines - Group 1","np":1,"cix":2,"bm":0,"ix":1,"mn":"ADBE Vector Group","hd":false},{"ty":"gr","it":[{"ty":"gr","it":[{"ind":0,"ty":"sh","ix":1,"ks":{"a":0,"k":{"i":[[0.414,0],[0,0],[0,0.414],[-0.414,0],[0,0],[0,-0.414]],"o":[[0,0],[-0.414,0],[0,-0.414],[0,0],[0.414,0],[0,0.414]],"v":[[2,0.75],[-2,0.75],[-2.75,0],[-2,-0.75],[2,-0.75],[2.75,0]],"c":true},"ix":2},"nm":"Path 1","mn":"ADBE Vector Shape - Group","hd":false},{"ty":"fl","c":{"a":0,"k":[0.128999993205,0.211999997497,0.372999995947,1],"ix":4,"x":"var $bm_rt;\ntry {\n    $bm_rt = thisComp.layer('Controller')('Effects')('Color')('ADBE Color Control-0001');\n} catch (e) {\n    $bm_rt = value;\n}"},"o":{"a":0,"k":100,"ix":5},"r":1,"bm":0,"nm":"Fill 1","mn":"ADBE Vector Graphic - Fill","hd":false},{"ty":"tr","p":{"a":0,"k":[17.245,69.253],"ix":2},"a":{"a":0,"k":[0,0],"ix":1},"s":{"a":0,"k":[100,100],"ix":3},"r":{"a":0,"k":0,"ix":6},"o":{"a":0,"k":100,"ix":7},"sk":{"a":0,"k":0,"ix":4},"sa":{"a":0,"k":0,"ix":5},"nm":"Transform"}],"nm":"Group 2","np":2,"cix":2,"bm":0,"ix":1,"mn":"ADBE Vector Group","hd":false},{"ty":"tr","p":{"a":0,"k":[153.224,389.502],"ix":2},"a":{"a":0,"k":[17.245,69.253],"ix":1},"s":{"a":0,"k":[450,450],"ix":3},"r":{"a":0,"k":0,"ix":6},"o":{"a":0,"k":100,"ix":7},"sk":{"a":0,"k":0,"ix":4},"sa":{"a":0,"k":0,"ix":5},"nm":"Transform"}],"nm":"Layer 33 Outlines - Group 2","np":1,"cix":2,"bm":0,"ix":2,"mn":"ADBE Vector Group","hd":false},{"ty":"tr","p":{"a":0,"k":[153.224,389.502],"ix":2},"a":{"a":0,"k":[153.224,389.502],"ix":1},"s":{"a":1,"k":[{"i":{"x":[0.64,0.64],"y":[1,1]},"o":{"x":[0.36,0.36],"y":[0,0]},"t":55,"s":[0,0]},{"i":{"x":[0.64,0.64],"y":[1,1]},"o":{"x":[0.36,0.36],"y":[0,0]},"t":65,"s":[100,100]},{"i":{"x":[0.833,0.833],"y":[1,1]},"o":{"x":[0.167,0.167],"y":[0,0]},"t":75,"s":[0,0]},{"i":{"x":[0.64,0.64],"y":[1,1]},"o":{"x":[0.36,0.36],"y":[0,0]},"t":130,"s":[0,0]},{"i":{"x":[0.64,0.64],"y":[1,1]},"o":{"x":[0.36,0.36],"y":[0,0]},"t":140,"s":[100,100]},{"t":149,"s":[0,0]}],"ix":3},"r":{"a":0,"k":0,"ix":6},"o":{"a":0,"k":100,"ix":7},"sk":{"a":0,"k":0,"ix":4},"sa":{"a":0,"k":0,"ix":5},"nm":"Transform"}],"nm":"Layer 33 Outlines - Group 1 :M","np":2,"cix":2,"bm":0,"ix":1,"mn":"ADBE Vector Group","hd":false},{"ty":"gr","it":[{"ty":"gr","it":[{"ty":"gr","it":[{"ind":0,"ty":"sh","ix":1,"ks":{"a":0,"k":{"i":[[0.414,0],[0,0.414],[0,0],[-0.414,0],[0,-0.414],[0,0]],"o":[[-0.414,0],[0,0],[0,-0.414],[0.414,0],[0,0],[0,0.414]],"v":[[0,2.75],[-0.75,2],[-0.75,-2],[0,-2.75],[0.75,-2],[0.75,2]],"c":true},"ix":2},"nm":"Path 1","mn":"ADBE Vector Shape - Group","hd":false},{"ty":"fl","c":{"a":0,"k":[0.128999993205,0.211999997497,0.372999995947,1],"ix":4,"x":"var $bm_rt;\ntry {\n    $bm_rt = thisComp.layer('Controller')('Effects')('Color')('ADBE Color Control-0001');\n} catch (e) {\n    $bm_rt = value;\n}"},"o":{"a":0,"k":100,"ix":5},"r":1,"bm":0,"nm":"Fill 1","mn":"ADBE Vector Graphic - Fill","hd":false},{"ty":"tr","p":{"a":0,"k":[56.249,69.253],"ix":2},"a":{"a":0,"k":[0,0],"ix":1},"s":{"a":0,"k":[100,100],"ix":3},"r":{"a":0,"k":0,"ix":6},"o":{"a":0,"k":100,"ix":7},"sk":{"a":0,"k":0,"ix":4},"sa":{"a":0,"k":0,"ix":5},"nm":"Transform"}],"nm":"Group 3","np":2,"cix":2,"bm":0,"ix":1,"mn":"ADBE Vector Group","hd":false},{"ty":"tr","p":{"a":0,"k":[328.741,389.502],"ix":2},"a":{"a":0,"k":[56.249,69.253],"ix":1},"s":{"a":0,"k":[450,450],"ix":3},"r":{"a":0,"k":0,"ix":6},"o":{"a":0,"k":100,"ix":7},"sk":{"a":0,"k":0,"ix":4},"sa":{"a":0,"k":0,"ix":5},"nm":"Transform"}],"nm":"Layer 33 Outlines - Group 3","np":1,"cix":2,"bm":0,"ix":1,"mn":"ADBE Vector Group","hd":false},{"ty":"gr","it":[{"ty":"gr","it":[{"ind":0,"ty":"sh","ix":1,"ks":{"a":0,"k":{"i":[[0.414,0],[0,0],[0,0.414],[-0.414,0],[0,0],[0,-0.414]],"o":[[0,0],[-0.414,0],[0,-0.414],[0,0],[0.414,0],[0,0.414]],"v":[[2,0.75],[-2,0.75],[-2.75,0],[-2,-0.75],[2,-0.75],[2.75,0]],"c":true},"ix":2},"nm":"Path 1","mn":"ADBE Vector Shape - Group","hd":false},{"ty":"fl","c":{"a":0,"k":[0.128999993205,0.211999997497,0.372999995947,1],"ix":4,"x":"var $bm_rt;\ntry {\n    $bm_rt = thisComp.layer('Controller')('Effects')('Color')('ADBE Color Control-0001');\n} catch (e) {\n    $bm_rt = value;\n}"},"o":{"a":0,"k":100,"ix":5},"r":1,"bm":0,"nm":"Fill 1","mn":"ADBE Vector Graphic - Fill","hd":false},{"ty":"tr","p":{"a":0,"k":[56.249,69.253],"ix":2},"a":{"a":0,"k":[0,0],"ix":1},"s":{"a":0,"k":[100,100],"ix":3},"r":{"a":0,"k":0,"ix":6},"o":{"a":0,"k":100,"ix":7},"sk":{"a":0,"k":0,"ix":4},"sa":{"a":0,"k":0,"ix":5},"nm":"Transform"}],"nm":"Group 4","np":2,"cix":2,"bm":0,"ix":1,"mn":"ADBE Vector Group","hd":false},{"ty":"tr","p":{"a":0,"k":[328.741,389.502],"ix":2},"a":{"a":0,"k":[56.249,69.253],"ix":1},"s":{"a":0,"k":[450,450],"ix":3},"r":{"a":0,"k":0,"ix":6},"o":{"a":0,"k":100,"ix":7},"sk":{"a":0,"k":0,"ix":4},"sa":{"a":0,"k":0,"ix":5},"nm":"Transform"}],"nm":"Layer 33 Outlines - Group 4","np":1,"cix":2,"bm":0,"ix":2,"mn":"ADBE Vector Group","hd":false},{"ty":"tr","p":{"a":0,"k":[328.741,389.502],"ix":2},"a":{"a":0,"k":[328.741,389.502],"ix":1},"s":{"a":1,"k":[{"i":{"x":[0.64,0.64],"y":[1,1]},"o":{"x":[0.36,0.36],"y":[0,0]},"t":45,"s":[0,0]},{"i":{"x":[0.64,0.64],"y":[1,1]},"o":{"x":[0.36,0.36],"y":[0,0]},"t":55,"s":[100,100]},{"i":{"x":[0.64,0.64],"y":[1,1]},"o":{"x":[0.36,0.36],"y":[0,0]},"t":65,"s":[0,0]},{"i":{"x":[0.64,0.64],"y":[1,1]},"o":{"x":[0.36,0.36],"y":[0,0]},"t":120,"s":[0,0]},{"i":{"x":[0.64,0.64],"y":[1,1]},"o":{"x":[0.36,0.36],"y":[0,0]},"t":130,"s":[100,100]},{"t":140,"s":[0,0]}],"ix":3},"r":{"a":0,"k":0,"ix":6},"o":{"a":0,"k":100,"ix":7},"sk":{"a":0,"k":0,"ix":4},"sa":{"a":0,"k":0,"ix":5},"nm":"Transform"}],"nm":"Layer 33 Outlines - Group 3 :M","np":2,"cix":2,"bm":0,"ix":2,"mn":"ADBE Vector Group","hd":false},{"ty":"gr","it":[{"ty":"gr","it":[{"ty":"gr","it":[{"ind":0,"ty":"sh","ix":1,"ks":{"a":0,"k":{"i":[[0.414,0],[0,0.414],[0,0],[-0.414,0],[0,-0.414],[0,0]],"o":[[-0.414,0],[0,0],[0,-0.414],[0.414,0],[0,0],[0,0.414]],"v":[[0,2.75],[-0.75,2],[-0.75,-2],[0,-2.75],[0.75,-2],[0.75,2]],"c":true},"ix":2},"nm":"Path 1","mn":"ADBE Vector Shape - Group","hd":false},{"ty":"fl","c":{"a":0,"k":[0.128999993205,0.211999997497,0.372999995947,1],"ix":4,"x":"var $bm_rt;\ntry {\n    $bm_rt = thisComp.layer('Controller')('Effects')('Color')('ADBE Color Control-0001');\n} catch (e) {\n    $bm_rt = value;\n}"},"o":{"a":0,"k":100,"ix":5},"r":1,"bm":0,"nm":"Fill 1","mn":"ADBE Vector Graphic - Fill","hd":false},{"ty":"tr","p":{"a":0,"k":[69.25,64.253],"ix":2},"a":{"a":0,"k":[0,0],"ix":1},"s":{"a":0,"k":[100,100],"ix":3},"r":{"a":0,"k":0,"ix":6},"o":{"a":0,"k":100,"ix":7},"sk":{"a":0,"k":0,"ix":4},"sa":{"a":0,"k":0,"ix":5},"nm":"Transform"}],"nm":"Group 5","np":2,"cix":2,"bm":0,"ix":1,"mn":"ADBE Vector Group","hd":false},{"ty":"tr","p":{"a":0,"k":[387.248,367.002],"ix":2},"a":{"a":0,"k":[69.25,64.253],"ix":1},"s":{"a":0,"k":[450,450],"ix":3},"r":{"a":0,"k":0,"ix":6},"o":{"a":0,"k":100,"ix":7},"sk":{"a":0,"k":0,"ix":4},"sa":{"a":0,"k":0,"ix":5},"nm":"Transform"}],"nm":"Layer 33 Outlines - Group 5","np":1,"cix":2,"bm":0,"ix":1,"mn":"ADBE Vector Group","hd":false},{"ty":"gr","it":[{"ty":"gr","it":[{"ind":0,"ty":"sh","ix":1,"ks":{"a":0,"k":{"i":[[0.414,0],[0,0],[0,0.414],[-0.414,0],[0,0],[0,-0.414]],"o":[[0,0],[-0.414,0],[0,-0.414],[0,0],[0.414,0],[0,0.414]],"v":[[2,0.75],[-2,0.75],[-2.75,0],[-2,-0.75],[2,-0.75],[2.75,0]],"c":true},"ix":2},"nm":"Path 1","mn":"ADBE Vector Shape - Group","hd":false},{"ty":"fl","c":{"a":0,"k":[0.128999993205,0.211999997497,0.372999995947,1],"ix":4,"x":"var $bm_rt;\ntry {\n    $bm_rt = thisComp.layer('Controller')('Effects')('Color')('ADBE Color Control-0001');\n} catch (e) {\n    $bm_rt = value;\n}"},"o":{"a":0,"k":100,"ix":5},"r":1,"bm":0,"nm":"Fill 1","mn":"ADBE Vector Graphic - Fill","hd":false},{"ty":"tr","p":{"a":0,"k":[69.25,64.253],"ix":2},"a":{"a":0,"k":[0,0],"ix":1},"s":{"a":0,"k":[100,100],"ix":3},"r":{"a":0,"k":0,"ix":6},"o":{"a":0,"k":100,"ix":7},"sk":{"a":0,"k":0,"ix":4},"sa":{"a":0,"k":0,"ix":5},"nm":"Transform"}],"nm":"Group 6","np":2,"cix":2,"bm":0,"ix":1,"mn":"ADBE Vector Group","hd":false},{"ty":"tr","p":{"a":0,"k":[387.248,367.002],"ix":2},"a":{"a":0,"k":[69.25,64.253],"ix":1},"s":{"a":0,"k":[450,450],"ix":3},"r":{"a":0,"k":0,"ix":6},"o":{"a":0,"k":100,"ix":7},"sk":{"a":0,"k":0,"ix":4},"sa":{"a":0,"k":0,"ix":5},"nm":"Transform"}],"nm":"Layer 33 Outlines - Group 6","np":1,"cix":2,"bm":0,"ix":2,"mn":"ADBE Vector Group","hd":false},{"ty":"tr","p":{"a":0,"k":[387.248,367.002],"ix":2},"a":{"a":0,"k":[387.248,367.002],"ix":1},"s":{"a":1,"k":[{"i":{"x":[0.64,0.64],"y":[1,1]},"o":{"x":[0.36,0.36],"y":[0,0]},"t":50,"s":[0,0]},{"i":{"x":[0.64,0.64],"y":[1,1]},"o":{"x":[0.36,0.36],"y":[0,0]},"t":60,"s":[100,100]},{"i":{"x":[0.833,0.833],"y":[1,1]},"o":{"x":[0.167,0.167],"y":[0,0]},"t":70,"s":[0,0]},{"i":{"x":[0.64,0.64],"y":[1,1]},"o":{"x":[0.36,0.36],"y":[0,0]},"t":125,"s":[0,0]},{"i":{"x":[0.64,0.64],"y":[1,1]},"o":{"x":[0.36,0.36],"y":[0,0]},"t":135,"s":[100,100]},{"t":145,"s":[0,0]}],"ix":3},"r":{"a":0,"k":0,"ix":6},"o":{"a":0,"k":100,"ix":7},"sk":{"a":0,"k":0,"ix":4},"sa":{"a":0,"k":0,"ix":5},"nm":"Transform"}],"nm":"Layer 33 Outlines - Group 5 :M","np":2,"cix":2,"bm":0,"ix":3,"mn":"ADBE Vector Group","hd":false}],"ip":0,"op":150,"st":0,"ct":1,"bm":0},{"ddd":0,"ind":21,"ty":4,"nm":"Layer 33 Outlines - Group 43 :M","parent":2,"sr":1,"ks":{"o":{"a":0,"k":100,"ix":11},"r":{"a":0,"k":0,"ix":10},"p":{"a":0,"k":[51.505,-0.249,0],"ix":2,"l":2},"a":{"a":0,"k":[263.5,232,0],"ix":1,"l":2},"s":{"a":0,"k":[100,100,100],"ix":6,"l":2}},"ao":0,"shapes":[{"ty":"gr","it":[{"ty":"gr","it":[{"ind":0,"ty":"sh","ix":1,"ks":{"a":0,"k":{"i":[[0,-11.046],[11.045,0],[0,11.046],[-11.046,0]],"o":[[0,11.046],[-11.046,0],[0,-11.046],[11.045,0]],"v":[[20,0],[0,20],[-20,0],[0,-20]],"c":true},"ix":2},"nm":"Path 1","mn":"ADBE Vector Shape - Group","hd":false},{"ty":"fl","c":{"a":0,"k":[0.910000026226,0.92199999094,0.925000011921,1],"ix":4,"x":"var $bm_rt;\ntry {\n    $bm_rt = thisComp.layer('Controller').effect('Color 4')('ADBE Color Control-0001');\n} catch (e) {\n    $bm_rt = value;\n}"},"o":{"a":0,"k":100,"ix":5},"r":1,"bm":0,"nm":"Fill 1","mn":"ADBE Vector Graphic - Fill","hd":false},{"ty":"tr","p":{"a":0,"k":[20.25,56.255],"ix":2},"a":{"a":0,"k":[0,0],"ix":1},"s":{"a":0,"k":[100,100],"ix":3},"r":{"a":0,"k":0,"ix":6},"o":{"a":0,"k":100,"ix":7},"sk":{"a":0,"k":0,"ix":4},"sa":{"a":0,"k":0,"ix":5},"nm":"Transform"}],"nm":"Group 43","np":2,"cix":2,"bm":0,"ix":1,"mn":"ADBE Vector Group","hd":false},{"ty":"tr","p":{"a":0,"k":[166.748,331.011],"ix":2},"a":{"a":0,"k":[20.25,56.255],"ix":1},"s":{"a":1,"k":[{"i":{"x":[0.64,0.64],"y":[1,1]},"o":{"x":[0.36,0.36],"y":[0,0]},"t":30,"s":[0,0]},{"i":{"x":[0.64,0.64],"y":[1,1]},"o":{"x":[0.36,0.36],"y":[0,0]},"t":60,"s":[570,570]},{"i":{"x":[0.64,0.64],"y":[1,1]},"o":{"x":[0.36,0.36],"y":[0,0]},"t":90,"s":[0,0]},{"i":{"x":[0.64,0.64],"y":[1,1]},"o":{"x":[0.36,0.36],"y":[0,0]},"t":120,"s":[450,450]},{"t":150,"s":[0,0]}],"ix":3},"r":{"a":0,"k":0,"ix":6},"o":{"a":0,"k":100,"ix":7},"sk":{"a":0,"k":0,"ix":4},"sa":{"a":0,"k":0,"ix":5},"nm":"Transform"}],"nm":"Layer 33 Outlines - Group 443","np":1,"cix":2,"bm":0,"ix":1,"mn":"ADBE Vector Group","hd":false},{"ty":"gr","it":[{"ty":"gr","it":[{"ind":0,"ty":"sh","ix":1,"ks":{"a":0,"k":{"i":[[0,-6.628],[6.627,0],[0,6.627],[-6.627,0]],"o":[[0,6.627],[-6.627,0],[0,-6.628],[6.627,0]],"v":[[12,0],[0,12],[-12,0],[0,-12]],"c":true},"ix":2},"nm":"Path 1","mn":"ADBE Vector Shape - Group","hd":false},{"ty":"fl","c":{"a":0,"k":[0.910000026226,0.92199999094,0.925000011921,1],"ix":4,"x":"var $bm_rt;\ntry {\n    $bm_rt = thisComp.layer('Controller')('Effects')('Color 4')('ADBE Color Control-0001');\n} catch (e) {\n    $bm_rt = value;\n}"},"o":{"a":0,"k":100,"ix":5},"r":1,"bm":0,"nm":"Fill 1","mn":"ADBE Vector Graphic - Fill","hd":false},{"ty":"tr","p":{"a":0,"k":[48.239,12.25],"ix":2},"a":{"a":0,"k":[0,0],"ix":1},"s":{"a":0,"k":[100,100],"ix":3},"r":{"a":0,"k":0,"ix":6},"o":{"a":0,"k":100,"ix":7},"sk":{"a":0,"k":0,"ix":4},"sa":{"a":0,"k":0,"ix":5},"nm":"Transform"}],"nm":"Group 44","np":2,"cix":2,"bm":0,"ix":1,"mn":"ADBE Vector Group","hd":false},{"ty":"tr","p":{"a":0,"k":[292.7,132.989],"ix":2},"a":{"a":0,"k":[48.239,12.25],"ix":1},"s":{"a":1,"k":[{"i":{"x":[0.64,0.64],"y":[1,1]},"o":{"x":[0.36,0.36],"y":[0,0]},"t":15,"s":[0,0]},{"i":{"x":[0.64,0.64],"y":[1,1]},"o":{"x":[0.36,0.36],"y":[0,0]},"t":45,"s":[570,570]},{"i":{"x":[0.64,0.64],"y":[1,1]},"o":{"x":[0.36,0.36],"y":[0,0]},"t":75,"s":[0,0]},{"i":{"x":[0.64,0.64],"y":[1,1]},"o":{"x":[0.36,0.36],"y":[0,0]},"t":105,"s":[450,450]},{"t":135,"s":[0,0]}],"ix":3},"r":{"a":0,"k":0,"ix":6},"o":{"a":0,"k":100,"ix":7},"sk":{"a":0,"k":0,"ix":4},"sa":{"a":0,"k":0,"ix":5},"nm":"Transform"}],"nm":"Layer 33 Outlines - Group 444","np":1,"cix":2,"bm":0,"ix":2,"mn":"ADBE Vector Group","hd":false},{"ty":"gr","it":[{"ty":"gr","it":[{"ind":0,"ty":"sh","ix":1,"ks":{"a":0,"k":{"i":[[0,-7.732],[7.732,0],[0,7.731],[-7.732,0]],"o":[[0,7.731],[-7.732,0],[0,-7.732],[7.732,0]],"v":[[14,0],[0,14],[-14,0],[0,-14]],"c":true},"ix":2},"nm":"Path 1","mn":"ADBE Vector Shape - Group","hd":false},{"ty":"fl","c":{"a":0,"k":[0.910000026226,0.92199999094,0.925000011921,1],"ix":4,"x":"var $bm_rt;\ntry {\n    $bm_rt = thisComp.layer('Controller')('Effects')('Color 4')('ADBE Color Control-0001');\n} catch (e) {\n    $bm_rt = value;\n}"},"o":{"a":0,"k":100,"ix":5},"r":1,"bm":0,"nm":"Fill 1","mn":"ADBE Vector Graphic - Fill","hd":false},{"ty":"tr","p":{"a":0,"k":[63.251,38.255],"ix":2},"a":{"a":0,"k":[0,0],"ix":1},"s":{"a":0,"k":[100,100],"ix":3},"r":{"a":0,"k":0,"ix":6},"o":{"a":0,"k":100,"ix":7},"sk":{"a":0,"k":0,"ix":4},"sa":{"a":0,"k":0,"ix":5},"nm":"Transform"}],"nm":"Group 45","np":2,"cix":2,"bm":0,"ix":1,"mn":"ADBE Vector Group","hd":false},{"ty":"tr","p":{"a":0,"k":[360.252,250.011],"ix":2},"a":{"a":0,"k":[63.251,38.255],"ix":1},"s":{"a":1,"k":[{"i":{"x":[0.64,0.64],"y":[1,1]},"o":{"x":[0.36,0.36],"y":[0,0]},"t":0,"s":[0,0]},{"i":{"x":[0.64,0.64],"y":[1,1]},"o":{"x":[0.36,0.36],"y":[0,0]},"t":30,"s":[570,570]},{"i":{"x":[0.64,0.64],"y":[1,1]},"o":{"x":[0.36,0.36],"y":[0,0]},"t":60,"s":[0,0]},{"i":{"x":[0.64,0.64],"y":[1,1]},"o":{"x":[0.36,0.36],"y":[0,0]},"t":90,"s":[450,450]},{"t":120,"s":[0,0]}],"ix":3},"r":{"a":0,"k":0,"ix":6},"o":{"a":0,"k":100,"ix":7},"sk":{"a":0,"k":0,"ix":4},"sa":{"a":0,"k":0,"ix":5},"nm":"Transform"}],"nm":"Layer 33 Outlines - Group 445","np":1,"cix":2,"bm":0,"ix":3,"mn":"ADBE Vector Group","hd":false}],"ip":0,"op":150,"st":0,"ct":1,"bm":0}],"markers":[]}