{"v":"5.9.6","fr":30,"ip":0,"op":150,"w":3840,"h":2160,"nm":"DESIGN REVISION","ddd":0,"assets":[],"layers":[{"ddd":0,"ind":1,"ty":3,"nm":"Null 18","sr":1,"ks":{"o":{"a":0,"k":0,"ix":11},"r":{"a":0,"k":0,"ix":10},"p":{"a":0,"k":[2130.358,862.211,0],"ix":2,"l":2},"a":{"a":0,"k":[50,50,0],"ix":1,"l":2},"s":{"a":0,"k":[100,100,100],"ix":6,"l":2}},"ao":0,"ip":0,"op":150,"st":0,"bm":0},{"ddd":0,"ind":2,"ty":3,"nm":"Null 6","parent":1,"sr":1,"ks":{"o":{"a":0,"k":0,"ix":11},"r":{"a":0,"k":0,"ix":10},"p":{"a":0,"k":[50,50,0],"ix":2,"l":2},"a":{"a":0,"k":[50,50,0],"ix":1,"l":2},"s":{"a":0,"k":[430,430,100],"ix":6,"l":2}},"ao":0,"ip":0,"op":150,"st":0,"bm":0},{"ddd":0,"ind":4,"ty":4,"nm":"Layer 39 Outlines - Group 1 :M","parent":2,"sr":1,"ks":{"o":{"a":0,"k":100,"ix":11},"r":{"a":0,"k":0,"ix":10},"p":{"a":0,"k":[-99.604,-63.523,0],"ix":2,"l":2},"a":{"a":0,"k":[130.754,98.688,0],"ix":1,"l":2},"s":{"a":1,"k":[{"i":{"x":[0.64,0.64,0.64],"y":[1,1,1]},"o":{"x":[0.36,0.36,0.36],"y":[0,0,0]},"t":20,"s":[0,0,100]},{"i":{"x":[0.64,0.64,0.64],"y":[1,1,1]},"o":{"x":[0.36,0.36,0.36],"y":[0,0,0]},"t":30,"s":[100,100,100]},{"i":{"x":[0.833,0.833,0.833],"y":[1,1,1]},"o":{"x":[0.167,0.167,0.167],"y":[0,0,0]},"t":40,"s":[0,0,100]},{"i":{"x":[0.64,0.64,0.64],"y":[1,1,1]},"o":{"x":[0.36,0.36,0.36],"y":[0,0,0]},"t":70,"s":[0,0,100]},{"i":{"x":[0.64,0.64,0.64],"y":[1,1,1]},"o":{"x":[0.36,0.36,0.36],"y":[0,0,0]},"t":80,"s":[100,100,100]},{"i":{"x":[0.833,0.833,0.833],"y":[1,1,1]},"o":{"x":[0.167,0.167,0.167],"y":[0,0,0]},"t":90,"s":[0,0,100]},{"i":{"x":[0.64,0.64,0.64],"y":[1,1,1]},"o":{"x":[0.36,0.36,0.36],"y":[0,0,0]},"t":120,"s":[0,0,100]},{"i":{"x":[0.64,0.64,0.64],"y":[1,1,1]},"o":{"x":[0.36,0.36,0.36],"y":[0,0,0]},"t":130,"s":[100,100,100]},{"t":140,"s":[0,0,100]}],"ix":6,"l":2}},"ao":0,"shapes":[{"ty":"gr","it":[{"ty":"gr","it":[{"ind":0,"ty":"sh","ix":1,"ks":{"a":0,"k":{"i":[[0.414,0],[0,0.414],[0,0],[-0.414,0],[0,-0.414],[0,0]],"o":[[-0.414,0],[0,0],[0,-0.414],[0.414,0],[0,0],[0,0.414]],"v":[[0,2.75],[-0.75,2],[-0.75,-2],[0,-2.75],[0.75,-2],[0.75,2]],"c":true},"ix":2},"nm":"Path 1","mn":"ADBE Vector Shape - Group","hd":false},{"ty":"fl","c":{"a":0,"k":[0.128999993205,0.211999997497,0.372999995947,1],"ix":4,"x":"var $bm_rt;\ntry {\n    $bm_rt = thisComp.layer('Controller').effect('Color')('ADBE Color Control-0001');\n} catch (e) {\n    $bm_rt = value;\n}"},"o":{"a":0,"k":100,"ix":5},"r":1,"bm":0,"nm":"Fill 1","mn":"ADBE Vector Graphic - Fill","hd":false},{"ty":"tr","p":{"a":0,"k":[12.252,3.065],"ix":2},"a":{"a":0,"k":[0,0],"ix":1},"s":{"a":0,"k":[100,100],"ix":3},"r":{"a":0,"k":0,"ix":6},"o":{"a":0,"k":100,"ix":7},"sk":{"a":0,"k":0,"ix":4},"sa":{"a":0,"k":0,"ix":5},"nm":"Transform"}],"nm":"Group 1","np":2,"cix":2,"bm":0,"ix":1,"mn":"ADBE Vector Group","hd":false},{"ty":"tr","p":{"a":0,"k":[130.754,98.688],"ix":2},"a":{"a":0,"k":[12.252,3.065],"ix":1},"s":{"a":0,"k":[450,450],"ix":3},"r":{"a":0,"k":0,"ix":6},"o":{"a":0,"k":100,"ix":7},"sk":{"a":0,"k":0,"ix":4},"sa":{"a":0,"k":0,"ix":5},"nm":"Transform"}],"nm":"Layer 39 Outlines - Group 1","np":1,"cix":2,"bm":0,"ix":1,"mn":"ADBE Vector Group","hd":false},{"ty":"gr","it":[{"ty":"gr","it":[{"ind":0,"ty":"sh","ix":1,"ks":{"a":0,"k":{"i":[[0.414,0],[0,0],[0,0.414],[-0.414,0],[0,0],[0,-0.414]],"o":[[0,0],[-0.414,0],[0,-0.414],[0,0],[0.414,0],[0,0.414]],"v":[[2,0.75],[-2,0.75],[-2.75,0],[-2,-0.75],[2,-0.75],[2.75,0]],"c":true},"ix":2},"nm":"Path 1","mn":"ADBE Vector Shape - Group","hd":false},{"ty":"fl","c":{"a":0,"k":[0.128999993205,0.211999997497,0.372999995947,1],"ix":4,"x":"var $bm_rt;\ntry {\n    $bm_rt = thisComp.layer('Controller')('Effects')('Color')('ADBE Color Control-0001');\n} catch (e) {\n    $bm_rt = value;\n}"},"o":{"a":0,"k":100,"ix":5},"r":1,"bm":0,"nm":"Fill 1","mn":"ADBE Vector Graphic - Fill","hd":false},{"ty":"tr","p":{"a":0,"k":[12.252,3.065],"ix":2},"a":{"a":0,"k":[0,0],"ix":1},"s":{"a":0,"k":[100,100],"ix":3},"r":{"a":0,"k":0,"ix":6},"o":{"a":0,"k":100,"ix":7},"sk":{"a":0,"k":0,"ix":4},"sa":{"a":0,"k":0,"ix":5},"nm":"Transform"}],"nm":"Group 2","np":2,"cix":2,"bm":0,"ix":1,"mn":"ADBE Vector Group","hd":false},{"ty":"tr","p":{"a":0,"k":[130.754,98.688],"ix":2},"a":{"a":0,"k":[12.252,3.065],"ix":1},"s":{"a":0,"k":[450,450],"ix":3},"r":{"a":0,"k":0,"ix":6},"o":{"a":0,"k":100,"ix":7},"sk":{"a":0,"k":0,"ix":4},"sa":{"a":0,"k":0,"ix":5},"nm":"Transform"}],"nm":"Layer 39 Outlines - Group 2","np":1,"cix":2,"bm":0,"ix":2,"mn":"ADBE Vector Group","hd":false}],"ip":0,"op":150,"st":0,"ct":1,"bm":0},{"ddd":0,"ind":5,"ty":4,"nm":"Layer 39 Outlines - Group 3 :M","parent":2,"sr":1,"ks":{"o":{"a":0,"k":100,"ix":11},"r":{"a":0,"k":0,"ix":10},"p":{"a":0,"k":[152.392,19.422,0],"ix":2,"l":2},"a":{"a":0,"k":[382.75,181.633,0],"ix":1,"l":2},"s":{"a":0,"k":[100,100,100],"ix":6,"l":2}},"ao":0,"shapes":[{"ty":"gr","it":[{"ty":"gr","it":[{"ind":0,"ty":"sh","ix":1,"ks":{"a":0,"k":{"i":[[0,0.414],[-0.414,0],[0,-0.414],[0.414,0]],"o":[[0,-0.414],[0.414,0],[0,0.414],[-0.414,0]],"v":[[-0.75,0],[0,-0.75],[0.75,0],[0,0.75]],"c":true},"ix":2},"nm":"Path 1","mn":"ADBE Vector Shape - Group","hd":false},{"ty":"fl","c":{"a":0,"k":[0.128999993205,0.211999997497,0.372999995947,1],"ix":4,"x":"var $bm_rt;\ntry {\n    $bm_rt = thisComp.layer('Controller')('Effects')('Color')('ADBE Color Control-0001');\n} catch (e) {\n    $bm_rt = value;\n}"},"o":{"a":0,"k":100,"ix":5},"r":1,"bm":0,"nm":"Fill 1","mn":"ADBE Vector Graphic - Fill","hd":false},{"ty":"tr","p":{"a":0,"k":[68.251,28.998],"ix":2},"a":{"a":0,"k":[0,0],"ix":1},"s":{"a":0,"k":[100,100],"ix":3},"r":{"a":0,"k":0,"ix":6},"o":{"a":0,"k":100,"ix":7},"sk":{"a":0,"k":0,"ix":4},"sa":{"a":0,"k":0,"ix":5},"nm":"Transform"}],"nm":"Group 3","np":2,"cix":2,"bm":0,"ix":1,"mn":"ADBE Vector Group","hd":false},{"ty":"tr","p":{"a":0,"k":[382.75,215.385],"ix":2},"a":{"a":0,"k":[68.251,28.998],"ix":1},"s":{"a":1,"k":[{"i":{"x":[0.64,0.64],"y":[1,1]},"o":{"x":[0.36,0.36],"y":[0,0]},"t":8,"s":[0,0]},{"i":{"x":[0.64,0.64],"y":[1,1]},"o":{"x":[0.36,0.36],"y":[0,0]},"t":18,"s":[450,450]},{"i":{"x":[0.833,0.833],"y":[1,1]},"o":{"x":[0.167,0.167],"y":[0,0]},"t":28,"s":[0,0]},{"i":{"x":[0.64,0.64],"y":[1,1]},"o":{"x":[0.36,0.36],"y":[0,0]},"t":58,"s":[0,0]},{"i":{"x":[0.64,0.64],"y":[1,1]},"o":{"x":[0.36,0.36],"y":[0,0]},"t":68,"s":[450,450]},{"i":{"x":[0.833,0.833],"y":[1,1]},"o":{"x":[0.167,0.167],"y":[0,0]},"t":78,"s":[0,0]},{"i":{"x":[0.64,0.64],"y":[1,1]},"o":{"x":[0.36,0.36],"y":[0,0]},"t":108,"s":[0,0]},{"i":{"x":[0.64,0.64],"y":[1,1]},"o":{"x":[0.36,0.36],"y":[0,0]},"t":118,"s":[450,450]},{"t":128,"s":[0,0]}],"ix":3},"r":{"a":0,"k":0,"ix":6},"o":{"a":0,"k":100,"ix":7},"sk":{"a":0,"k":0,"ix":4},"sa":{"a":0,"k":0,"ix":5},"nm":"Transform"}],"nm":"Layer 39 Outlines - Group 3","np":1,"cix":2,"bm":0,"ix":1,"mn":"ADBE Vector Group","hd":false},{"ty":"gr","it":[{"ty":"gr","it":[{"ind":0,"ty":"sh","ix":1,"ks":{"a":0,"k":{"i":[[0,0.414],[-0.414,0],[0,-0.414],[0.414,0]],"o":[[0,-0.414],[0.414,0],[0,0.414],[-0.414,0]],"v":[[-0.75,0],[0,-0.75],[0.75,0],[0,0.75]],"c":true},"ix":2},"nm":"Path 1","mn":"ADBE Vector Shape - Group","hd":false},{"ty":"fl","c":{"a":0,"k":[0.128999993205,0.211999997497,0.372999995947,1],"ix":4,"x":"var $bm_rt;\ntry {\n    $bm_rt = thisComp.layer('Controller')('Effects')('Color')('ADBE Color Control-0001');\n} catch (e) {\n    $bm_rt = value;\n}"},"o":{"a":0,"k":100,"ix":5},"r":1,"bm":0,"nm":"Fill 1","mn":"ADBE Vector Graphic - Fill","hd":false},{"ty":"tr","p":{"a":0,"k":[68.251,21.997],"ix":2},"a":{"a":0,"k":[0,0],"ix":1},"s":{"a":0,"k":[100,100],"ix":3},"r":{"a":0,"k":0,"ix":6},"o":{"a":0,"k":100,"ix":7},"sk":{"a":0,"k":0,"ix":4},"sa":{"a":0,"k":0,"ix":5},"nm":"Transform"}],"nm":"Group 4","np":2,"cix":2,"bm":0,"ix":1,"mn":"ADBE Vector Group","hd":false},{"ty":"tr","p":{"a":0,"k":[382.75,183.881],"ix":2},"a":{"a":0,"k":[68.251,21.997],"ix":1},"s":{"a":1,"k":[{"i":{"x":[0.64,0.64],"y":[1,1]},"o":{"x":[0.36,0.36],"y":[0,0]},"t":6,"s":[0,0]},{"i":{"x":[0.64,0.64],"y":[1,1]},"o":{"x":[0.36,0.36],"y":[0,0]},"t":16,"s":[450,450]},{"i":{"x":[0.833,0.833],"y":[1,1]},"o":{"x":[0.167,0.167],"y":[0,0]},"t":26,"s":[0,0]},{"i":{"x":[0.64,0.64],"y":[1,1]},"o":{"x":[0.36,0.36],"y":[0,0]},"t":56,"s":[0,0]},{"i":{"x":[0.64,0.64],"y":[1,1]},"o":{"x":[0.36,0.36],"y":[0,0]},"t":66,"s":[450,450]},{"i":{"x":[0.833,0.833],"y":[1,1]},"o":{"x":[0.167,0.167],"y":[0,0]},"t":76,"s":[0,0]},{"i":{"x":[0.64,0.64],"y":[1,1]},"o":{"x":[0.36,0.36],"y":[0,0]},"t":106,"s":[0,0]},{"i":{"x":[0.64,0.64],"y":[1,1]},"o":{"x":[0.36,0.36],"y":[0,0]},"t":116,"s":[450,450]},{"t":126,"s":[0,0]}],"ix":3},"r":{"a":0,"k":0,"ix":6},"o":{"a":0,"k":100,"ix":7},"sk":{"a":0,"k":0,"ix":4},"sa":{"a":0,"k":0,"ix":5},"nm":"Transform"}],"nm":"Layer 39 Outlines - Group 4","np":1,"cix":2,"bm":0,"ix":2,"mn":"ADBE Vector Group","hd":false},{"ty":"gr","it":[{"ty":"gr","it":[{"ind":0,"ty":"sh","ix":1,"ks":{"a":0,"k":{"i":[[0,0.414],[-0.414,0],[0,-0.414],[0.414,0]],"o":[[0,-0.414],[0.414,0],[0,0.414],[-0.414,0]],"v":[[-0.75,0],[0,-0.75],[0.75,0],[0,0.75]],"c":true},"ix":2},"nm":"Path 1","mn":"ADBE Vector Shape - Group","hd":false},{"ty":"fl","c":{"a":0,"k":[0.128999993205,0.211999997497,0.372999995947,1],"ix":4,"x":"var $bm_rt;\ntry {\n    $bm_rt = thisComp.layer('Controller')('Effects')('Color')('ADBE Color Control-0001');\n} catch (e) {\n    $bm_rt = value;\n}"},"o":{"a":0,"k":100,"ix":5},"r":1,"bm":0,"nm":"Fill 1","mn":"ADBE Vector Graphic - Fill","hd":false},{"ty":"tr","p":{"a":0,"k":[68.251,16.997],"ix":2},"a":{"a":0,"k":[0,0],"ix":1},"s":{"a":0,"k":[100,100],"ix":3},"r":{"a":0,"k":0,"ix":6},"o":{"a":0,"k":100,"ix":7},"sk":{"a":0,"k":0,"ix":4},"sa":{"a":0,"k":0,"ix":5},"nm":"Transform"}],"nm":"Group 5","np":2,"cix":2,"bm":0,"ix":1,"mn":"ADBE Vector Group","hd":false},{"ty":"tr","p":{"a":0,"k":[382.75,161.381],"ix":2},"a":{"a":0,"k":[68.251,16.997],"ix":1},"s":{"a":1,"k":[{"i":{"x":[0.64,0.64],"y":[1,1]},"o":{"x":[0.36,0.36],"y":[0,0]},"t":4,"s":[0,0]},{"i":{"x":[0.64,0.64],"y":[1,1]},"o":{"x":[0.36,0.36],"y":[0,0]},"t":14,"s":[450,450]},{"i":{"x":[0.833,0.833],"y":[1,1]},"o":{"x":[0.167,0.167],"y":[0,0]},"t":24,"s":[0,0]},{"i":{"x":[0.64,0.64],"y":[1,1]},"o":{"x":[0.36,0.36],"y":[0,0]},"t":54,"s":[0,0]},{"i":{"x":[0.64,0.64],"y":[1,1]},"o":{"x":[0.36,0.36],"y":[0,0]},"t":64,"s":[450,450]},{"i":{"x":[0.833,0.833],"y":[1,1]},"o":{"x":[0.167,0.167],"y":[0,0]},"t":74,"s":[0,0]},{"i":{"x":[0.64,0.64],"y":[1,1]},"o":{"x":[0.36,0.36],"y":[0,0]},"t":104,"s":[0,0]},{"i":{"x":[0.64,0.64],"y":[1,1]},"o":{"x":[0.36,0.36],"y":[0,0]},"t":114,"s":[450,450]},{"t":124,"s":[0,0]}],"ix":3},"r":{"a":0,"k":0,"ix":6},"o":{"a":0,"k":100,"ix":7},"sk":{"a":0,"k":0,"ix":4},"sa":{"a":0,"k":0,"ix":5},"nm":"Transform"}],"nm":"Layer 39 Outlines - Group 5","np":1,"cix":2,"bm":0,"ix":3,"mn":"ADBE Vector Group","hd":false},{"ty":"gr","it":[{"ty":"gr","it":[{"ind":0,"ty":"sh","ix":1,"ks":{"a":0,"k":{"i":[[0,0.414],[-0.414,0],[0,-0.415],[0.414,0]],"o":[[0,-0.415],[0.414,0],[0,0.414],[-0.414,0]],"v":[[-0.75,0],[0,-0.75],[0.75,0],[0,0.75]],"c":true},"ix":2},"nm":"Path 1","mn":"ADBE Vector Shape - Group","hd":false},{"ty":"fl","c":{"a":0,"k":[0.128999993205,0.211999997497,0.372999995947,1],"ix":4,"x":"var $bm_rt;\ntry {\n    $bm_rt = thisComp.layer('Controller')('Effects')('Color')('ADBE Color Control-0001');\n} catch (e) {\n    $bm_rt = value;\n}"},"o":{"a":0,"k":100,"ix":5},"r":1,"bm":0,"nm":"Fill 1","mn":"ADBE Vector Graphic - Fill","hd":false},{"ty":"tr","p":{"a":0,"k":[68.251,13.997],"ix":2},"a":{"a":0,"k":[0,0],"ix":1},"s":{"a":0,"k":[100,100],"ix":3},"r":{"a":0,"k":0,"ix":6},"o":{"a":0,"k":100,"ix":7},"sk":{"a":0,"k":0,"ix":4},"sa":{"a":0,"k":0,"ix":5},"nm":"Transform"}],"nm":"Group 6","np":2,"cix":2,"bm":0,"ix":1,"mn":"ADBE Vector Group","hd":false},{"ty":"tr","p":{"a":0,"k":[382.75,147.881],"ix":2},"a":{"a":0,"k":[68.251,13.997],"ix":1},"s":{"a":1,"k":[{"i":{"x":[0.64,0.64],"y":[1,1]},"o":{"x":[0.36,0.36],"y":[0,0]},"t":2,"s":[0,0]},{"i":{"x":[0.64,0.64],"y":[1,1]},"o":{"x":[0.36,0.36],"y":[0,0]},"t":12,"s":[450,450]},{"i":{"x":[0.833,0.833],"y":[1,1]},"o":{"x":[0.167,0.167],"y":[0,0]},"t":22,"s":[0,0]},{"i":{"x":[0.64,0.64],"y":[1,1]},"o":{"x":[0.36,0.36],"y":[0,0]},"t":52,"s":[0,0]},{"i":{"x":[0.64,0.64],"y":[1,1]},"o":{"x":[0.36,0.36],"y":[0,0]},"t":62,"s":[450,450]},{"i":{"x":[0.833,0.833],"y":[1,1]},"o":{"x":[0.167,0.167],"y":[0,0]},"t":72,"s":[0,0]},{"i":{"x":[0.64,0.64],"y":[1,1]},"o":{"x":[0.36,0.36],"y":[0,0]},"t":102,"s":[0,0]},{"i":{"x":[0.64,0.64],"y":[1,1]},"o":{"x":[0.36,0.36],"y":[0,0]},"t":112,"s":[450,450]},{"t":122,"s":[0,0]}],"ix":3},"r":{"a":0,"k":0,"ix":6},"o":{"a":0,"k":100,"ix":7},"sk":{"a":0,"k":0,"ix":4},"sa":{"a":0,"k":0,"ix":5},"nm":"Transform"}],"nm":"Layer 39 Outlines - Group 6","np":1,"cix":2,"bm":0,"ix":4,"mn":"ADBE Vector Group","hd":false}],"ip":0,"op":150,"st":0,"ct":1,"bm":0},{"ddd":0,"ind":6,"ty":4,"nm":"Layer 39 Outlines - Group 7 :M","parent":2,"sr":1,"ks":{"o":{"a":0,"k":100,"ix":11},"r":{"a":0,"k":0,"ix":10},"p":{"a":0,"k":[152.392,-41.335,0],"ix":2,"l":2},"a":{"a":0,"k":[382.75,120.876,0],"ix":1,"l":2},"s":{"a":1,"k":[{"i":{"x":[0.64,0.64,0.64],"y":[1,1,1]},"o":{"x":[0.36,0.36,0.36],"y":[0,0,0]},"t":0,"s":[0,0,100]},{"i":{"x":[0.64,0.64,0.64],"y":[1,1,1]},"o":{"x":[0.36,0.36,0.36],"y":[0,0,0]},"t":10,"s":[100,100,100]},{"i":{"x":[0.833,0.833,0.833],"y":[1,1,1]},"o":{"x":[0.167,0.167,0.167],"y":[0,0,0]},"t":20,"s":[0,0,100]},{"i":{"x":[0.64,0.64,0.64],"y":[1,1,1]},"o":{"x":[0.36,0.36,0.36],"y":[0,0,0]},"t":50,"s":[0,0,100]},{"i":{"x":[0.64,0.64,0.64],"y":[1,1,1]},"o":{"x":[0.36,0.36,0.36],"y":[0,0,0]},"t":60,"s":[100,100,100]},{"i":{"x":[0.833,0.833,0.833],"y":[1,1,1]},"o":{"x":[0.167,0.167,0.167],"y":[0,0,0]},"t":70,"s":[0,0,100]},{"i":{"x":[0.64,0.64,0.64],"y":[1,1,1]},"o":{"x":[0.36,0.36,0.36],"y":[0,0,0]},"t":100,"s":[0,0,100]},{"i":{"x":[0.64,0.64,0.64],"y":[1,1,1]},"o":{"x":[0.36,0.36,0.36],"y":[0,0,0]},"t":110,"s":[100,100,100]},{"t":120,"s":[0,0,100]}],"ix":6,"l":2}},"ao":0,"shapes":[{"ty":"gr","it":[{"ty":"gr","it":[{"ind":0,"ty":"sh","ix":1,"ks":{"a":0,"k":{"i":[[0.414,0],[0,0.414],[0,0],[-0.414,0],[0,-0.414],[0,0]],"o":[[-0.414,0],[0,0],[0,-0.414],[0.414,0],[0,0],[0,0.414]],"v":[[0,2.75],[-0.75,2],[-0.75,-2],[0,-2.75],[0.75,-2],[0.75,2]],"c":true},"ix":2},"nm":"Path 1","mn":"ADBE Vector Shape - Group","hd":false},{"ty":"fl","c":{"a":0,"k":[0.128999993205,0.211999997497,0.372999995947,1],"ix":4,"x":"var $bm_rt;\ntry {\n    $bm_rt = thisComp.layer('Controller')('Effects')('Color')('ADBE Color Control-0001');\n} catch (e) {\n    $bm_rt = value;\n}"},"o":{"a":0,"k":100,"ix":5},"r":1,"bm":0,"nm":"Fill 1","mn":"ADBE Vector Graphic - Fill","hd":false},{"ty":"tr","p":{"a":0,"k":[68.251,7.996],"ix":2},"a":{"a":0,"k":[0,0],"ix":1},"s":{"a":0,"k":[100,100],"ix":3},"r":{"a":0,"k":0,"ix":6},"o":{"a":0,"k":100,"ix":7},"sk":{"a":0,"k":0,"ix":4},"sa":{"a":0,"k":0,"ix":5},"nm":"Transform"}],"nm":"Group 7","np":2,"cix":2,"bm":0,"ix":1,"mn":"ADBE Vector Group","hd":false},{"ty":"tr","p":{"a":0,"k":[382.75,120.876],"ix":2},"a":{"a":0,"k":[68.251,7.996],"ix":1},"s":{"a":0,"k":[450,450],"ix":3},"r":{"a":0,"k":0,"ix":6},"o":{"a":0,"k":100,"ix":7},"sk":{"a":0,"k":0,"ix":4},"sa":{"a":0,"k":0,"ix":5},"nm":"Transform"}],"nm":"Layer 39 Outlines - Group 7","np":1,"cix":2,"bm":0,"ix":1,"mn":"ADBE Vector Group","hd":false},{"ty":"gr","it":[{"ty":"gr","it":[{"ind":0,"ty":"sh","ix":1,"ks":{"a":0,"k":{"i":[[0.414,0],[0,0],[0,0.414],[-0.414,0],[0,0],[0,-0.414]],"o":[[0,0],[-0.414,0],[0,-0.414],[0,0],[0.414,0],[0,0.414]],"v":[[2,0.75],[-2,0.75],[-2.75,0],[-2,-0.75],[2,-0.75],[2.75,0]],"c":true},"ix":2},"nm":"Path 1","mn":"ADBE Vector Shape - Group","hd":false},{"ty":"fl","c":{"a":0,"k":[0.128999993205,0.211999997497,0.372999995947,1],"ix":4,"x":"var $bm_rt;\ntry {\n    $bm_rt = thisComp.layer('Controller')('Effects')('Color')('ADBE Color Control-0001');\n} catch (e) {\n    $bm_rt = value;\n}"},"o":{"a":0,"k":100,"ix":5},"r":1,"bm":0,"nm":"Fill 1","mn":"ADBE Vector Graphic - Fill","hd":false},{"ty":"tr","p":{"a":0,"k":[68.251,7.996],"ix":2},"a":{"a":0,"k":[0,0],"ix":1},"s":{"a":0,"k":[100,100],"ix":3},"r":{"a":0,"k":0,"ix":6},"o":{"a":0,"k":100,"ix":7},"sk":{"a":0,"k":0,"ix":4},"sa":{"a":0,"k":0,"ix":5},"nm":"Transform"}],"nm":"Group 8","np":2,"cix":2,"bm":0,"ix":1,"mn":"ADBE Vector Group","hd":false},{"ty":"tr","p":{"a":0,"k":[382.75,120.876],"ix":2},"a":{"a":0,"k":[68.251,7.996],"ix":1},"s":{"a":0,"k":[450,450],"ix":3},"r":{"a":0,"k":0,"ix":6},"o":{"a":0,"k":100,"ix":7},"sk":{"a":0,"k":0,"ix":4},"sa":{"a":0,"k":0,"ix":5},"nm":"Transform"}],"nm":"Layer 39 Outlines - Group 8","np":1,"cix":2,"bm":0,"ix":2,"mn":"ADBE Vector Group","hd":false}],"ip":0,"op":150,"st":0,"ct":1,"bm":0},{"ddd":0,"ind":7,"ty":4,"nm":"Layer 39 Outlines - Group 9 :M","parent":2,"sr":1,"ks":{"o":{"a":0,"k":100,"ix":11},"r":{"a":0,"k":0,"ix":10},"p":{"a":0,"k":[102.887,27.299,0],"ix":2,"l":2},"a":{"a":0,"k":[333.246,189.51,0],"ix":1,"l":2},"s":{"a":0,"k":[100,100,100],"ix":6,"l":2}},"ao":0,"shapes":[{"ty":"gr","it":[{"ty":"gr","it":[{"ind":0,"ty":"sh","ix":1,"ks":{"a":0,"k":{"i":[[0,-0.414],[0.414,0],[0,0.414],[-0.414,0]],"o":[[0,0.414],[-0.414,0],[0,-0.414],[0.414,0]],"v":[[0.75,0],[0,0.75],[-0.75,0],[0,-0.75]],"c":true},"ix":2},"nm":"Path 1","mn":"ADBE Vector Shape - Group","hd":false},{"ty":"fl","c":{"a":0,"k":[0.128999993205,0.211999997497,0.372999995947,1],"ix":4,"x":"var $bm_rt;\ntry {\n    $bm_rt = thisComp.layer('Controller')('Effects')('Color')('ADBE Color Control-0001');\n} catch (e) {\n    $bm_rt = value;\n}"},"o":{"a":0,"k":100,"ix":5},"r":1,"bm":0,"nm":"Fill 1","mn":"ADBE Vector Graphic - Fill","hd":false},{"ty":"tr","p":{"a":0,"k":[57.25,16.747],"ix":2},"a":{"a":0,"k":[0,0],"ix":1},"s":{"a":0,"k":[100,100],"ix":3},"r":{"a":0,"k":0,"ix":6},"o":{"a":0,"k":100,"ix":7},"sk":{"a":0,"k":0,"ix":4},"sa":{"a":0,"k":0,"ix":5},"nm":"Transform"}],"nm":"Group 9","np":2,"cix":2,"bm":0,"ix":1,"mn":"ADBE Vector Group","hd":false},{"ty":"tr","p":{"a":0,"k":[333.246,160.256],"ix":2},"a":{"a":0,"k":[57.25,16.747],"ix":1},"s":{"a":1,"k":[{"i":{"x":[0.64,0.64],"y":[1,1]},"o":{"x":[0.36,0.36],"y":[0,0]},"t":8,"s":[0,0]},{"i":{"x":[0.64,0.64],"y":[1,1]},"o":{"x":[0.36,0.36],"y":[0,0]},"t":18,"s":[450,450]},{"i":{"x":[0.833,0.833],"y":[1,1]},"o":{"x":[0.167,0.167],"y":[0,0]},"t":28,"s":[0,0]},{"i":{"x":[0.64,0.64],"y":[1,1]},"o":{"x":[0.36,0.36],"y":[0,0]},"t":58,"s":[0,0]},{"i":{"x":[0.64,0.64],"y":[1,1]},"o":{"x":[0.36,0.36],"y":[0,0]},"t":68,"s":[450,450]},{"i":{"x":[0.833,0.833],"y":[1,1]},"o":{"x":[0.167,0.167],"y":[0,0]},"t":78,"s":[0,0]},{"i":{"x":[0.64,0.64],"y":[1,1]},"o":{"x":[0.36,0.36],"y":[0,0]},"t":108,"s":[0,0]},{"i":{"x":[0.64,0.64],"y":[1,1]},"o":{"x":[0.36,0.36],"y":[0,0]},"t":118,"s":[450,450]},{"t":128,"s":[0,0]}],"ix":3},"r":{"a":0,"k":0,"ix":6},"o":{"a":0,"k":100,"ix":7},"sk":{"a":0,"k":0,"ix":4},"sa":{"a":0,"k":0,"ix":5},"nm":"Transform"}],"nm":"Layer 39 Outlines - Group 9","np":1,"cix":2,"bm":0,"ix":1,"mn":"ADBE Vector Group","hd":false},{"ty":"gr","it":[{"ty":"gr","it":[{"ind":0,"ty":"sh","ix":1,"ks":{"a":0,"k":{"i":[[0,-0.414],[0.414,0],[0,0.414],[-0.414,0]],"o":[[0,0.414],[-0.414,0],[0,-0.414],[0.414,0]],"v":[[0.75,0],[0,0.75],[-0.75,0],[0,-0.75]],"c":true},"ix":2},"nm":"Path 1","mn":"ADBE Vector Shape - Group","hd":false},{"ty":"fl","c":{"a":0,"k":[0.128999993205,0.211999997497,0.372999995947,1],"ix":4,"x":"var $bm_rt;\ntry {\n    $bm_rt = thisComp.layer('Controller')('Effects')('Color')('ADBE Color Control-0001');\n} catch (e) {\n    $bm_rt = value;\n}"},"o":{"a":0,"k":100,"ix":5},"r":1,"bm":0,"nm":"Fill 1","mn":"ADBE Vector Graphic - Fill","hd":false},{"ty":"tr","p":{"a":0,"k":[57.25,22.747],"ix":2},"a":{"a":0,"k":[0,0],"ix":1},"s":{"a":0,"k":[100,100],"ix":3},"r":{"a":0,"k":0,"ix":6},"o":{"a":0,"k":100,"ix":7},"sk":{"a":0,"k":0,"ix":4},"sa":{"a":0,"k":0,"ix":5},"nm":"Transform"}],"nm":"Group 10","np":2,"cix":2,"bm":0,"ix":1,"mn":"ADBE Vector Group","hd":false},{"ty":"tr","p":{"a":0,"k":[333.246,187.256],"ix":2},"a":{"a":0,"k":[57.25,22.747],"ix":1},"s":{"a":1,"k":[{"i":{"x":[0.64,0.64],"y":[1,1]},"o":{"x":[0.36,0.36],"y":[0,0]},"t":6,"s":[0,0]},{"i":{"x":[0.64,0.64],"y":[1,1]},"o":{"x":[0.36,0.36],"y":[0,0]},"t":16,"s":[450,450]},{"i":{"x":[0.833,0.833],"y":[1,1]},"o":{"x":[0.167,0.167],"y":[0,0]},"t":26,"s":[0,0]},{"i":{"x":[0.64,0.64],"y":[1,1]},"o":{"x":[0.36,0.36],"y":[0,0]},"t":56,"s":[0,0]},{"i":{"x":[0.64,0.64],"y":[1,1]},"o":{"x":[0.36,0.36],"y":[0,0]},"t":66,"s":[450,450]},{"i":{"x":[0.833,0.833],"y":[1,1]},"o":{"x":[0.167,0.167],"y":[0,0]},"t":76,"s":[0,0]},{"i":{"x":[0.64,0.64],"y":[1,1]},"o":{"x":[0.36,0.36],"y":[0,0]},"t":106,"s":[0,0]},{"i":{"x":[0.64,0.64],"y":[1,1]},"o":{"x":[0.36,0.36],"y":[0,0]},"t":116,"s":[450,450]},{"t":126,"s":[0,0]}],"ix":3},"r":{"a":0,"k":0,"ix":6},"o":{"a":0,"k":100,"ix":7},"sk":{"a":0,"k":0,"ix":4},"sa":{"a":0,"k":0,"ix":5},"nm":"Transform"}],"nm":"Layer 39 Outlines - Group 110","np":1,"cix":2,"bm":0,"ix":2,"mn":"ADBE Vector Group","hd":false},{"ty":"gr","it":[{"ty":"gr","it":[{"ind":0,"ty":"sh","ix":1,"ks":{"a":0,"k":{"i":[[0,-0.414],[0.414,0],[0,0.414],[-0.414,0]],"o":[[0,0.414],[-0.414,0],[0,-0.414],[0.414,0]],"v":[[0.75,0],[0,0.75],[-0.75,0],[0,-0.75]],"c":true},"ix":2},"nm":"Path 1","mn":"ADBE Vector Shape - Group","hd":false},{"ty":"fl","c":{"a":0,"k":[0.128999993205,0.211999997497,0.372999995947,1],"ix":4,"x":"var $bm_rt;\ntry {\n    $bm_rt = thisComp.layer('Controller')('Effects')('Color')('ADBE Color Control-0001');\n} catch (e) {\n    $bm_rt = value;\n}"},"o":{"a":0,"k":100,"ix":5},"r":1,"bm":0,"nm":"Fill 1","mn":"ADBE Vector Graphic - Fill","hd":false},{"ty":"tr","p":{"a":0,"k":[57.25,26.748],"ix":2},"a":{"a":0,"k":[0,0],"ix":1},"s":{"a":0,"k":[100,100],"ix":3},"r":{"a":0,"k":0,"ix":6},"o":{"a":0,"k":100,"ix":7},"sk":{"a":0,"k":0,"ix":4},"sa":{"a":0,"k":0,"ix":5},"nm":"Transform"}],"nm":"Group 11","np":2,"cix":2,"bm":0,"ix":1,"mn":"ADBE Vector Group","hd":false},{"ty":"tr","p":{"a":0,"k":[333.246,205.26],"ix":2},"a":{"a":0,"k":[57.25,26.748],"ix":1},"s":{"a":1,"k":[{"i":{"x":[0.64,0.64],"y":[1,1]},"o":{"x":[0.36,0.36],"y":[0,0]},"t":4,"s":[0,0]},{"i":{"x":[0.64,0.64],"y":[1,1]},"o":{"x":[0.36,0.36],"y":[0,0]},"t":14,"s":[450,450]},{"i":{"x":[0.833,0.833],"y":[1,1]},"o":{"x":[0.167,0.167],"y":[0,0]},"t":24,"s":[0,0]},{"i":{"x":[0.64,0.64],"y":[1,1]},"o":{"x":[0.36,0.36],"y":[0,0]},"t":54,"s":[0,0]},{"i":{"x":[0.64,0.64],"y":[1,1]},"o":{"x":[0.36,0.36],"y":[0,0]},"t":64,"s":[450,450]},{"i":{"x":[0.833,0.833],"y":[1,1]},"o":{"x":[0.167,0.167],"y":[0,0]},"t":74,"s":[0,0]},{"i":{"x":[0.64,0.64],"y":[1,1]},"o":{"x":[0.36,0.36],"y":[0,0]},"t":104,"s":[0,0]},{"i":{"x":[0.64,0.64],"y":[1,1]},"o":{"x":[0.36,0.36],"y":[0,0]},"t":114,"s":[450,450]},{"t":124,"s":[0,0]}],"ix":3},"r":{"a":0,"k":0,"ix":6},"o":{"a":0,"k":100,"ix":7},"sk":{"a":0,"k":0,"ix":4},"sa":{"a":0,"k":0,"ix":5},"nm":"Transform"}],"nm":"Layer 39 Outlines - Group 111","np":1,"cix":2,"bm":0,"ix":3,"mn":"ADBE Vector Group","hd":false},{"ty":"gr","it":[{"ty":"gr","it":[{"ind":0,"ty":"sh","ix":1,"ks":{"a":0,"k":{"i":[[0,-0.415],[0.414,0],[0,0.414],[-0.414,0]],"o":[[0,0.414],[-0.414,0],[0,-0.415],[0.414,0]],"v":[[0.75,0],[0,0.75],[-0.75,0],[0,-0.75]],"c":true},"ix":2},"nm":"Path 1","mn":"ADBE Vector Shape - Group","hd":false},{"ty":"fl","c":{"a":0,"k":[0.128999993205,0.211999997497,0.372999995947,1],"ix":4,"x":"var $bm_rt;\ntry {\n    $bm_rt = thisComp.layer('Controller')('Effects')('Color')('ADBE Color Control-0001');\n} catch (e) {\n    $bm_rt = value;\n}"},"o":{"a":0,"k":100,"ix":5},"r":1,"bm":0,"nm":"Fill 1","mn":"ADBE Vector Graphic - Fill","hd":false},{"ty":"tr","p":{"a":0,"k":[57.25,29.749],"ix":2},"a":{"a":0,"k":[0,0],"ix":1},"s":{"a":0,"k":[100,100],"ix":3},"r":{"a":0,"k":0,"ix":6},"o":{"a":0,"k":100,"ix":7},"sk":{"a":0,"k":0,"ix":4},"sa":{"a":0,"k":0,"ix":5},"nm":"Transform"}],"nm":"Group 12","np":2,"cix":2,"bm":0,"ix":1,"mn":"ADBE Vector Group","hd":false},{"ty":"tr","p":{"a":0,"k":[333.246,218.764],"ix":2},"a":{"a":0,"k":[57.25,29.749],"ix":1},"s":{"a":1,"k":[{"i":{"x":[0.64,0.64],"y":[1,1]},"o":{"x":[0.36,0.36],"y":[0,0]},"t":2,"s":[0,0]},{"i":{"x":[0.64,0.64],"y":[1,1]},"o":{"x":[0.36,0.36],"y":[0,0]},"t":12,"s":[450,450]},{"i":{"x":[0.833,0.833],"y":[1,1]},"o":{"x":[0.167,0.167],"y":[0,0]},"t":22,"s":[0,0]},{"i":{"x":[0.64,0.64],"y":[1,1]},"o":{"x":[0.36,0.36],"y":[0,0]},"t":52,"s":[0,0]},{"i":{"x":[0.64,0.64],"y":[1,1]},"o":{"x":[0.36,0.36],"y":[0,0]},"t":62,"s":[450,450]},{"i":{"x":[0.833,0.833],"y":[1,1]},"o":{"x":[0.167,0.167],"y":[0,0]},"t":72,"s":[0,0]},{"i":{"x":[0.64,0.64],"y":[1,1]},"o":{"x":[0.36,0.36],"y":[0,0]},"t":102,"s":[0,0]},{"i":{"x":[0.64,0.64],"y":[1,1]},"o":{"x":[0.36,0.36],"y":[0,0]},"t":112,"s":[450,450]},{"t":122,"s":[0,0]}],"ix":3},"r":{"a":0,"k":0,"ix":6},"o":{"a":0,"k":100,"ix":7},"sk":{"a":0,"k":0,"ix":4},"sa":{"a":0,"k":0,"ix":5},"nm":"Transform"}],"nm":"Layer 39 Outlines - Group 112","np":1,"cix":2,"bm":0,"ix":4,"mn":"ADBE Vector Group","hd":false}],"ip":0,"op":150,"st":0,"ct":1,"bm":0},{"ddd":0,"ind":8,"ty":4,"nm":"Layer 39 Outlines - Group 13 :M","parent":2,"sr":1,"ks":{"o":{"a":0,"k":100,"ix":11},"r":{"a":0,"k":0,"ix":10},"p":{"a":0,"k":[102.887,83.553,0],"ix":2,"l":2},"a":{"a":0,"k":[333.246,245.764,0],"ix":1,"l":2},"s":{"a":1,"k":[{"i":{"x":[0.64,0.64,0.64],"y":[1,1,1]},"o":{"x":[0.36,0.36,0.36],"y":[0,0,0]},"t":0,"s":[0,0,100]},{"i":{"x":[0.64,0.64,0.64],"y":[1,1,1]},"o":{"x":[0.36,0.36,0.36],"y":[0,0,0]},"t":10,"s":[100,100,100]},{"i":{"x":[0.833,0.833,0.833],"y":[1,1,1]},"o":{"x":[0.167,0.167,0.167],"y":[0,0,0]},"t":20,"s":[0,0,100]},{"i":{"x":[0.64,0.64,0.64],"y":[1,1,1]},"o":{"x":[0.36,0.36,0.36],"y":[0,0,0]},"t":50,"s":[0,0,100]},{"i":{"x":[0.64,0.64,0.64],"y":[1,1,1]},"o":{"x":[0.36,0.36,0.36],"y":[0,0,0]},"t":60,"s":[100,100,100]},{"i":{"x":[0.833,0.833,0.833],"y":[1,1,1]},"o":{"x":[0.167,0.167,0.167],"y":[0,0,0]},"t":70,"s":[0,0,100]},{"i":{"x":[0.64,0.64,0.64],"y":[1,1,1]},"o":{"x":[0.36,0.36,0.36],"y":[0,0,0]},"t":100,"s":[0,0,100]},{"i":{"x":[0.64,0.64,0.64],"y":[1,1,1]},"o":{"x":[0.36,0.36,0.36],"y":[0,0,0]},"t":110,"s":[100,100,100]},{"t":120,"s":[0,0,100]}],"ix":6,"l":2}},"ao":0,"shapes":[{"ty":"gr","it":[{"ty":"gr","it":[{"ind":0,"ty":"sh","ix":1,"ks":{"a":0,"k":{"i":[[0.414,0],[0,0.414],[0,0],[-0.414,0],[0,-0.414],[0,0]],"o":[[-0.414,0],[0,0],[0,-0.414],[0.414,0],[0,0],[0,0.414]],"v":[[0,2.75],[-0.75,2],[-0.75,-2],[0,-2.75],[0.75,-2],[0.75,2]],"c":true},"ix":2},"nm":"Path 1","mn":"ADBE Vector Shape - Group","hd":false},{"ty":"fl","c":{"a":0,"k":[0.128999993205,0.211999997497,0.372999995947,1],"ix":4,"x":"var $bm_rt;\ntry {\n    $bm_rt = thisComp.layer('Controller')('Effects')('Color')('ADBE Color Control-0001');\n} catch (e) {\n    $bm_rt = value;\n}"},"o":{"a":0,"k":100,"ix":5},"r":1,"bm":0,"nm":"Fill 1","mn":"ADBE Vector Graphic - Fill","hd":false},{"ty":"tr","p":{"a":0,"k":[57.25,35.749],"ix":2},"a":{"a":0,"k":[0,0],"ix":1},"s":{"a":0,"k":[100,100],"ix":3},"r":{"a":0,"k":0,"ix":6},"o":{"a":0,"k":100,"ix":7},"sk":{"a":0,"k":0,"ix":4},"sa":{"a":0,"k":0,"ix":5},"nm":"Transform"}],"nm":"Group 13","np":2,"cix":2,"bm":0,"ix":1,"mn":"ADBE Vector Group","hd":false},{"ty":"tr","p":{"a":0,"k":[333.246,245.764],"ix":2},"a":{"a":0,"k":[57.25,35.749],"ix":1},"s":{"a":0,"k":[450,450],"ix":3},"r":{"a":0,"k":0,"ix":6},"o":{"a":0,"k":100,"ix":7},"sk":{"a":0,"k":0,"ix":4},"sa":{"a":0,"k":0,"ix":5},"nm":"Transform"}],"nm":"Layer 39 Outlines - Group 113","np":1,"cix":2,"bm":0,"ix":1,"mn":"ADBE Vector Group","hd":false},{"ty":"gr","it":[{"ty":"gr","it":[{"ind":0,"ty":"sh","ix":1,"ks":{"a":0,"k":{"i":[[0.414,0],[0,0],[0,0.414],[-0.414,0],[0,0],[0,-0.414]],"o":[[0,0],[-0.414,0],[0,-0.414],[0,0],[0.414,0],[0,0.414]],"v":[[2,0.75],[-2,0.75],[-2.75,0],[-2,-0.75],[2,-0.75],[2.75,0]],"c":true},"ix":2},"nm":"Path 1","mn":"ADBE Vector Shape - Group","hd":false},{"ty":"fl","c":{"a":0,"k":[0.128999993205,0.211999997497,0.372999995947,1],"ix":4,"x":"var $bm_rt;\ntry {\n    $bm_rt = thisComp.layer('Controller')('Effects')('Color')('ADBE Color Control-0001');\n} catch (e) {\n    $bm_rt = value;\n}"},"o":{"a":0,"k":100,"ix":5},"r":1,"bm":0,"nm":"Fill 1","mn":"ADBE Vector Graphic - Fill","hd":false},{"ty":"tr","p":{"a":0,"k":[57.25,35.749],"ix":2},"a":{"a":0,"k":[0,0],"ix":1},"s":{"a":0,"k":[100,100],"ix":3},"r":{"a":0,"k":0,"ix":6},"o":{"a":0,"k":100,"ix":7},"sk":{"a":0,"k":0,"ix":4},"sa":{"a":0,"k":0,"ix":5},"nm":"Transform"}],"nm":"Group 14","np":2,"cix":2,"bm":0,"ix":1,"mn":"ADBE Vector Group","hd":false},{"ty":"tr","p":{"a":0,"k":[333.246,245.764],"ix":2},"a":{"a":0,"k":[57.25,35.749],"ix":1},"s":{"a":0,"k":[450,450],"ix":3},"r":{"a":0,"k":0,"ix":6},"o":{"a":0,"k":100,"ix":7},"sk":{"a":0,"k":0,"ix":4},"sa":{"a":0,"k":0,"ix":5},"nm":"Transform"}],"nm":"Layer 39 Outlines - Group 114","np":1,"cix":2,"bm":0,"ix":2,"mn":"ADBE Vector Group","hd":false}],"ip":0,"op":150,"st":0,"ct":1,"bm":0},{"ddd":0,"ind":9,"ty":4,"nm":"Layer 39 Outlines - Group 15 :M","parent":2,"sr":1,"ks":{"o":{"a":0,"k":100,"ix":11},"r":{"a":0,"k":0,"ix":10},"p":{"a":1,"k":[{"i":{"x":0.64,"y":1},"o":{"x":0.36,"y":0},"t":10,"s":[129.892,104.101,0],"to":[0,-2.894,0],"ti":[0,0,0]},{"i":{"x":0.64,"y":1},"o":{"x":0.36,"y":0},"t":20,"s":[129.892,86.74,0],"to":[0,0,0],"ti":[0,0,0]},{"i":{"x":0.64,"y":1},"o":{"x":0.36,"y":0},"t":30,"s":[129.892,104.101,0],"to":[0,0,0],"ti":[0,0,0]},{"i":{"x":0.64,"y":1},"o":{"x":0.36,"y":0},"t":40,"s":[129.892,86.74,0],"to":[0,0,0],"ti":[0,-2.894,0]},{"i":{"x":0.64,"y":0.64},"o":{"x":0.36,"y":0.36},"t":50,"s":[129.892,104.101,0],"to":[0,0,0],"ti":[0,0,0]},{"i":{"x":0.64,"y":1},"o":{"x":0.36,"y":0},"t":60,"s":[129.892,104.101,0],"to":[0,-2.894,0],"ti":[0,0,0]},{"i":{"x":0.64,"y":1},"o":{"x":0.36,"y":0},"t":70,"s":[129.892,86.74,0],"to":[0,0,0],"ti":[0,0,0]},{"i":{"x":0.64,"y":1},"o":{"x":0.36,"y":0},"t":80,"s":[129.892,104.101,0],"to":[0,0,0],"ti":[0,0,0]},{"i":{"x":0.64,"y":1},"o":{"x":0.36,"y":0},"t":90,"s":[129.892,86.74,0],"to":[0,0,0],"ti":[0,-2.894,0]},{"i":{"x":0.64,"y":0.64},"o":{"x":0.36,"y":0.36},"t":100,"s":[129.892,104.101,0],"to":[0,0,0],"ti":[0,0,0]},{"i":{"x":0.64,"y":1},"o":{"x":0.36,"y":0},"t":110,"s":[129.892,104.101,0],"to":[0,-2.894,0],"ti":[0,0,0]},{"i":{"x":0.64,"y":1},"o":{"x":0.36,"y":0},"t":120,"s":[129.892,86.74,0],"to":[0,0,0],"ti":[0,0,0]},{"i":{"x":0.64,"y":1},"o":{"x":0.36,"y":0},"t":130,"s":[129.892,104.101,0],"to":[0,0,0],"ti":[0,0,0]},{"i":{"x":0.64,"y":1},"o":{"x":0.36,"y":0},"t":140,"s":[129.892,86.74,0],"to":[0,0,0],"ti":[0,-2.894,0]},{"t":150,"s":[129.892,104.101,0]}],"ix":2,"l":2},"a":{"a":0,"k":[360.25,266.312,0],"ix":1,"l":2},"s":{"a":0,"k":[100,100,100],"ix":6,"l":2}},"ao":0,"shapes":[{"ty":"gr","it":[{"ty":"gr","it":[{"ind":0,"ty":"sh","ix":1,"ks":{"a":0,"k":{"i":[[0.414,0],[0,0.414],[0,0],[-0.414,0],[0,-0.414],[0,0]],"o":[[-0.414,0],[0,0],[0,-0.414],[0.414,0],[0,0],[0,0.414]],"v":[[0,2.75],[-0.75,2],[-0.75,-2],[0,-2.75],[0.75,-2],[0.75,2]],"c":true},"ix":2},"nm":"Path 1","mn":"ADBE Vector Shape - Group","hd":false},{"ty":"fl","c":{"a":0,"k":[0.128999993205,0.211999997497,0.372999995947,1],"ix":4,"x":"var $bm_rt;\ntry {\n    $bm_rt = thisComp.layer('Controller')('Effects')('Color')('ADBE Color Control-0001');\n} catch (e) {\n    $bm_rt = value;\n}"},"o":{"a":0,"k":100,"ix":5},"r":1,"bm":0,"nm":"Fill 1","mn":"ADBE Vector Graphic - Fill","hd":false},{"ty":"tr","p":{"a":0,"k":[63.251,45.994],"ix":2},"a":{"a":0,"k":[0,0],"ix":1},"s":{"a":0,"k":[100,100],"ix":3},"r":{"a":0,"k":0,"ix":6},"o":{"a":0,"k":100,"ix":7},"sk":{"a":0,"k":0,"ix":4},"sa":{"a":0,"k":0,"ix":5},"nm":"Transform"}],"nm":"Group 15","np":2,"cix":2,"bm":0,"ix":1,"mn":"ADBE Vector Group","hd":false},{"ty":"tr","p":{"a":0,"k":[360.25,291.867],"ix":2},"a":{"a":0,"k":[63.251,45.994],"ix":1},"s":{"a":0,"k":[450,450],"ix":3},"r":{"a":0,"k":0,"ix":6},"o":{"a":0,"k":100,"ix":7},"sk":{"a":0,"k":0,"ix":4},"sa":{"a":0,"k":0,"ix":5},"nm":"Transform"}],"nm":"Layer 39 Outlines - Group 115","np":1,"cix":2,"bm":0,"ix":1,"mn":"ADBE Vector Group","hd":false},{"ty":"gr","it":[{"ty":"gr","it":[{"ind":0,"ty":"sh","ix":1,"ks":{"a":0,"k":{"i":[[4.396,2.771],[0,0],[-3.446,0],[0,0],[0,3.445],[0,0]],"o":[[0,0],[0,3.445],[0,0],[3.446,0],[0,0],[-4.395,2.77]],"v":[[-7.25,-6.872],[-7.25,1.376],[-1,7.626],[1,7.626],[7.25,1.376],[7.25,-6.872]],"c":true},"ix":2},"nm":"Path 1","mn":"ADBE Vector Shape - Group","hd":false},{"ind":1,"ty":"sh","ix":2,"ks":{"a":0,"k":{"i":[[4.273,0],[0,0],[0,4.273],[0,0],[-0.26,0.124],[-0.226,-0.181],[-4.363,3.49],[-0.26,-0.124],[0,-0.288],[0,0]],"o":[[0,0],[-4.273,0],[0,0],[0,-0.288],[0.26,-0.126],[4.363,3.491],[0.227,-0.181],[0.26,0.124],[0,0],[0,4.273]],"v":[[1,9.126],[-1,9.126],[-8.75,1.376],[-8.75,-8.324],[-8.325,-9],[-7.531,-8.91],[7.531,-8.909],[8.325,-9],[8.75,-8.324],[8.75,1.376]],"c":true},"ix":2},"nm":"Path 2","mn":"ADBE Vector Shape - Group","hd":false},{"ty":"mm","mm":1,"nm":"Merge Paths 1","mn":"ADBE Vector Filter - Merge","hd":false},{"ty":"fl","c":{"a":0,"k":[0.128999993205,0.211999997497,0.372999995947,1],"ix":4,"x":"var $bm_rt;\ntry {\n    $bm_rt = thisComp.layer('Controller')('Effects')('Color')('ADBE Color Control-0001');\n} catch (e) {\n    $bm_rt = value;\n}"},"o":{"a":0,"k":100,"ix":5},"r":1,"bm":0,"nm":"Fill 1","mn":"ADBE Vector Graphic - Fill","hd":false},{"ty":"tr","p":{"a":0,"k":[63.251,56.689],"ix":2},"a":{"a":0,"k":[0,0],"ix":1},"s":{"a":0,"k":[100,100],"ix":3},"r":{"a":0,"k":0,"ix":6},"o":{"a":0,"k":100,"ix":7},"sk":{"a":0,"k":0,"ix":4},"sa":{"a":0,"k":0,"ix":5},"nm":"Transform"}],"nm":"Group 16","np":4,"cix":2,"bm":0,"ix":1,"mn":"ADBE Vector Group","hd":false},{"ty":"tr","p":{"a":0,"k":[360.25,340.111],"ix":2},"a":{"a":0,"k":[63.251,56.715],"ix":1},"s":{"a":0,"k":[450,450],"ix":3},"r":{"a":0,"k":0,"ix":6},"o":{"a":0,"k":100,"ix":7},"sk":{"a":0,"k":0,"ix":4},"sa":{"a":0,"k":0,"ix":5},"nm":"Transform"}],"nm":"Layer 39 Outlines - Group 116","np":1,"cix":2,"bm":0,"ix":2,"mn":"ADBE Vector Group","hd":false},{"ty":"gr","it":[{"ty":"gr","it":[{"ind":0,"ty":"sh","ix":1,"ks":{"a":0,"k":{"i":[[0,0],[0,0]],"o":[[0,0],[0,0]],"v":[[8,2.26],[8.01,2.26]],"c":true},"ix":2},"nm":"Path 1","mn":"ADBE Vector Shape - Group","hd":false},{"ind":1,"ty":"sh","ix":2,"ks":{"a":0,"k":{"i":[[0.036,-3.415],[-4.257,3.2],[3.424,0],[0,0]],"o":[[4.259,3.2],[-0.036,-3.415],[0,0],[-3.424,0]],"v":[[-7.25,1.894],[7.25,1.894],[1,-4.29],[-1,-4.29]],"c":true},"ix":2},"nm":"Path 2","mn":"ADBE Vector Shape - Group","hd":false},{"ind":2,"ty":"sh","ix":3,"ks":{"a":0,"k":{"i":[[3.008,0],[2.454,1.962],[0,0.228],[0,0],[-4.273,0],[0,0],[0,-4.273],[0,0],[0.177,-0.142]],"o":[[-3.007,0],[-0.177,-0.143],[0,0],[0,-4.273],[0,0],[4.273,0],[0,0],[0,0.228],[-2.453,1.963]],"v":[[0,5.79],[-8.469,2.847],[-8.75,2.26],[-8.75,1.96],[-1,-5.79],[1,-5.79],[8.75,1.96],[8.75,2.26],[8.469,2.846]],"c":true},"ix":2},"nm":"Path 3","mn":"ADBE Vector Shape - Group","hd":false},{"ty":"fl","c":{"a":0,"k":[0.128999993205,0.211999997497,0.372999995947,1],"ix":4,"x":"var $bm_rt;\ntry {\n    $bm_rt = thisComp.layer('Controller')('Effects')('Color')('ADBE Color Control-0001');\n} catch (e) {\n    $bm_rt = value;\n}"},"o":{"a":0,"k":100,"ix":5},"r":1,"bm":0,"nm":"Fill 1","mn":"ADBE Vector Graphic - Fill","hd":false},{"ty":"tr","p":{"a":0,"k":[63.251,46.104],"ix":2},"a":{"a":0,"k":[0,0],"ix":1},"s":{"a":0,"k":[100,100],"ix":3},"r":{"a":0,"k":0,"ix":6},"o":{"a":0,"k":100,"ix":7},"sk":{"a":0,"k":0,"ix":4},"sa":{"a":0,"k":0,"ix":5},"nm":"Transform"}],"nm":"Group 17","np":5,"cix":2,"bm":0,"ix":1,"mn":"ADBE Vector Group","hd":false},{"ty":"tr","p":{"a":0,"k":[360.25,292.365],"ix":2},"a":{"a":0,"k":[63.251,46.104],"ix":1},"s":{"a":0,"k":[450,450],"ix":3},"r":{"a":0,"k":0,"ix":6},"o":{"a":0,"k":100,"ix":7},"sk":{"a":0,"k":0,"ix":4},"sa":{"a":0,"k":0,"ix":5},"nm":"Transform"}],"nm":"Layer 39 Outlines - Group 117","np":1,"cix":2,"bm":0,"ix":3,"mn":"ADBE Vector Group","hd":false},{"ty":"gr","it":[{"ty":"gr","it":[{"ind":0,"ty":"sh","ix":1,"ks":{"a":0,"k":{"i":[[3.135,0.226],[0.356,0.056],[0,0],[-1.298,-1.272],[0,0],[0,3.865],[0,0],[0,0]],"o":[[-0.359,-0.026],[0,0],[0,1.959],[0,0],[3.866,0],[0,0],[0,0],[-2.59,2.072]],"v":[[-3.925,-5.587],[-5,-5.708],[-5,3.35],[-2.895,8.35],[-2,8.35],[5,1.35],[5,-3.708],[5,-8.35]],"c":true},"ix":2},"nm":"Path 1","mn":"ADBE Vector Shape - Group","hd":false},{"ty":"fl","c":{"a":0,"k":[0.740999996662,0.764999985695,0.847000002861,1],"ix":4,"x":"var $bm_rt;\ntry {\n    $bm_rt = thisComp.layer('Controller').effect('Color 2')('ADBE Color Control-0001');\n} catch (e) {\n    $bm_rt = value;\n}"},"o":{"a":0,"k":100,"ix":5},"r":1,"bm":0,"nm":"Fill 1","mn":"ADBE Vector Graphic - Fill","hd":false},{"ty":"tr","p":{"a":0,"k":[66.252,56.715],"ix":2},"a":{"a":0,"k":[0,0],"ix":1},"s":{"a":0,"k":[100,100],"ix":3},"r":{"a":0,"k":0,"ix":6},"o":{"a":0,"k":100,"ix":7},"sk":{"a":0,"k":0,"ix":4},"sa":{"a":0,"k":0,"ix":5},"nm":"Transform"}],"nm":"Group 18","np":2,"cix":2,"bm":0,"ix":1,"mn":"ADBE Vector Group","hd":false},{"ty":"tr","p":{"a":0,"k":[373.753,340.113],"ix":2},"a":{"a":0,"k":[66.252,56.715],"ix":1},"s":{"a":0,"k":[450,450],"ix":3},"r":{"a":0,"k":0,"ix":6},"o":{"a":0,"k":100,"ix":7},"sk":{"a":0,"k":0,"ix":4},"sa":{"a":0,"k":0,"ix":5},"nm":"Transform"}],"nm":"Layer 39 Outlines - Group 118","np":1,"cix":2,"bm":0,"ix":4,"mn":"ADBE Vector Group","hd":false},{"ty":"gr","it":[{"ty":"gr","it":[{"ind":0,"ty":"sh","ix":1,"ks":{"a":0,"k":{"i":[[0.347,0.277],[0,0],[-0.359,-0.027]],"o":[[0,0],[0.356,0.055],[-0.367,-0.236]],"v":[[-0.537,-0.382],[-0.537,0.26],[0.537,0.382]],"c":true},"ix":2},"nm":"Path 1","mn":"ADBE Vector Shape - Group","hd":false},{"ty":"fl","c":{"a":0,"k":[0.740999996662,0.764999985695,0.847000002861,1],"ix":4,"x":"var $bm_rt;\ntry {\n    $bm_rt = thisComp.layer('Controller')('Effects')('Color 2')('ADBE Color Control-0001');\n} catch (e) {\n    $bm_rt = value;\n}"},"o":{"a":0,"k":100,"ix":5},"r":1,"bm":0,"nm":"Fill 1","mn":"ADBE Vector Graphic - Fill","hd":false},{"ty":"tr","p":{"a":0,"k":[61.789,50.747],"ix":2},"a":{"a":0,"k":[0,0],"ix":1},"s":{"a":0,"k":[100,100],"ix":3},"r":{"a":0,"k":0,"ix":6},"o":{"a":0,"k":100,"ix":7},"sk":{"a":0,"k":0,"ix":4},"sa":{"a":0,"k":0,"ix":5},"nm":"Transform"}],"nm":"Group 19","np":2,"cix":2,"bm":0,"ix":1,"mn":"ADBE Vector Group","hd":false},{"ty":"tr","p":{"a":0,"k":[353.671,313.256],"ix":2},"a":{"a":0,"k":[61.789,50.747],"ix":1},"s":{"a":0,"k":[450,450],"ix":3},"r":{"a":0,"k":0,"ix":6},"o":{"a":0,"k":100,"ix":7},"sk":{"a":0,"k":0,"ix":4},"sa":{"a":0,"k":0,"ix":5},"nm":"Transform"}],"nm":"Layer 39 Outlines - Group 119","np":1,"cix":2,"bm":0,"ix":5,"mn":"ADBE Vector Group","hd":false},{"ty":"gr","it":[{"ty":"gr","it":[{"ind":0,"ty":"sh","ix":1,"ks":{"a":0,"k":{"i":[[4.671,3.735],[0,0],[-3.866,0],[0,0],[0,3.865],[0,0]],"o":[[0,0],[0,3.865],[0,0],[3.866,0],[0,0],[-4.671,3.735]],"v":[[-8,-8.35],[-8,1.35],[-1,8.35],[1,8.35],[8,1.35],[8,-8.35]],"c":true},"ix":2},"nm":"Path 1","mn":"ADBE Vector Shape - Group","hd":false},{"ty":"fl","c":{"a":0,"k":[1,1,1,1],"ix":4,"x":"var $bm_rt;\ntry {\n    $bm_rt = thisComp.layer('Controller').effect('Color 3')('ADBE Color Control-0001');\n} catch (e) {\n    $bm_rt = value;\n}"},"o":{"a":0,"k":100,"ix":5},"r":1,"bm":0,"nm":"Fill 1","mn":"ADBE Vector Graphic - Fill","hd":false},{"ty":"tr","p":{"a":0,"k":[63.251,56.715],"ix":2},"a":{"a":0,"k":[0,0],"ix":1},"s":{"a":0,"k":[100,100],"ix":3},"r":{"a":0,"k":0,"ix":6},"o":{"a":0,"k":100,"ix":7},"sk":{"a":0,"k":0,"ix":4},"sa":{"a":0,"k":0,"ix":5},"nm":"Transform"}],"nm":"Group 20","np":2,"cix":2,"bm":0,"ix":1,"mn":"ADBE Vector Group","hd":false},{"ty":"tr","p":{"a":0,"k":[360.25,340.112],"ix":2},"a":{"a":0,"k":[63.251,56.715],"ix":1},"s":{"a":0,"k":[450,450],"ix":3},"r":{"a":0,"k":0,"ix":6},"o":{"a":0,"k":100,"ix":7},"sk":{"a":0,"k":0,"ix":4},"sa":{"a":0,"k":0,"ix":5},"nm":"Transform"}],"nm":"Layer 39 Outlines - Group 220","np":1,"cix":2,"bm":0,"ix":6,"mn":"ADBE Vector Group","hd":false},{"ty":"gr","it":[{"ty":"gr","it":[{"ind":0,"ty":"sh","ix":1,"ks":{"a":0,"k":{"i":[[-3.403,2.722],[0,0],[0.304,0.783],[0.891,0],[0,0],[0.685,-3.147]],"o":[[0,0],[0,-0.891],[-0.783,-0.304],[0,0],[-3.354,0],[3.977,1.245]],"v":[[5.918,-0.076],[5.918,-0.376],[5.441,-2.899],[2.919,-3.376],[0.919,-3.376],[-5.918,2.131]],"c":true},"ix":2},"nm":"Path 1","mn":"ADBE Vector Shape - Group","hd":false},{"ty":"fl","c":{"a":0,"k":[0.740999996662,0.764999985695,0.847000002861,1],"ix":4,"x":"var $bm_rt;\ntry {\n    $bm_rt = thisComp.layer('Controller')('Effects')('Color 2')('ADBE Color Control-0001');\n} catch (e) {\n    $bm_rt = value;\n}"},"o":{"a":0,"k":100,"ix":5},"r":1,"bm":0,"nm":"Fill 1","mn":"ADBE Vector Graphic - Fill","hd":false},{"ty":"tr","p":{"a":0,"k":[65.333,48.44],"ix":2},"a":{"a":0,"k":[0,0],"ix":1},"s":{"a":0,"k":[100,100],"ix":3},"r":{"a":0,"k":0,"ix":6},"o":{"a":0,"k":100,"ix":7},"sk":{"a":0,"k":0,"ix":4},"sa":{"a":0,"k":0,"ix":5},"nm":"Transform"}],"nm":"Group 21","np":2,"cix":2,"bm":0,"ix":1,"mn":"ADBE Vector Group","hd":false},{"ty":"tr","p":{"a":0,"k":[369.619,301.399],"ix":2},"a":{"a":0,"k":[65.333,48.112],"ix":1},"s":{"a":0,"k":[450,450],"ix":3},"r":{"a":0,"k":0,"ix":6},"o":{"a":0,"k":100,"ix":7},"sk":{"a":0,"k":0,"ix":4},"sa":{"a":0,"k":0,"ix":5},"nm":"Transform"}],"nm":"Layer 39 Outlines - Group 221","np":1,"cix":2,"bm":0,"ix":7,"mn":"ADBE Vector Group","hd":false},{"ty":"gr","it":[{"ty":"gr","it":[{"ind":0,"ty":"sh","ix":1,"ks":{"a":0,"k":{"i":[[-4.671,3.735],[0,0],[3.866,0],[0,0],[0,-3.867],[0,0]],"o":[[0,0],[0,-3.867],[0,0],[-3.866,0],[0,0],[4.671,3.735]],"v":[[8,1.782],[8,1.482],[1,-5.518],[-1,-5.518],[-8,1.482],[-8,1.782]],"c":true},"ix":2},"nm":"Path 1","mn":"ADBE Vector Shape - Group","hd":false},{"ty":"fl","c":{"a":0,"k":[1,1,1,1],"ix":4,"x":"var $bm_rt;\ntry {\n    $bm_rt = thisComp.layer('Controller')('Effects')('Color 3')('ADBE Color Control-0001');\n} catch (e) {\n    $bm_rt = value;\n}"},"o":{"a":0,"k":100,"ix":5},"r":1,"bm":0,"nm":"Fill 1","mn":"ADBE Vector Graphic - Fill","hd":false},{"ty":"tr","p":{"a":0,"k":[63.251,46.582],"ix":2},"a":{"a":0,"k":[0,0],"ix":1},"s":{"a":0,"k":[100,100],"ix":3},"r":{"a":0,"k":0,"ix":6},"o":{"a":0,"k":100,"ix":7},"sk":{"a":0,"k":0,"ix":4},"sa":{"a":0,"k":0,"ix":5},"nm":"Transform"}],"nm":"Group 22","np":2,"cix":2,"bm":0,"ix":1,"mn":"ADBE Vector Group","hd":false},{"ty":"tr","p":{"a":0,"k":[360.25,292.415],"ix":2},"a":{"a":0,"k":[63.251,46.115],"ix":1},"s":{"a":0,"k":[450,450],"ix":3},"r":{"a":0,"k":0,"ix":6},"o":{"a":0,"k":100,"ix":7},"sk":{"a":0,"k":0,"ix":4},"sa":{"a":0,"k":0,"ix":5},"nm":"Transform"}],"nm":"Layer 39 Outlines - Group 222","np":1,"cix":2,"bm":0,"ix":8,"mn":"ADBE Vector Group","hd":false}],"ip":0,"op":150,"st":0,"ct":1,"bm":0},{"ddd":0,"ind":10,"ty":4,"nm":"Layer 39 Outlines - Group 23 :M :M","parent":2,"sr":1,"ks":{"o":{"a":0,"k":100,"ix":11},"r":{"a":1,"k":[{"i":{"x":[0.64],"y":[1]},"o":{"x":[0.36],"y":[0]},"t":25,"s":[0]},{"i":{"x":[0.64],"y":[1]},"o":{"x":[0.36],"y":[0]},"t":35,"s":[-5]},{"i":{"x":[0.64],"y":[1]},"o":{"x":[0.36],"y":[0]},"t":45,"s":[5]},{"i":{"x":[0.833],"y":[1]},"o":{"x":[0.167],"y":[0]},"t":55,"s":[0]},{"i":{"x":[0.64],"y":[1]},"o":{"x":[0.36],"y":[0]},"t":75,"s":[0]},{"i":{"x":[0.64],"y":[1]},"o":{"x":[0.36],"y":[0]},"t":85,"s":[-5]},{"i":{"x":[0.64],"y":[1]},"o":{"x":[0.36],"y":[0]},"t":95,"s":[5]},{"t":105,"s":[0]}],"ix":10},"p":{"a":1,"k":[{"i":{"x":0.26,"y":1},"o":{"x":0.167,"y":0.167},"t":20,"s":[-50.142,154.87,0],"to":[0,-2.833,0],"ti":[0,2.833,0]},{"t":50,"s":[-50.142,137.87,0]}],"ix":2,"l":2},"a":{"a":0,"k":[180.216,300.081,0],"ix":1,"l":2},"s":{"a":1,"k":[{"i":{"x":[0.64,0.64,0.64],"y":[1,1,1]},"o":{"x":[0.36,0.36,0.36],"y":[0,0,0]},"t":20,"s":[0,0,100]},{"i":{"x":[0.64,0.64,0.64],"y":[1,1,1]},"o":{"x":[0.36,0.36,0.36],"y":[0,0,0]},"t":30,"s":[110,110,100]},{"i":{"x":[0.64,0.64,0.64],"y":[1,1,1]},"o":{"x":[0.36,0.36,0.36],"y":[0,0,0]},"t":40,"s":[90,90,100]},{"i":{"x":[0.64,0.64,0.64],"y":[1,1,1]},"o":{"x":[0.167,0.167,0.167],"y":[0,0,0]},"t":50,"s":[100,100,100]},{"i":{"x":[0.64,0.64,0.64],"y":[1,1,1]},"o":{"x":[0.167,0.167,0.167],"y":[0,0,0]},"t":70,"s":[100,100,100]},{"i":{"x":[0.64,0.64,0.64],"y":[1,1,1]},"o":{"x":[0.36,0.36,0.36],"y":[0,0,0]},"t":80,"s":[110,110,100]},{"i":{"x":[0.64,0.64,0.64],"y":[1,1,1]},"o":{"x":[0.36,0.36,0.36],"y":[0,0,0]},"t":90,"s":[90,90,100]},{"i":{"x":[0.64,0.64,0.64],"y":[1,1,1]},"o":{"x":[0.167,0.167,0.167],"y":[0,0,0]},"t":100,"s":[100,100,100]},{"i":{"x":[0.64,0.64,0.64],"y":[1,1,1]},"o":{"x":[0.36,0.36,0.36],"y":[0,0,0]},"t":120,"s":[100,100,100]},{"i":{"x":[0.64,0.64,0.64],"y":[1,1,1]},"o":{"x":[0.36,0.36,0.36],"y":[0,0,0]},"t":130,"s":[110,110,100]},{"t":149,"s":[0,0,100]}],"ix":6,"l":2}},"ao":0,"shapes":[{"ty":"gr","it":[{"ty":"gr","it":[{"ty":"gr","it":[{"ind":0,"ty":"sh","ix":1,"ks":{"a":0,"k":{"i":[[0.168,-1.369],[0,0],[0.107,0.627],[0,0]],"o":[[0,0],[-0.168,-1.369],[0,0],[-0.107,0.627]],"v":[[-3.73,1.537],[3.731,1.537],[3.284,-1.537],[-3.284,-1.537]],"c":true},"ix":2},"nm":"Path 1","mn":"ADBE Vector Shape - Group","hd":false},{"ind":1,"ty":"sh","ix":2,"ks":{"a":0,"k":{"i":[[0.213,0],[0,0],[0.141,0.159],[-0.023,0.212],[-0.015,0.076],[-0.359,0],[0,0],[-0.068,-0.353],[-0.305,-2.738],[0.143,-0.159]],"o":[[0,0],[-0.213,0],[-0.143,-0.159],[0.305,-2.738],[0.068,-0.353],[0,0],[0.359,0],[0.015,0.076],[0.023,0.212],[-0.141,0.159]],"v":[[4.573,3.037],[-4.573,3.037],[-5.131,2.787],[-5.318,2.205],[-4.648,-2.43],[-3.911,-3.037],[3.911,-3.037],[4.648,-2.43],[5.318,2.205],[5.132,2.787]],"c":true},"ix":2},"nm":"Path 2","mn":"ADBE Vector Shape - Group","hd":false},{"ty":"mm","mm":1,"nm":"Merge Paths 1","mn":"ADBE Vector Filter - Merge","hd":false},{"ty":"fl","c":{"a":0,"k":[0.128999993205,0.211999997497,0.372999995947,1],"ix":4,"x":"var $bm_rt;\ntry {\n    $bm_rt = thisComp.layer('Controller')('Effects')('Color')('ADBE Color Control-0001');\n} catch (e) {\n    $bm_rt = value;\n}"},"o":{"a":0,"k":100,"ix":5},"r":1,"bm":0,"nm":"Fill 1","mn":"ADBE Vector Graphic - Fill","hd":false},{"ty":"tr","p":{"a":0,"k":[23.205,21.907],"ix":2},"a":{"a":0,"k":[0,0],"ix":1},"s":{"a":0,"k":[100,100],"ix":3},"r":{"a":0,"k":0,"ix":6},"o":{"a":0,"k":100,"ix":7},"sk":{"a":0,"k":0,"ix":4},"sa":{"a":0,"k":0,"ix":5},"nm":"Transform"}],"nm":"Group 23","np":4,"cix":2,"bm":0,"ix":1,"mn":"ADBE Vector Group","hd":false},{"ty":"tr","p":{"a":0,"k":[180.043,183.479],"ix":2},"a":{"a":0,"k":[23.205,21.907],"ix":1},"s":{"a":0,"k":[450,450],"ix":3},"r":{"a":0,"k":0,"ix":6},"o":{"a":0,"k":100,"ix":7},"sk":{"a":0,"k":0,"ix":4},"sa":{"a":0,"k":0,"ix":5},"nm":"Transform"}],"nm":"Layer 39 Outlines - Group 223","np":1,"cix":2,"bm":0,"ix":1,"mn":"ADBE Vector Group","hd":false},{"ty":"gr","it":[{"ty":"gr","it":[{"ind":0,"ty":"sh","ix":1,"ks":{"a":0,"k":{"i":[[0,0],[-4.791,-4.111],[0.664,6.485]],"o":[[-0.664,6.485],[4.791,-4.111],[0,0]],"v":[[-3.899,-10.687],[0,10.482],[3.899,-10.687]],"c":true},"ix":2},"nm":"Path 1","mn":"ADBE Vector Shape - Group","hd":false},{"ind":1,"ty":"sh","ix":2,"ks":{"a":0,"k":{"i":[[0.156,0],[0.132,0.097],[-0.77,6.91],[-0.382,0],[0,0],[-0.042,-0.38],[6.037,-4.403]],"o":[[-0.155,0],[-6.037,-4.403],[0.042,-0.38],[0,0],[0.381,0],[0.77,6.91],[-0.132,0.097]],"v":[[0,12.187],[-0.443,12.043],[-5.318,-11.52],[-4.573,-12.187],[4.573,-12.187],[5.318,-11.52],[0.443,12.043]],"c":true},"ix":2},"nm":"Path 2","mn":"ADBE Vector Shape - Group","hd":false},{"ty":"mm","mm":1,"nm":"Merge Paths 1","mn":"ADBE Vector Filter - Merge","hd":false},{"ty":"fl","c":{"a":0,"k":[0.128999993205,0.211999997497,0.372999995947,1],"ix":4,"x":"var $bm_rt;\ntry {\n    $bm_rt = thisComp.layer('Controller')('Effects')('Color')('ADBE Color Control-0001');\n} catch (e) {\n    $bm_rt = value;\n}"},"o":{"a":0,"k":100,"ix":5},"r":1,"bm":0,"nm":"Fill 1","mn":"ADBE Vector Graphic - Fill","hd":false},{"ty":"tr","p":{"a":0,"k":[23.205,35.632],"ix":2},"a":{"a":0,"k":[0,0],"ix":1},"s":{"a":0,"k":[100,100],"ix":3},"r":{"a":0,"k":0,"ix":6},"o":{"a":0,"k":100,"ix":7},"sk":{"a":0,"k":0,"ix":4},"sa":{"a":0,"k":0,"ix":5},"nm":"Transform"}],"nm":"Group 24","np":4,"cix":2,"bm":0,"ix":1,"mn":"ADBE Vector Group","hd":false},{"ty":"tr","p":{"a":0,"k":[180.044,245.239],"ix":2},"a":{"a":0,"k":[23.205,35.632],"ix":1},"s":{"a":0,"k":[450,450],"ix":3},"r":{"a":0,"k":0,"ix":6},"o":{"a":0,"k":100,"ix":7},"sk":{"a":0,"k":0,"ix":4},"sa":{"a":0,"k":0,"ix":5},"nm":"Transform"}],"nm":"Layer 39 Outlines - Group 224","np":1,"cix":2,"bm":0,"ix":2,"mn":"ADBE Vector Group","hd":false},{"ty":"gr","it":[{"ty":"gr","it":[{"ind":0,"ty":"sh","ix":1,"ks":{"a":0,"k":{"i":[[0,0],[0,0],[0.304,-2.739],[0,0]],"o":[[0,0],[0,0],[0,0],[-0.305,-2.739]],"v":[[3.911,-2.288],[-3.911,-2.288],[-4.573,2.288],[4.573,2.288]],"c":true},"ix":2},"nm":"Path 1","mn":"ADBE Vector Shape - Group","hd":false},{"ty":"fl","c":{"a":0,"k":[1,1,1,1],"ix":4,"x":"var $bm_rt;\ntry {\n    $bm_rt = thisComp.layer('Controller')('Effects')('Color 3')('ADBE Color Control-0001');\n} catch (e) {\n    $bm_rt = value;\n}"},"o":{"a":0,"k":100,"ix":5},"r":1,"bm":0,"nm":"Fill 1","mn":"ADBE Vector Graphic - Fill","hd":false},{"ty":"tr","p":{"a":0,"k":[23.205,21.907],"ix":2},"a":{"a":0,"k":[0,0],"ix":1},"s":{"a":0,"k":[100,100],"ix":3},"r":{"a":0,"k":0,"ix":6},"o":{"a":0,"k":100,"ix":7},"sk":{"a":0,"k":0,"ix":4},"sa":{"a":0,"k":0,"ix":5},"nm":"Transform"}],"nm":"Group 27","np":2,"cix":2,"bm":0,"ix":1,"mn":"ADBE Vector Group","hd":false},{"ty":"tr","p":{"a":0,"k":[180.044,183.478],"ix":2},"a":{"a":0,"k":[23.205,21.907],"ix":1},"s":{"a":0,"k":[450,450],"ix":3},"r":{"a":0,"k":0,"ix":6},"o":{"a":0,"k":100,"ix":7},"sk":{"a":0,"k":0,"ix":4},"sa":{"a":0,"k":0,"ix":5},"nm":"Transform"}],"nm":"Layer 39 Outlines - Group 227","np":1,"cix":2,"bm":0,"ix":3,"mn":"ADBE Vector Group","hd":false},{"ty":"gr","it":[{"ty":"gr","it":[{"ind":0,"ty":"sh","ix":1,"ks":{"a":0,"k":{"i":[[0.439,6.311],[0,0],[0.073,-0.777],[-2.32,-5.004]],"o":[[0,0],[-0.78,0],[-0.486,5.19],[4.007,-4.1]],"v":[[2.86,-9.501],[-1.187,-9.501],[-2.694,-8.136],[-0.979,9.501]],"c":true},"ix":2},"nm":"Path 1","mn":"ADBE Vector Shape - Group","hd":false},{"ty":"fl","c":{"a":0,"k":[0.740999996662,0.764999985695,0.847000002861,1],"ix":4,"x":"var $bm_rt;\ntry {\n    $bm_rt = thisComp.layer('Controller')('Effects')('Color 2')('ADBE Color Control-0001');\n} catch (e) {\n    $bm_rt = value;\n}"},"o":{"a":0,"k":100,"ix":5},"r":1,"bm":0,"nm":"Fill 1","mn":"ADBE Vector Graphic - Fill","hd":false},{"ty":"tr","p":{"a":0,"k":[25.188,36.697],"ix":2},"a":{"a":0,"k":[0,0],"ix":1},"s":{"a":0,"k":[100,100],"ix":3},"r":{"a":0,"k":0,"ix":6},"o":{"a":0,"k":100,"ix":7},"sk":{"a":0,"k":0,"ix":4},"sa":{"a":0,"k":0,"ix":5},"nm":"Transform"}],"nm":"Group 28","np":2,"cix":2,"bm":0,"ix":1,"mn":"ADBE Vector Group","hd":false},{"ty":"tr","p":{"a":0,"k":[189.041,250.032],"ix":2},"a":{"a":0,"k":[25.205,36.697],"ix":1},"s":{"a":0,"k":[450,450],"ix":3},"r":{"a":0,"k":0,"ix":6},"o":{"a":0,"k":100,"ix":7},"sk":{"a":0,"k":0,"ix":4},"sa":{"a":0,"k":0,"ix":5},"nm":"Transform"}],"nm":"Layer 39 Outlines - Group 228","np":1,"cix":2,"bm":0,"ix":4,"mn":"ADBE Vector Group","hd":false},{"ty":"gr","it":[{"ty":"gr","it":[{"ind":0,"ty":"sh","ix":1,"ks":{"a":0,"k":{"i":[[0.742,6.657],[0,0],[-5.75,-4.193]],"o":[[0,0],[-0.743,6.657],[5.75,-4.193]],"v":[[4.573,-11.437],[-4.573,-11.437],[0,11.437]],"c":true},"ix":2},"nm":"Path 1","mn":"ADBE Vector Shape - Group","hd":false},{"ty":"fl","c":{"a":0,"k":[1,1,1,1],"ix":4,"x":"var $bm_rt;\ntry {\n    $bm_rt = thisComp.layer('Controller')('Effects')('Color 3')('ADBE Color Control-0001');\n} catch (e) {\n    $bm_rt = value;\n}"},"o":{"a":0,"k":100,"ix":5},"r":1,"bm":0,"nm":"Fill 1","mn":"ADBE Vector Graphic - Fill","hd":false},{"ty":"tr","p":{"a":0,"k":[23.205,35.632],"ix":2},"a":{"a":0,"k":[0,0],"ix":1},"s":{"a":0,"k":[100,100],"ix":3},"r":{"a":0,"k":0,"ix":6},"o":{"a":0,"k":100,"ix":7},"sk":{"a":0,"k":0,"ix":4},"sa":{"a":0,"k":0,"ix":5},"nm":"Transform"}],"nm":"Group 29","np":2,"cix":2,"bm":0,"ix":1,"mn":"ADBE Vector Group","hd":false},{"ty":"tr","p":{"a":0,"k":[180.043,245.239],"ix":2},"a":{"a":0,"k":[23.205,35.632],"ix":1},"s":{"a":0,"k":[450,450],"ix":3},"r":{"a":0,"k":0,"ix":6},"o":{"a":0,"k":100,"ix":7},"sk":{"a":0,"k":0,"ix":4},"sa":{"a":0,"k":0,"ix":5},"nm":"Transform"}],"nm":"Layer 39 Outlines - Group 229","np":1,"cix":2,"bm":0,"ix":5,"mn":"ADBE Vector Group","hd":false},{"ty":"tr","p":{"a":0,"k":[180.044,300.081],"ix":2},"a":{"a":0,"k":[180.044,300.081],"ix":1},"s":{"a":0,"k":[100,100],"ix":3},"r":{"a":0,"k":0,"ix":6},"o":{"a":0,"k":100,"ix":7},"sk":{"a":0,"k":0,"ix":4},"sa":{"a":0,"k":0,"ix":5},"nm":"Transform"}],"nm":"Layer 39 Outlines - Group 23 :M","np":5,"cix":2,"bm":0,"ix":1,"mn":"ADBE Vector Group","hd":false},{"ty":"gr","it":[{"ty":"gr","it":[{"ty":"gr","it":[{"ind":0,"ty":"sh","ix":1,"ks":{"a":0,"k":{"i":[[0.919,1.003],[-0.592,-2.729],[0,0],[-0.54,0.001],[1.857,3.025]],"o":[[-1.553,7.601],[0,0],[0.764,-0.004],[4.556,-3.107],[-1.196,-1.945]],"v":[[-2.59,-7.724],[-2.714,8.547],[-1.354,8.542],[0.655,8.533],[0.949,-3.096]],"c":true},"ix":2},"nm":"Path 1","mn":"ADBE Vector Shape - Group","hd":false},{"ind":1,"ty":"sh","ix":2,"ks":{"a":0,"k":{"i":[[0,0],[0.082,0.337],[-2.169,9.17],[-0.258,0.076],[-0.194,-0.187],[-2.036,-3.315],[4.29,-2.758],[0.143,0],[0.873,-0.005],[0,0]],"o":[[-0.346,0],[-0.635,-2.629],[0.061,-0.262],[0.256,-0.076],[0.108,0.103],[3.693,6.01],[-0.121,0.078],[-0.559,0],[0,0],[0,0]],"v":[[-3.312,10.05],[-4.041,9.476],[-3.75,-9.428],[-3.233,-9.974],[-2.501,-9.795],[2.226,-3.881],[1.286,9.914],[0.881,10.033],[-1.347,10.042],[-3.309,10.05]],"c":true},"ix":2},"nm":"Path 2","mn":"ADBE Vector Shape - Group","hd":false},{"ty":"mm","mm":1,"nm":"Merge Paths 1","mn":"ADBE Vector Filter - Merge","hd":false},{"ty":"fl","c":{"a":0,"k":[0.128999993205,0.211999997497,0.372999995947,1],"ix":4,"x":"var $bm_rt;\ntry {\n    $bm_rt = thisComp.layer('Controller')('Effects')('Color')('ADBE Color Control-0001');\n} catch (e) {\n    $bm_rt = value;\n}"},"o":{"a":0,"k":100,"ix":5},"r":1,"bm":0,"nm":"Fill 1","mn":"ADBE Vector Graphic - Fill","hd":false},{"ty":"tr","p":{"a":0,"k":[26.227,10.319],"ix":2},"a":{"a":0,"k":[0,0],"ix":1},"s":{"a":0,"k":[100,100],"ix":3},"r":{"a":0,"k":0,"ix":6},"o":{"a":0,"k":100,"ix":7},"sk":{"a":0,"k":0,"ix":4},"sa":{"a":0,"k":0,"ix":5},"nm":"Transform"}],"nm":"Group 25","np":4,"cix":2,"bm":0,"ix":1,"mn":"ADBE Vector Group","hd":false},{"ty":"tr","p":{"a":0,"k":[193.176,131.435],"ix":2},"a":{"a":0,"k":[26.124,10.342],"ix":1},"s":{"a":0,"k":[450,450],"ix":3},"r":{"a":0,"k":0,"ix":6},"o":{"a":0,"k":100,"ix":7},"sk":{"a":0,"k":0,"ix":4},"sa":{"a":0,"k":0,"ix":5},"nm":"Transform"}],"nm":"Layer 39 Outlines - Group 225","np":1,"cix":2,"bm":0,"ix":1,"mn":"ADBE Vector Group","hd":false},{"ty":"gr","it":[{"ty":"gr","it":[{"ind":0,"ty":"sh","ix":1,"ks":{"a":0,"k":{"i":[[-2.924,-1.997],[-0.986,0.003],[-1.226,6.992],[0.797,-2.971]],"o":[[0.565,0.012],[-0.573,-2.803],[-1.591,1.873],[-0.623,2.322]],"v":[[0.121,8.546],[2.562,8.56],[2.51,-6.753],[-2.066,1.064]],"c":true},"ix":2},"nm":"Path 1","mn":"ADBE Vector Shape - Group","hd":false},{"ind":1,"ty":"sh","ix":2,"ks":{"a":0,"k":{"i":[[0.438,0],[0.477,0.016],[0.115,0.073],[-1.081,4.028],[-0.218,0.209],[-0.287,-0.163],[0.078,-0.323],[-0.61,-2.525],[0.141,-0.181],[0.229,-0.001]],"o":[[-0.959,0],[-0.136,-0.005],[-3.011,-1.934],[1.413,-5.264],[0.242,-0.231],[0.289,0.166],[-2.093,8.853],[0.054,0.223],[-0.142,0.18],[-0.467,0.002]],"v":[[2.132,10.061],[-0.139,10.04],[-0.521,9.921],[-3.514,0.676],[3.268,-9.788],[4.16,-9.898],[4.517,-9.074],[4.226,9.133],[4.087,9.771],[3.5,10.059]],"c":true},"ix":2},"nm":"Path 2","mn":"ADBE Vector Shape - Group","hd":false},{"ty":"mm","mm":1,"nm":"Merge Paths 1","mn":"ADBE Vector Filter - Merge","hd":false},{"ty":"fl","c":{"a":0,"k":[0.128999993205,0.211999997497,0.372999995947,1],"ix":4,"x":"var $bm_rt;\ntry {\n    $bm_rt = thisComp.layer('Controller')('Effects')('Color')('ADBE Color Control-0001');\n} catch (e) {\n    $bm_rt = value;\n}"},"o":{"a":0,"k":100,"ix":5},"r":1,"bm":0,"nm":"Fill 1","mn":"ADBE Vector Graphic - Fill","hd":false},{"ty":"tr","p":{"a":0,"k":[19.418,10.312],"ix":2},"a":{"a":0,"k":[0,0],"ix":1},"s":{"a":0,"k":[100,100],"ix":3},"r":{"a":0,"k":0,"ix":6},"o":{"a":0,"k":100,"ix":7},"sk":{"a":0,"k":0,"ix":4},"sa":{"a":0,"k":0,"ix":5},"nm":"Transform"}],"nm":"Group 26","np":4,"cix":2,"bm":0,"ix":1,"mn":"ADBE Vector Group","hd":false},{"ty":"tr","p":{"a":0,"k":[164.377,131.444],"ix":2},"a":{"a":0,"k":[19.724,10.344],"ix":1},"s":{"a":0,"k":[450,450],"ix":3},"r":{"a":0,"k":0,"ix":6},"o":{"a":0,"k":100,"ix":7},"sk":{"a":0,"k":0,"ix":4},"sa":{"a":0,"k":0,"ix":5},"nm":"Transform"}],"nm":"Layer 39 Outlines - Group 226","np":1,"cix":2,"bm":0,"ix":2,"mn":"ADBE Vector Group","hd":false},{"ty":"gr","it":[{"ty":"gr","it":[{"ind":0,"ty":"sh","ix":1,"ks":{"a":0,"k":{"i":[[0,0],[-0.383,-3.489],[-0.481,0]],"o":[[-1.416,5.986],[0.731,-0.004],[7.381,-5.625]],"v":[[-3.433,-7.272],[-4.402,7.272],[-2.532,7.265]],"c":true},"ix":2},"nm":"Path 1","mn":"ADBE Vector Shape - Group","hd":false},{"ty":"fl","c":{"a":0,"k":[0.740999996662,0.764999985695,0.847000002861,1],"ix":4,"x":"var $bm_rt;\ntry {\n    $bm_rt = thisComp.layer('Controller')('Effects')('Color 2')('ADBE Color Control-0001');\n} catch (e) {\n    $bm_rt = value;\n}"},"o":{"a":0,"k":100,"ix":5},"r":1,"bm":0,"nm":"Fill 1","mn":"ADBE Vector Graphic - Fill","hd":false},{"ty":"tr","p":{"a":0,"k":[29.639,12.337],"ix":2},"a":{"a":0,"k":[0,0],"ix":1},"s":{"a":0,"k":[100,100],"ix":3},"r":{"a":0,"k":0,"ix":6},"o":{"a":0,"k":100,"ix":7},"sk":{"a":0,"k":0,"ix":4},"sa":{"a":0,"k":0,"ix":5},"nm":"Transform"}],"nm":"Group 30","np":2,"cix":2,"bm":0,"ix":1,"mn":"ADBE Vector Group","hd":false},{"ty":"tr","p":{"a":0,"k":[199.755,140.412],"ix":2},"a":{"a":0,"k":[27.585,12.337],"ix":1},"s":{"a":0,"k":[450,450],"ix":3},"r":{"a":0,"k":0,"ix":6},"o":{"a":0,"k":100,"ix":7},"sk":{"a":0,"k":0,"ix":4},"sa":{"a":0,"k":0,"ix":5},"nm":"Transform"}],"nm":"Layer 39 Outlines - Group 330","np":1,"cix":2,"bm":0,"ix":3,"mn":"ADBE Vector Group","hd":false},{"ty":"gr","it":[{"ty":"gr","it":[{"ind":0,"ty":"sh","ix":1,"ks":{"a":0,"k":{"i":[[2.434,3.962],[0,0],[-0.618,-2.555],[-0.965,0]],"o":[[-2.01,-3.271],[-2.137,9.034],[1.552,-0.006],[4.958,-3.187]],"v":[[1.247,-3.512],[-3.361,-9.277],[-3.652,9.277],[0.54,9.26]],"c":true},"ix":2},"nm":"Path 1","mn":"ADBE Vector Shape - Group","hd":false},{"ty":"fl","c":{"a":0,"k":[1,1,1,1],"ix":4,"x":"var $bm_rt;\ntry {\n    $bm_rt = thisComp.layer('Controller')('Effects')('Color 3')('ADBE Color Control-0001');\n} catch (e) {\n    $bm_rt = value;\n}"},"o":{"a":0,"k":100,"ix":5},"r":1,"bm":0,"nm":"Fill 1","mn":"ADBE Vector Graphic - Fill","hd":false},{"ty":"tr","p":{"a":0,"k":[26.567,10.342],"ix":2},"a":{"a":0,"k":[0,0],"ix":1},"s":{"a":0,"k":[100,100],"ix":3},"r":{"a":0,"k":0,"ix":6},"o":{"a":0,"k":100,"ix":7},"sk":{"a":0,"k":0,"ix":4},"sa":{"a":0,"k":0,"ix":5},"nm":"Transform"}],"nm":"Group 31","np":2,"cix":2,"bm":0,"ix":1,"mn":"ADBE Vector Group","hd":false},{"ty":"tr","p":{"a":0,"k":[193.179,131.435],"ix":2},"a":{"a":0,"k":[26.124,10.342],"ix":1},"s":{"a":0,"k":[450,450],"ix":3},"r":{"a":0,"k":0,"ix":6},"o":{"a":0,"k":100,"ix":7},"sk":{"a":0,"k":0,"ix":4},"sa":{"a":0,"k":0,"ix":5},"nm":"Transform"}],"nm":"Layer 39 Outlines - Group 331","np":1,"cix":2,"bm":0,"ix":4,"mn":"ADBE Vector Group","hd":false},{"ty":"gr","it":[{"ty":"gr","it":[{"ind":0,"ty":"sh","ix":1,"ks":{"a":0,"k":{"i":[[-2.137,9.033],[1.375,-5.121],[-3.263,-2.096],[-1.476,0.006]],"o":[[0,0],[-0.774,2.883],[0.688,0.023],[-0.617,-2.555]],"v":[[3.676,-9.281],[-2.902,0.835],[-0.227,9.257],[3.385,9.275]],"c":true},"ix":2},"nm":"Path 1","mn":"ADBE Vector Shape - Group","hd":false},{"ty":"fl","c":{"a":0,"k":[1,1,1,1],"ix":4,"x":"var $bm_rt;\ntry {\n    $bm_rt = thisComp.layer('Controller')('Effects')('Color 3')('ADBE Color Control-0001');\n} catch (e) {\n    $bm_rt = value;\n}"},"o":{"a":0,"k":100,"ix":5},"r":1,"bm":0,"nm":"Fill 1","mn":"ADBE Vector Graphic - Fill","hd":false},{"ty":"tr","p":{"a":0,"k":[19.53,10.345],"ix":2},"a":{"a":0,"k":[0,0],"ix":1},"s":{"a":0,"k":[100,100],"ix":3},"r":{"a":0,"k":0,"ix":6},"o":{"a":0,"k":100,"ix":7},"sk":{"a":0,"k":0,"ix":4},"sa":{"a":0,"k":0,"ix":5},"nm":"Transform"}],"nm":"Group 32","np":2,"cix":2,"bm":0,"ix":1,"mn":"ADBE Vector Group","hd":false},{"ty":"tr","p":{"a":0,"k":[164.392,131.444],"ix":2},"a":{"a":0,"k":[19.727,10.344],"ix":1},"s":{"a":0,"k":[450,450],"ix":3},"r":{"a":0,"k":0,"ix":6},"o":{"a":0,"k":100,"ix":7},"sk":{"a":0,"k":0,"ix":4},"sa":{"a":0,"k":0,"ix":5},"nm":"Transform"}],"nm":"Layer 39 Outlines - Group 332","np":1,"cix":2,"bm":0,"ix":5,"mn":"ADBE Vector Group","hd":false},{"ty":"tr","p":{"a":0,"k":[180.216,176.574],"ix":2},"a":{"a":0,"k":[180.216,176.574],"ix":1},"s":{"a":0,"k":[100,100],"ix":3},"r":{"a":0,"k":0,"ix":6},"o":{"a":0,"k":100,"ix":7},"sk":{"a":0,"k":0,"ix":4},"sa":{"a":0,"k":0,"ix":5},"nm":"Transform"}],"nm":"Layer 39 Outlines - Group 25 :M","np":5,"cix":2,"bm":0,"ix":2,"mn":"ADBE Vector Group","hd":false}],"ip":0,"op":150,"st":0,"ct":1,"bm":0},{"ddd":0,"ind":11,"ty":4,"nm":"Shape Layer 1","parent":2,"sr":1,"ks":{"o":{"a":0,"k":100,"ix":11},"r":{"a":0,"k":0,"ix":10},"p":{"a":0,"k":[39.767,47.914,0],"ix":2,"l":2},"a":{"a":0,"k":[20.625,-40.125,0],"ix":1,"l":2},"s":{"a":0,"k":[100,100,100],"ix":6,"l":2}},"ao":0,"shapes":[{"ty":"gr","it":[{"ind":0,"ty":"sh","ix":1,"ks":{"a":0,"k":{"i":[[0,0],[0,2.5],[50.75,0],[0,-5.5],[0,0.25],[29.25,0],[0,0]],"o":[[0,0],[0,-17.75],[-50.75,0],[0,5.5],[0,13],[-31.75,0],[0,0]],"v":[[110.5,20],[110.5,-101],[54.75,-160.5],[-1.75,-108.5],[-1.5,46.25],[-36,80.25],[-69.25,46.5]],"c":false},"ix":2},"nm":"Path 1","mn":"ADBE Vector Shape - Group","hd":false},{"ty":"st","c":{"a":0,"k":[0.1294119891,0.211765005074,0.372548989689,1],"ix":3,"x":"var $bm_rt;\ntry {\n    $bm_rt = thisComp.layer('Controller')('Effects')('Color')('ADBE Color Control-0001');\n} catch (e) {\n    $bm_rt = value;\n}"},"o":{"a":0,"k":100,"ix":4},"w":{"a":0,"k":6,"ix":5},"lc":2,"lj":2,"bm":0,"nm":"Stroke 1","mn":"ADBE Vector Graphic - Stroke","hd":false},{"ty":"tr","p":{"a":0,"k":[0,0],"ix":2},"a":{"a":0,"k":[0,0],"ix":1},"s":{"a":0,"k":[100,100],"ix":3},"r":{"a":0,"k":0,"ix":6},"o":{"a":0,"k":100,"ix":7},"sk":{"a":0,"k":0,"ix":4},"sa":{"a":0,"k":0,"ix":5},"nm":"Transform"}],"nm":"Shape 1","np":3,"cix":2,"bm":0,"ix":1,"mn":"ADBE Vector Group","hd":false},{"ty":"tm","s":{"a":1,"k":[{"i":{"x":[0.26],"y":[1]},"o":{"x":[0.167],"y":[0.282]},"t":100,"s":[0]},{"t":149,"s":[100]}],"ix":1},"e":{"a":1,"k":[{"i":{"x":[0.26],"y":[1]},"o":{"x":[0.167],"y":[0.444]},"t":0,"s":[0]},{"t":40,"s":[100]}],"ix":2},"o":{"a":0,"k":0,"ix":3},"m":1,"ix":2,"nm":"Trim Paths 1","mn":"ADBE Vector Filter - Trim","hd":false}],"ip":0,"op":150,"st":0,"ct":1,"bm":0},{"ddd":0,"ind":12,"ty":4,"nm":"Layer 39 Outlines - Group 43","parent":14,"td":1,"sr":1,"ks":{"o":{"a":0,"k":100,"ix":11},"r":{"a":0,"k":0,"ix":10},"p":{"a":0,"k":[214.621,281.441,0],"ix":2,"l":2},"a":{"a":0,"k":[31.25,44.066,0],"ix":1,"l":2},"s":{"a":0,"k":[437.963,439.394,100],"ix":6,"l":2}},"ao":0,"shapes":[{"ty":"gr","it":[{"ind":0,"ty":"sh","ix":1,"ks":{"a":0,"k":{"i":[[1.058,0.014],[0,0],[0,0],[-14.911,0],[0,0]],"o":[[0,0],[0,0],[0,-14.912],[0,0],[-0.013,0.943]],"v":[[12.5,16.5],[-13.5,16.5],[-13.5,10.5],[13.5,-16.5],[13.5,15.5]],"c":true},"ix":2},"nm":"Path 1","mn":"ADBE Vector Shape - Group","hd":false},{"ty":"fl","c":{"a":0,"k":[0.741000007181,0.764999988032,0.847000002394,1],"ix":4,"x":"var $bm_rt;\ntry {\n    $bm_rt = thisComp.layer('Controller')('Effects')('Color 2')('ADBE Color Control-0001');\n} catch (e) {\n    $bm_rt = value;\n}"},"o":{"a":0,"k":100,"ix":5},"r":1,"bm":0,"nm":"Fill 1","mn":"ADBE Vector Graphic - Fill","hd":false},{"ty":"tr","p":{"a":0,"k":[31.25,44.065],"ix":2},"a":{"a":0,"k":[0,0],"ix":1},"s":{"a":0,"k":[100,100],"ix":3},"r":{"a":0,"k":0,"ix":6},"o":{"a":0,"k":100,"ix":7},"sk":{"a":0,"k":0,"ix":4},"sa":{"a":0,"k":0,"ix":5},"nm":"Transform"}],"nm":"Group 35","np":2,"cix":2,"bm":0,"ix":1,"mn":"ADBE Vector Group","hd":false}],"ip":0,"op":150,"st":0,"ct":1,"bm":0},{"ddd":0,"ind":13,"ty":4,"nm":"Layer 39 Outlines - Group 35","parent":14,"tt":1,"sr":1,"ks":{"o":{"a":0,"k":100,"ix":11},"r":{"a":0,"k":0,"ix":10},"p":{"a":1,"k":[{"i":{"x":0.26,"y":1},"o":{"x":0.167,"y":0.167},"t":5,"s":[306.634,393.42,0],"to":[-15.336,-18.663,0],"ti":[15.336,18.663,0]},{"i":{"x":0.26,"y":0.26},"o":{"x":0.167,"y":0.167},"t":35,"s":[214.621,281.441,0],"to":[0,0,0],"ti":[0,0,0]},{"i":{"x":0.833,"y":1},"o":{"x":0.167,"y":0},"t":100,"s":[214.621,281.441,0],"to":[15.336,18.663,0],"ti":[-15.336,-18.663,0]},{"t":130,"s":[306.634,393.42,0]}],"ix":2,"l":2},"a":{"a":0,"k":[31.25,44.066,0],"ix":1,"l":2},"s":{"a":0,"k":[437.963,439.394,100],"ix":6,"l":2}},"ao":0,"shapes":[{"ty":"gr","it":[{"ind":0,"ty":"sh","ix":1,"ks":{"a":0,"k":{"i":[[1.058,0.014],[0,0],[0,0],[-14.911,0],[0,0]],"o":[[0,0],[0,0],[0,-14.912],[0,0],[-0.013,0.943]],"v":[[12.5,16.5],[-13.5,16.5],[-13.5,10.5],[13.5,-16.5],[13.5,15.5]],"c":true},"ix":2},"nm":"Path 1","mn":"ADBE Vector Shape - Group","hd":false},{"ty":"fl","c":{"a":0,"k":[0.741000007181,0.764999988032,0.847000002394,1],"ix":4,"x":"var $bm_rt;\ntry {\n    $bm_rt = thisComp.layer('Controller')('Effects')('Color 2')('ADBE Color Control-0001');\n} catch (e) {\n    $bm_rt = value;\n}"},"o":{"a":0,"k":100,"ix":5},"r":1,"bm":0,"nm":"Fill 1","mn":"ADBE Vector Graphic - Fill","hd":false},{"ty":"tr","p":{"a":0,"k":[31.25,44.065],"ix":2},"a":{"a":0,"k":[0,0],"ix":1},"s":{"a":0,"k":[100,100],"ix":3},"r":{"a":0,"k":0,"ix":6},"o":{"a":0,"k":100,"ix":7},"sk":{"a":0,"k":0,"ix":4},"sa":{"a":0,"k":0,"ix":5},"nm":"Transform"}],"nm":"Group 35","np":2,"cix":2,"bm":0,"ix":1,"mn":"ADBE Vector Group","hd":false}],"ip":0,"op":150,"st":0,"ct":1,"bm":0},{"ddd":0,"ind":14,"ty":4,"nm":"Layer 39 Outlines - Group 34 :M","parent":17,"sr":1,"ks":{"o":{"a":0,"k":100,"ix":11},"r":{"a":0,"k":0,"ix":10},"p":{"a":0,"k":[202.746,256.184,0],"ix":2,"l":2},"a":{"a":0,"k":[202.746,256.184,0],"ix":1,"l":2},"s":{"a":0,"k":[100,100,100],"ix":6,"l":2}},"ao":0,"shapes":[{"ty":"gr","it":[{"ty":"gr","it":[{"ind":0,"ty":"sh","ix":1,"ks":{"a":0,"k":{"i":[[0,0],[0,-0.138],[0,0],[-0.138,0],[0,0],[0,0.138],[0,0],[0.138,0]],"o":[[-0.138,0],[0,0],[0,0.138],[0,0],[0.138,0],[0,0],[0,-0.138],[0,0]],"v":[[-15.5,-21.75],[-15.75,-21.5],[-15.75,21.5],[-15.5,21.75],[15.5,21.75],[15.75,21.5],[15.75,-21.5],[15.5,-21.75]],"c":true},"ix":2},"nm":"Path 1","mn":"ADBE Vector Shape - Group","hd":false},{"ind":1,"ty":"sh","ix":2,"ks":{"a":0,"k":{"i":[[0.965,0],[0,0],[0,0.965],[0,0],[-0.965,0],[0,0],[0,-0.965],[0,0]],"o":[[0,0],[-0.965,0],[0,0],[0,-0.965],[0,0],[0.965,0],[0,0],[0,0.965]],"v":[[15.5,23.25],[-15.5,23.25],[-17.25,21.5],[-17.25,-21.5],[-15.5,-23.25],[15.5,-23.25],[17.25,-21.5],[17.25,21.5]],"c":true},"ix":2},"nm":"Path 2","mn":"ADBE Vector Shape - Group","hd":false},{"ty":"mm","mm":1,"nm":"Merge Paths 1","mn":"ADBE Vector Filter - Merge","hd":false},{"ty":"fl","c":{"a":0,"k":[0.128999993205,0.211999997497,0.372999995947,1],"ix":4,"x":"var $bm_rt;\ntry {\n    $bm_rt = thisComp.layer('Controller')('Effects')('Color')('ADBE Color Control-0001');\n} catch (e) {\n    $bm_rt = value;\n}"},"o":{"a":0,"k":100,"ix":5},"r":1,"bm":0,"nm":"Fill 1","mn":"ADBE Vector Graphic - Fill","hd":false},{"ty":"tr","p":{"a":0,"k":[28.25,38.064],"ix":2},"a":{"a":0,"k":[0,0],"ix":1},"s":{"a":0,"k":[100,100],"ix":3},"r":{"a":0,"k":0,"ix":6},"o":{"a":0,"k":100,"ix":7},"sk":{"a":0,"k":0,"ix":4},"sa":{"a":0,"k":0,"ix":5},"nm":"Transform"}],"nm":"Group 34","np":4,"cix":2,"bm":0,"ix":1,"mn":"ADBE Vector Group","hd":false},{"ty":"tr","p":{"a":0,"k":[202.746,256.184],"ix":2},"a":{"a":0,"k":[28.25,38.064],"ix":1},"s":{"a":0,"k":[450,450],"ix":3},"r":{"a":0,"k":0,"ix":6},"o":{"a":0,"k":100,"ix":7},"sk":{"a":0,"k":0,"ix":4},"sa":{"a":0,"k":0,"ix":5},"nm":"Transform"}],"nm":"Layer 39 Outlines - Group 334","np":1,"cix":2,"bm":0,"ix":1,"mn":"ADBE Vector Group","hd":false},{"ty":"gr","it":[{"ty":"gr","it":[{"ind":0,"ty":"sh","ix":1,"ks":{"a":0,"k":{"i":[[0.553,0],[0,0],[0,0.552],[0,0],[-0.552,0],[0,0],[0,-0.553],[0,0]],"o":[[0,0],[-0.552,0],[0,0],[0,-0.553],[0,0],[0.553,0],[0,0],[0,0.552]],"v":[[15.5,22.5],[-15.5,22.5],[-16.5,21.5],[-16.5,-21.5],[-15.5,-22.5],[15.5,-22.5],[16.5,-21.5],[16.5,21.5]],"c":true},"ix":2},"nm":"Path 1","mn":"ADBE Vector Shape - Group","hd":false},{"ty":"fl","c":{"a":0,"k":[1,1,1,1],"ix":4,"x":"var $bm_rt;\ntry {\n    $bm_rt = thisComp.layer('Controller')('Effects')('Color 3')('ADBE Color Control-0001');\n} catch (e) {\n    $bm_rt = value;\n}"},"o":{"a":0,"k":100,"ix":5},"r":1,"bm":0,"nm":"Fill 1","mn":"ADBE Vector Graphic - Fill","hd":false},{"ty":"tr","p":{"a":0,"k":[28.25,38.064],"ix":2},"a":{"a":0,"k":[0,0],"ix":1},"s":{"a":0,"k":[100,100],"ix":3},"r":{"a":0,"k":0,"ix":6},"o":{"a":0,"k":100,"ix":7},"sk":{"a":0,"k":0,"ix":4},"sa":{"a":0,"k":0,"ix":5},"nm":"Transform"}],"nm":"Group 36","np":2,"cix":2,"bm":0,"ix":1,"mn":"ADBE Vector Group","hd":false},{"ty":"tr","p":{"a":0,"k":[202.746,256.184],"ix":2},"a":{"a":0,"k":[28.25,38.064],"ix":1},"s":{"a":0,"k":[450,450],"ix":3},"r":{"a":0,"k":0,"ix":6},"o":{"a":0,"k":100,"ix":7},"sk":{"a":0,"k":0,"ix":4},"sa":{"a":0,"k":0,"ix":5},"nm":"Transform"}],"nm":"Layer 39 Outlines - Group 336","np":1,"cix":2,"bm":0,"ix":2,"mn":"ADBE Vector Group","hd":false}],"ip":0,"op":150,"st":0,"ct":1,"bm":0},{"ddd":0,"ind":15,"ty":4,"nm":"Layer 39 Outlines - Group 44","parent":17,"td":1,"sr":1,"ks":{"o":{"a":0,"k":100,"ix":11},"r":{"a":0,"k":0,"ix":10},"p":{"a":0,"k":[214.621,272.566,0],"ix":2,"l":2},"a":{"a":0,"k":[31.25,42.066,0],"ix":1,"l":2},"s":{"a":0,"k":[440.972,442.935,100],"ix":6,"l":2}},"ao":0,"shapes":[{"ty":"gr","it":[{"ind":0,"ty":"sh","ix":1,"ks":{"a":0,"k":{"i":[[2.236,0.071],[0,0],[0,1.104],[0,0],[0,0],[0,-1.104],[0,0]],"o":[[0,0],[-1.104,0],[0,0],[0,0],[1.105,0],[0,0],[-0.056,2.027]],"v":[[15,23],[-16,23],[-18,21],[-18,-23],[16,-23],[18,-21],[18,20]],"c":true},"ix":2},"nm":"Path 1","mn":"ADBE Vector Shape - Group","hd":false},{"ty":"fl","c":{"a":0,"k":[0.741000007181,0.764999988032,0.847000002394,1],"ix":4,"x":"var $bm_rt;\ntry {\n    $bm_rt = thisComp.layer('Controller')('Effects')('Color 2')('ADBE Color Control-0001');\n} catch (e) {\n    $bm_rt = value;\n}"},"o":{"a":0,"k":100,"ix":5},"r":1,"bm":0,"nm":"Fill 1","mn":"ADBE Vector Graphic - Fill","hd":false},{"ty":"tr","p":{"a":0,"k":[31.25,42.064],"ix":2},"a":{"a":0,"k":[0,0],"ix":1},"s":{"a":0,"k":[100,100],"ix":3},"r":{"a":0,"k":0,"ix":6},"o":{"a":0,"k":100,"ix":7},"sk":{"a":0,"k":0,"ix":4},"sa":{"a":0,"k":0,"ix":5},"nm":"Transform"}],"nm":"Group 38","np":2,"cix":2,"bm":0,"ix":1,"mn":"ADBE Vector Group","hd":false}],"ip":0,"op":150,"st":0,"ct":1,"bm":0},{"ddd":0,"ind":16,"ty":4,"nm":"Layer 39 Outlines - Group 38","parent":17,"tt":1,"sr":1,"ks":{"o":{"a":0,"k":100,"ix":11},"r":{"a":0,"k":0,"ix":10},"p":{"a":1,"k":[{"i":{"x":0.26,"y":1},"o":{"x":0.167,"y":0.167},"t":0,"s":[375.211,479.163,0],"to":[-26.765,-34.433,0],"ti":[26.765,34.433,0]},{"i":{"x":0.26,"y":0.26},"o":{"x":0.167,"y":0.167},"t":30,"s":[214.621,272.566,0],"to":[0,0,0],"ti":[0,0,0]},{"i":{"x":0.26,"y":1},"o":{"x":0.167,"y":0},"t":105,"s":[214.621,272.566,0],"to":[26.765,34.433,0],"ti":[-26.765,-34.433,0]},{"t":135,"s":[375.211,479.163,0]}],"ix":2,"l":2},"a":{"a":0,"k":[31.25,42.066,0],"ix":1,"l":2},"s":{"a":0,"k":[440.972,442.935,100],"ix":6,"l":2}},"ao":0,"shapes":[{"ty":"gr","it":[{"ind":0,"ty":"sh","ix":1,"ks":{"a":0,"k":{"i":[[2.236,0.071],[0,0],[0,1.104],[0,0],[0,0],[0,-1.104],[0,0]],"o":[[0,0],[-1.104,0],[0,0],[0,0],[1.105,0],[0,0],[-0.056,2.027]],"v":[[15,23],[-16,23],[-18,21],[-18,-23],[16,-23],[18,-21],[18,20]],"c":true},"ix":2},"nm":"Path 1","mn":"ADBE Vector Shape - Group","hd":false},{"ty":"fl","c":{"a":0,"k":[0.741000007181,0.764999988032,0.847000002394,1],"ix":4,"x":"var $bm_rt;\ntry {\n    $bm_rt = thisComp.layer('Controller')('Effects')('Color 2')('ADBE Color Control-0001');\n} catch (e) {\n    $bm_rt = value;\n}"},"o":{"a":0,"k":100,"ix":5},"r":1,"bm":0,"nm":"Fill 1","mn":"ADBE Vector Graphic - Fill","hd":false},{"ty":"tr","p":{"a":0,"k":[31.25,42.064],"ix":2},"a":{"a":0,"k":[0,0],"ix":1},"s":{"a":0,"k":[100,100],"ix":3},"r":{"a":0,"k":0,"ix":6},"o":{"a":0,"k":100,"ix":7},"sk":{"a":0,"k":0,"ix":4},"sa":{"a":0,"k":0,"ix":5},"nm":"Transform"}],"nm":"Group 38","np":2,"cix":2,"bm":0,"ix":1,"mn":"ADBE Vector Group","hd":false}],"ip":0,"op":150,"st":0,"ct":1,"bm":0},{"ddd":0,"ind":17,"ty":4,"nm":"Layer 39 Outlines - Group 37 :M","parent":2,"sr":1,"ks":{"o":{"a":0,"k":100,"ix":11},"r":{"a":0,"k":0,"ix":10},"p":{"a":0,"k":[-27.613,93.973,0],"ix":2,"l":2},"a":{"a":0,"k":[202.745,256.184,0],"ix":1,"l":2},"s":{"a":1,"k":[{"i":{"x":[0.64,0.64,0.64],"y":[1,1,1]},"o":{"x":[0.36,0.36,0.36],"y":[0,0,0]},"t":0,"s":[100,100,100]},{"i":{"x":[0.64,0.64,0.64],"y":[1,1,1]},"o":{"x":[0.36,0.36,0.36],"y":[0,0,0]},"t":15,"s":[115,115,100]},{"i":{"x":[0.64,0.64,0.64],"y":[1,1,1]},"o":{"x":[0.36,0.36,0.36],"y":[0,0,0]},"t":30,"s":[90,90,100]},{"i":{"x":[0.64,0.64,0.64],"y":[1,1,1]},"o":{"x":[0.167,0.167,0.167],"y":[0,0,0]},"t":45,"s":[100,100,100]},{"i":{"x":[0.64,0.64,0.64],"y":[1,1,1]},"o":{"x":[0.36,0.36,0.36],"y":[0,0,0]},"t":50,"s":[100,100,100]},{"i":{"x":[0.64,0.64,0.64],"y":[1,1,1]},"o":{"x":[0.36,0.36,0.36],"y":[0,0,0]},"t":65,"s":[115,115,100]},{"i":{"x":[0.64,0.64,0.64],"y":[1,1,1]},"o":{"x":[0.36,0.36,0.36],"y":[0,0,0]},"t":80,"s":[90,90,100]},{"i":{"x":[0.64,0.64,0.64],"y":[1,1,1]},"o":{"x":[0.167,0.167,0.167],"y":[0,0,0]},"t":95,"s":[100,100,100]},{"i":{"x":[0.64,0.64,0.64],"y":[1,1,1]},"o":{"x":[0.36,0.36,0.36],"y":[0,0,0]},"t":100,"s":[100,100,100]},{"i":{"x":[0.64,0.64,0.64],"y":[1,1,1]},"o":{"x":[0.36,0.36,0.36],"y":[0,0,0]},"t":115,"s":[115,115,100]},{"i":{"x":[0.64,0.64,0.64],"y":[1,1,1]},"o":{"x":[0.36,0.36,0.36],"y":[0,0,0]},"t":130,"s":[90,90,100]},{"t":145,"s":[100,100,100]}],"ix":6,"l":2}},"ao":0,"shapes":[{"ty":"gr","it":[{"ty":"gr","it":[{"ind":0,"ty":"sh","ix":1,"ks":{"a":0,"k":{"i":[[0,0],[0,-1.24],[0,0],[-1.24,0],[0,0],[0,1.24],[0,0],[1.24,0]],"o":[[-1.24,0],[0,0],[0,1.24],[0,0],[1.24,0],[0,0],[0,-1.24],[0,0]],"v":[[-17.999,-26.251],[-20.249,-24.001],[-20.249,24.001],[-17.999,26.251],[17.999,26.251],[20.249,24.001],[20.249,-24.001],[17.999,-26.251]],"c":true},"ix":2},"nm":"Path 1","mn":"ADBE Vector Shape - Group","hd":false},{"ind":1,"ty":"sh","ix":2,"ks":{"a":0,"k":{"i":[[2.067,0],[0,0],[0,2.067],[0,0],[-2.067,0],[0,0],[0,-2.068],[0,0]],"o":[[0,0],[-2.067,0],[0,0],[0,-2.068],[0,0],[2.067,0],[0,0],[0,2.067]],"v":[[17.999,27.751],[-17.999,27.751],[-21.749,24.001],[-21.749,-24.001],[-17.999,-27.751],[17.999,-27.751],[21.749,-24.001],[21.749,24.001]],"c":true},"ix":2},"nm":"Path 2","mn":"ADBE Vector Shape - Group","hd":false},{"ty":"mm","mm":1,"nm":"Merge Paths 1","mn":"ADBE Vector Filter - Merge","hd":false},{"ty":"fl","c":{"a":0,"k":[0.128999993205,0.211999997497,0.372999995947,1],"ix":4,"x":"var $bm_rt;\ntry {\n    $bm_rt = thisComp.layer('Controller')('Effects')('Color')('ADBE Color Control-0001');\n} catch (e) {\n    $bm_rt = value;\n}"},"o":{"a":0,"k":100,"ix":5},"r":1,"bm":0,"nm":"Fill 1","mn":"ADBE Vector Graphic - Fill","hd":false},{"ty":"tr","p":{"a":0,"k":[28.25,38.064],"ix":2},"a":{"a":0,"k":[0,0],"ix":1},"s":{"a":0,"k":[100,100],"ix":3},"r":{"a":0,"k":0,"ix":6},"o":{"a":0,"k":100,"ix":7},"sk":{"a":0,"k":0,"ix":4},"sa":{"a":0,"k":0,"ix":5},"nm":"Transform"}],"nm":"Group 37","np":4,"cix":2,"bm":0,"ix":1,"mn":"ADBE Vector Group","hd":false},{"ty":"tr","p":{"a":0,"k":[202.745,256.184],"ix":2},"a":{"a":0,"k":[28.25,38.064],"ix":1},"s":{"a":0,"k":[450,450],"ix":3},"r":{"a":0,"k":0,"ix":6},"o":{"a":0,"k":100,"ix":7},"sk":{"a":0,"k":0,"ix":4},"sa":{"a":0,"k":0,"ix":5},"nm":"Transform"}],"nm":"Layer 39 Outlines - Group 337","np":1,"cix":2,"bm":0,"ix":1,"mn":"ADBE Vector Group","hd":false},{"ty":"gr","it":[{"ty":"gr","it":[{"ind":0,"ty":"sh","ix":1,"ks":{"a":0,"k":{"i":[[1.657,0],[0,0],[0,1.656],[0,0],[-1.656,0],[0,0],[0,-1.656],[0,0]],"o":[[0,0],[-1.656,0],[0,0],[0,-1.656],[0,0],[1.657,0],[0,0],[0,1.656]],"v":[[17.999,27.001],[-17.999,27.001],[-20.999,24.001],[-20.999,-24.001],[-17.999,-27.001],[17.999,-27.001],[20.999,-24.001],[20.999,24.001]],"c":true},"ix":2},"nm":"Path 1","mn":"ADBE Vector Shape - Group","hd":false},{"ty":"fl","c":{"a":0,"k":[1,1,1,1],"ix":4,"x":"var $bm_rt;\ntry {\n    $bm_rt = thisComp.layer('Controller')('Effects')('Color 3')('ADBE Color Control-0001');\n} catch (e) {\n    $bm_rt = value;\n}"},"o":{"a":0,"k":100,"ix":5},"r":1,"bm":0,"nm":"Fill 1","mn":"ADBE Vector Graphic - Fill","hd":false},{"ty":"tr","p":{"a":0,"k":[28.25,38.064],"ix":2},"a":{"a":0,"k":[0,0],"ix":1},"s":{"a":0,"k":[100,100],"ix":3},"r":{"a":0,"k":0,"ix":6},"o":{"a":0,"k":100,"ix":7},"sk":{"a":0,"k":0,"ix":4},"sa":{"a":0,"k":0,"ix":5},"nm":"Transform"}],"nm":"Group 39","np":2,"cix":2,"bm":0,"ix":1,"mn":"ADBE Vector Group","hd":false},{"ty":"tr","p":{"a":0,"k":[202.745,256.184],"ix":2},"a":{"a":0,"k":[28.25,38.064],"ix":1},"s":{"a":0,"k":[450,450],"ix":3},"r":{"a":0,"k":0,"ix":6},"o":{"a":0,"k":100,"ix":7},"sk":{"a":0,"k":0,"ix":4},"sa":{"a":0,"k":0,"ix":5},"nm":"Transform"}],"nm":"Layer 39 Outlines - Group 339","np":1,"cix":2,"bm":0,"ix":2,"mn":"ADBE Vector Group","hd":false}],"ip":0,"op":150,"st":0,"ct":1,"bm":0},{"ddd":0,"ind":18,"ty":4,"nm":"Layer 39 Outlines - Group 40 :M","parent":2,"sr":1,"ks":{"o":{"a":0,"k":100,"ix":11},"r":{"a":0,"k":0,"ix":10},"p":{"a":0,"k":[-2.858,73.727,0],"ix":2,"l":2},"a":{"a":0,"k":[227.5,235.938,0],"ix":1,"l":2},"s":{"a":0,"k":[100,100,100],"ix":6,"l":2}},"ao":0,"shapes":[{"ty":"gr","it":[{"ty":"gr","it":[{"ind":0,"ty":"sh","ix":1,"ks":{"a":0,"k":{"i":[[0,-11.598],[11.598,0],[0,11.598],[-11.599,0]],"o":[[0,11.598],[-11.599,0],[0,-11.598],[11.598,0]],"v":[[21,0],[0,21],[-21,0],[0,-21]],"c":true},"ix":2},"nm":"Path 1","mn":"ADBE Vector Shape - Group","hd":false},{"ty":"fl","c":{"a":0,"k":[0.910000026226,0.92199999094,0.925000011921,1],"ix":4,"x":"var $bm_rt;\ntry {\n    $bm_rt = thisComp.layer('Controller').effect('Color 5')('ADBE Color Control-0001');\n} catch (e) {\n    $bm_rt = value;\n}"},"o":{"a":0,"k":100,"ix":5},"r":1,"bm":0,"nm":"Fill 1","mn":"ADBE Vector Graphic - Fill","hd":false},{"ty":"tr","p":{"a":0,"k":[56.252,52.065],"ix":2},"a":{"a":0,"k":[0,0],"ix":1},"s":{"a":0,"k":[100,100],"ix":3},"r":{"a":0,"k":0,"ix":6},"o":{"a":0,"k":100,"ix":7},"sk":{"a":0,"k":0,"ix":4},"sa":{"a":0,"k":0,"ix":5},"nm":"Transform"}],"nm":"Group 40","np":2,"cix":2,"bm":0,"ix":1,"mn":"ADBE Vector Group","hd":false},{"ty":"tr","p":{"a":0,"k":[328.754,319.188],"ix":2},"a":{"a":0,"k":[56.252,52.065],"ix":1},"s":{"a":1,"k":[{"i":{"x":[0.64,0.64],"y":[1,1]},"o":{"x":[0.36,0.36],"y":[0,0]},"t":20,"s":[0,0]},{"i":{"x":[0.64,0.64],"y":[1,1]},"o":{"x":[0.36,0.36],"y":[0,0]},"t":53,"s":[570,570]},{"i":{"x":[0.64,0.64],"y":[1,1]},"o":{"x":[0.36,0.36],"y":[0,0]},"t":85,"s":[0,0]},{"i":{"x":[0.64,0.64],"y":[1,1]},"o":{"x":[0.36,0.36],"y":[0,0]},"t":117,"s":[450,450]},{"t":149,"s":[0,0]}],"ix":3},"r":{"a":0,"k":0,"ix":6},"o":{"a":0,"k":100,"ix":7},"sk":{"a":0,"k":0,"ix":4},"sa":{"a":0,"k":0,"ix":5},"nm":"Transform"}],"nm":"Layer 39 Outlines - Group 440","np":1,"cix":2,"bm":0,"ix":1,"mn":"ADBE Vector Group","hd":false},{"ty":"gr","it":[{"ty":"gr","it":[{"ind":0,"ty":"sh","ix":1,"ks":{"a":0,"k":{"i":[[0,-7.732],[7.732,0],[0,7.731],[-7.731,0]],"o":[[0,7.731],[-7.731,0],[0,-7.732],[7.732,0]],"v":[[14,0],[0,14],[-14,0],[0,-14]],"c":true},"ix":2},"nm":"Path 1","mn":"ADBE Vector Shape - Group","hd":false},{"ty":"fl","c":{"a":0,"k":[0.910000026226,0.92199999094,0.925000011921,1],"ix":4,"x":"var $bm_rt;\ntry {\n    $bm_rt = thisComp.layer('Controller')('Effects')('Color 5')('ADBE Color Control-0001');\n} catch (e) {\n    $bm_rt = value;\n}"},"o":{"a":0,"k":100,"ix":5},"r":1,"bm":0,"nm":"Fill 1","mn":"ADBE Vector Graphic - Fill","hd":false},{"ty":"tr","p":{"a":0,"k":[40.316,15.065],"ix":2},"a":{"a":0,"k":[0,0],"ix":1},"s":{"a":0,"k":[100,100],"ix":3},"r":{"a":0,"k":0,"ix":6},"o":{"a":0,"k":100,"ix":7},"sk":{"a":0,"k":0,"ix":4},"sa":{"a":0,"k":0,"ix":5},"nm":"Transform"}],"nm":"Group 41","np":2,"cix":2,"bm":0,"ix":1,"mn":"ADBE Vector Group","hd":false},{"ty":"tr","p":{"a":0,"k":[257.044,152.688],"ix":2},"a":{"a":0,"k":[40.316,15.065],"ix":1},"s":{"a":1,"k":[{"i":{"x":[0.64,0.64],"y":[1,1]},"o":{"x":[0.36,0.36],"y":[0,0]},"t":10,"s":[0,0]},{"i":{"x":[0.64,0.64],"y":[1,1]},"o":{"x":[0.36,0.36],"y":[0,0]},"t":43,"s":[570,570]},{"i":{"x":[0.64,0.64],"y":[1,1]},"o":{"x":[0.36,0.36],"y":[0,0]},"t":75,"s":[0,0]},{"i":{"x":[0.64,0.64],"y":[1,1]},"o":{"x":[0.36,0.36],"y":[0,0]},"t":107,"s":[450,450]},{"t":139,"s":[0,0]}],"ix":3},"r":{"a":0,"k":0,"ix":6},"o":{"a":0,"k":100,"ix":7},"sk":{"a":0,"k":0,"ix":4},"sa":{"a":0,"k":0,"ix":5},"nm":"Transform"}],"nm":"Layer 39 Outlines - Group 441","np":1,"cix":2,"bm":0,"ix":2,"mn":"ADBE Vector Group","hd":false},{"ty":"gr","it":[{"ty":"gr","it":[{"ind":0,"ty":"sh","ix":1,"ks":{"a":0,"k":{"i":[[0,-6.075],[6.076,0],[0,6.075],[-6.074,0]],"o":[[0,6.075],[-6.074,0],[0,-6.075],[6.076,0]],"v":[[11,0],[0,11],[-11,0],[0,-11]],"c":true},"ix":2},"nm":"Path 1","mn":"ADBE Vector Shape - Group","hd":false},{"ty":"fl","c":{"a":0,"k":[0.910000026226,0.92199999094,0.925000011921,1],"ix":4,"x":"var $bm_rt;\ntry {\n    $bm_rt = thisComp.layer('Controller')('Effects')('Color 5')('ADBE Color Control-0001');\n} catch (e) {\n    $bm_rt = value;\n}"},"o":{"a":0,"k":100,"ix":5},"r":1,"bm":0,"nm":"Fill 1","mn":"ADBE Vector Graphic - Fill","hd":false},{"ty":"tr","p":{"a":0,"k":[11.25,31.992],"ix":2},"a":{"a":0,"k":[0,0],"ix":1},"s":{"a":0,"k":[100,100],"ix":3},"r":{"a":0,"k":0,"ix":6},"o":{"a":0,"k":100,"ix":7},"sk":{"a":0,"k":0,"ix":4},"sa":{"a":0,"k":0,"ix":5},"nm":"Transform"}],"nm":"Group 42","np":2,"cix":2,"bm":0,"ix":1,"mn":"ADBE Vector Group","hd":false},{"ty":"tr","p":{"a":0,"k":[126.246,228.859],"ix":2},"a":{"a":0,"k":[11.25,31.992],"ix":1},"s":{"a":1,"k":[{"i":{"x":[0.64,0.64],"y":[1,1]},"o":{"x":[0.36,0.36],"y":[0,0]},"t":0,"s":[0,0]},{"i":{"x":[0.64,0.64],"y":[1,1]},"o":{"x":[0.36,0.36],"y":[0,0]},"t":33,"s":[570,570]},{"i":{"x":[0.64,0.64],"y":[1,1]},"o":{"x":[0.36,0.36],"y":[0,0]},"t":65,"s":[0,0]},{"i":{"x":[0.64,0.64],"y":[1,1]},"o":{"x":[0.36,0.36],"y":[0,0]},"t":97,"s":[450,450]},{"t":129,"s":[0,0]}],"ix":3},"r":{"a":0,"k":0,"ix":6},"o":{"a":0,"k":100,"ix":7},"sk":{"a":0,"k":0,"ix":4},"sa":{"a":0,"k":0,"ix":5},"nm":"Transform"}],"nm":"Layer 39 Outlines - Group 442","np":1,"cix":2,"bm":0,"ix":3,"mn":"ADBE Vector Group","hd":false}],"ip":0,"op":150,"st":0,"ct":1,"bm":0}],"markers":[]}