{"v":"5.9.6","fr":30,"ip":0,"op":150,"w":3840,"h":2160,"nm":"CONTENT CREATION","ddd":0,"assets":[],"layers":[{"ddd":0,"ind":1,"ty":3,"nm":"Null 23","sr":1,"ks":{"o":{"a":0,"k":0,"ix":11},"r":{"a":0,"k":0,"ix":10},"p":{"a":0,"k":[1914.15,1079.307,0],"ix":2,"l":2},"a":{"a":0,"k":[50,50,0],"ix":1,"l":2},"s":{"a":0,"k":[100,100,100],"ix":6,"l":2}},"ao":0,"ip":0,"op":150,"st":0,"bm":0},{"ddd":0,"ind":2,"ty":3,"nm":"Null 11","parent":1,"sr":1,"ks":{"o":{"a":0,"k":0,"ix":11},"r":{"a":0,"k":0,"ix":10},"p":{"a":0,"k":[50,50,0],"ix":2,"l":2},"a":{"a":0,"k":[50,50,0],"ix":1,"l":2},"s":{"a":0,"k":[430,430,100],"ix":6,"l":2}},"ao":0,"ip":0,"op":150,"st":0,"bm":0},{"ddd":0,"ind":4,"ty":4,"nm":"Layer 6 Outlines - Group 15 :M","parent":9,"sr":1,"ks":{"o":{"a":0,"k":100,"ix":11},"r":{"a":1,"k":[{"i":{"x":[0.64],"y":[1]},"o":{"x":[0.36],"y":[0]},"t":0,"s":[12]},{"i":{"x":[0.64],"y":[1]},"o":{"x":[0.36],"y":[0]},"t":30,"s":[12]},{"i":{"x":[0.63],"y":[1]},"o":{"x":[0.36],"y":[0]},"t":50,"s":[-30]},{"i":{"x":[0.63],"y":[1]},"o":{"x":[0.37],"y":[0]},"t":70,"s":[10]},{"i":{"x":[0.63],"y":[1]},"o":{"x":[0.37],"y":[0]},"t":85,"s":[-5]},{"i":{"x":[0.63],"y":[1]},"o":{"x":[0.37],"y":[0]},"t":100,"s":[12]},{"i":{"x":[0.63],"y":[1]},"o":{"x":[0.37],"y":[0]},"t":115,"s":[-15]},{"i":{"x":[0.63],"y":[1]},"o":{"x":[0.37],"y":[0]},"t":130,"s":[4]},{"t":146,"s":[0]}],"ix":10},"p":{"a":1,"k":[{"i":{"x":0.833,"y":0.833},"o":{"x":0.167,"y":0.167},"t":0,"s":[283.835,150.492,0],"to":[0,0,0],"ti":[0,0,0]},{"i":{"x":0.833,"y":0.833},"o":{"x":0.167,"y":0.167},"t":10,"s":[213.835,150.492,0],"to":[0,0,0],"ti":[-49.378,-22.38,0]},{"i":{"x":0.833,"y":0.833},"o":{"x":0.167,"y":0.167},"t":23,"s":[219.335,202.742,0],"to":[0.786,0.356,0],"ti":[0,0,0]},{"i":{"x":0.833,"y":0.833},"o":{"x":0.167,"y":0.167},"t":27,"s":[238.585,203.242,0],"to":[0,0,0],"ti":[42.466,-24.22,0]},{"i":{"x":0.833,"y":0.833},"o":{"x":0.167,"y":0.167},"t":33,"s":[236.085,246.742,0],"to":[-4.371,2.493,0],"ti":[8.794,-5.266,0]},{"i":{"x":0.833,"y":0.833},"o":{"x":0.167,"y":0.167},"t":40,"s":[204.585,250.492,0],"to":[-41.75,25,0],"ti":[-16.691,-3.073,0]},{"i":{"x":0.833,"y":0.833},"o":{"x":0.167,"y":0.167},"t":54,"s":[209.335,311.492,0],"to":[0.259,0.048,0],"ti":[0.417,0.75,0]},{"t":62,"s":[238.085,311.492,0]}],"ix":2,"l":2},"a":{"a":0,"k":[238.085,311.992,0],"ix":1,"l":2},"s":{"a":1,"k":[{"i":{"x":[0.63,0.63,0.63],"y":[1,1,1]},"o":{"x":[0.37,0.37,0.37],"y":[0,0,0]},"t":0,"s":[0,0,100]},{"i":{"x":[0.63,0.63,0.63],"y":[1,1,1]},"o":{"x":[0.37,0.37,0.37],"y":[0,0,0]},"t":15,"s":[110,110,100]},{"i":{"x":[0.843,0.843,0.843],"y":[1,1,1]},"o":{"x":[0.37,0.37,0.37],"y":[0,0,0]},"t":30,"s":[100,100,100]},{"i":{"x":[0.63,0.63,0.63],"y":[1,1,1]},"o":{"x":[0.37,0.37,0.37],"y":[0,0,0]},"t":115,"s":[100,100,100]},{"i":{"x":[0.63,0.63,0.63],"y":[1,1,1]},"o":{"x":[0.37,0.37,0.37],"y":[0,0,0]},"t":130,"s":[120,120,100]},{"t":145,"s":[0,0,100]}],"ix":6,"l":2}},"ao":0,"shapes":[{"ty":"gr","it":[{"ty":"gr","it":[{"ind":0,"ty":"sh","ix":1,"ks":{"a":0,"k":{"i":[[0,0],[0,0],[0,0],[0.487,0.488],[0,0],[0.472,-0.472]],"o":[[0,0],[0,0],[0.487,-0.487],[0,0],[-0.472,-0.472],[0,0]],"v":[[-3.925,-2.065],[2.086,3.946],[3.677,2.355],[3.677,0.586],[-0.567,-3.656],[-2.334,-3.656]],"c":true},"ix":2},"nm":"Path 1","mn":"ADBE Vector Shape - Group","hd":false},{"ind":1,"ty":"sh","ix":2,"ks":{"a":0,"k":{"i":[[0.192,0],[0.147,0.146],[0,0],[-0.293,0.293],[0,0],[-1.036,-1.038],[0,0],[1.072,-1.072],[0,0]],"o":[[-0.193,0],[0,0],[-0.293,-0.293],[0,0],[1.04,-1.04],[0,0],[1.072,1.072],[0,0],[-0.146,0.146]],"v":[[2.086,5.756],[1.555,5.537],[-5.516,-1.535],[-5.516,-2.595],[-3.395,-4.716],[0.494,-4.716],[4.737,-0.474],[4.737,3.415],[2.616,5.537]],"c":true},"ix":2},"nm":"Path 2","mn":"ADBE Vector Shape - Group","hd":false},{"ty":"mm","mm":1,"nm":"Merge Paths 1","mn":"ADBE Vector Filter - Merge","hd":false},{"ty":"fl","c":{"a":0,"k":[0.128999993205,0.211999997497,0.372999995947,1],"ix":4,"x":"var $bm_rt;\ntry {\n    $bm_rt = thisComp.layer('Controller').effect('Color')('ADBE Color Control-0001');\n} catch (e) {\n    $bm_rt = value;\n}"},"o":{"a":0,"k":100,"ix":5},"r":1,"bm":0,"nm":"Fill 1","mn":"ADBE Vector Graphic - Fill","hd":false},{"ty":"tr","p":{"a":0,"k":[67.706,19.771],"ix":2},"a":{"a":0,"k":[0,0],"ix":1},"s":{"a":0,"k":[100,100],"ix":3},"r":{"a":0,"k":0,"ix":6},"o":{"a":0,"k":100,"ix":7},"sk":{"a":0,"k":0,"ix":4},"sa":{"a":0,"k":0,"ix":5},"nm":"Transform"}],"nm":"Group 15","np":4,"cix":2,"bm":0,"ix":1,"mn":"ADBE Vector Group","hd":false},{"ty":"tr","p":{"a":0,"k":[384.367,165.764],"ix":2},"a":{"a":0,"k":[67.609,19.901],"ix":1},"s":{"a":0,"k":[450,450],"ix":3},"r":{"a":0,"k":0,"ix":6},"o":{"a":0,"k":100,"ix":7},"sk":{"a":0,"k":0,"ix":4},"sa":{"a":0,"k":0,"ix":5},"nm":"Transform"}],"nm":"Layer 6 Outlines - Group 115","np":1,"cix":2,"bm":0,"ix":1,"mn":"ADBE Vector Group","hd":false},{"ty":"gr","it":[{"ty":"gr","it":[{"ind":0,"ty":"sh","ix":1,"ks":{"a":0,"k":{"i":[[0.391,0.391],[0,0],[0,0],[0,0],[0,0]],"o":[[0,0],[0,0],[0,0],[0,0],[0.391,-0.391]],"v":[[3.34,1.061],[-1.61,-3.889],[-3.731,-1.768],[1.926,3.889],[3.34,2.475]],"c":true},"ix":2},"nm":"Path 1","mn":"ADBE Vector Shape - Group","hd":false},{"ty":"fl","c":{"a":0,"k":[1,1,1,1],"ix":4,"x":"var $bm_rt;\ntry {\n    $bm_rt = thisComp.layer('Controller').effect('Color 2')('ADBE Color Control-0001');\n} catch (e) {\n    $bm_rt = value;\n}"},"o":{"a":0,"k":100,"ix":5},"r":1,"bm":0,"nm":"Fill 1","mn":"ADBE Vector Graphic - Fill","hd":false},{"ty":"tr","p":{"a":0,"k":[66.452,19.474],"ix":2},"a":{"a":0,"k":[0,0],"ix":1},"s":{"a":0,"k":[100,100],"ix":3},"r":{"a":0,"k":0,"ix":6},"o":{"a":0,"k":100,"ix":7},"sk":{"a":0,"k":0,"ix":4},"sa":{"a":0,"k":0,"ix":5},"nm":"Transform"}],"nm":"Group 16","np":2,"cix":2,"bm":0,"ix":1,"mn":"ADBE Vector Group","hd":false},{"ty":"tr","p":{"a":0,"k":[378.941,163.838],"ix":2},"a":{"a":0,"k":[66.403,19.474],"ix":1},"s":{"a":0,"k":[450,450],"ix":3},"r":{"a":0,"k":0,"ix":6},"o":{"a":0,"k":100,"ix":7},"sk":{"a":0,"k":0,"ix":4},"sa":{"a":0,"k":0,"ix":5},"nm":"Transform"}],"nm":"Layer 6 Outlines - Group 116","np":1,"cix":2,"bm":0,"ix":2,"mn":"ADBE Vector Group","hd":false},{"ty":"gr","it":[{"ty":"gr","it":[{"ind":0,"ty":"sh","ix":1,"ks":{"a":0,"k":{"i":[[0.781,0.781],[0,0],[0.781,-0.78],[0,0],[0,0],[0,0]],"o":[[0,0],[-0.781,-0.78],[0,0],[0,0],[0,0],[0.781,-0.781]],"v":[[4.206,0.037],[-0.036,-4.206],[-2.866,-4.206],[-4.986,-2.084],[2.085,4.986],[4.206,2.865]],"c":true},"ix":2},"nm":"Path 1","mn":"ADBE Vector Shape - Group","hd":false},{"ty":"fl","c":{"a":0,"k":[0.740999996662,0.764999985695,0.847000002861,1],"ix":4,"x":"var $bm_rt;\ntry {\n    $bm_rt = thisComp.layer('Controller').effect('Color 3')('ADBE Color Control-0001');\n} catch (e) {\n    $bm_rt = value;\n}"},"o":{"a":0,"k":100,"ix":5},"r":1,"bm":0,"nm":"Fill 1","mn":"ADBE Vector Graphic - Fill","hd":false},{"ty":"tr","p":{"a":0,"k":[67.707,19.79],"ix":2},"a":{"a":0,"k":[0,0],"ix":1},"s":{"a":0,"k":[100,100],"ix":3},"r":{"a":0,"k":0,"ix":6},"o":{"a":0,"k":100,"ix":7},"sk":{"a":0,"k":0,"ix":4},"sa":{"a":0,"k":0,"ix":5},"nm":"Transform"}],"nm":"Group 17","np":2,"cix":2,"bm":0,"ix":1,"mn":"ADBE Vector Group","hd":false},{"ty":"tr","p":{"a":0,"k":[384.371,165.701],"ix":2},"a":{"a":0,"k":[67.61,19.888],"ix":1},"s":{"a":0,"k":[450,450],"ix":3},"r":{"a":0,"k":0,"ix":6},"o":{"a":0,"k":100,"ix":7},"sk":{"a":0,"k":0,"ix":4},"sa":{"a":0,"k":0,"ix":5},"nm":"Transform"}],"nm":"Layer 6 Outlines - Group 117","np":1,"cix":2,"bm":0,"ix":3,"mn":"ADBE Vector Group","hd":false},{"ty":"gr","it":[{"ty":"gr","it":[{"ind":0,"ty":"sh","ix":1,"ks":{"a":0,"k":{"i":[[0,0],[0,0],[0,0],[0,0]],"o":[[0,0],[0,0],[0,0],[0,0]],"v":[[-2.246,-3.163],[-3.332,3.346],[3.176,2.26],[1.549,-1.536]],"c":true},"ix":2},"nm":"Path 1","mn":"ADBE Vector Shape - Group","hd":false},{"ind":1,"ty":"sh","ix":2,"ks":{"a":0,"k":{"i":[[0.041,0],[0.141,0.142],[-0.039,0.238],[0,0],[-0.203,0.111],[-0.209,-0.09],[0,0],[-0.077,-0.177],[0,0],[0.111,-0.201],[0.228,-0.038],[0,0]],"o":[[-0.197,0],[-0.171,-0.171],[0,0],[0.038,-0.228],[0.201,-0.11],[0,0],[0.178,0.076],[0,0],[0.091,0.212],[-0.11,0.202],[0,0],[-0.041,0.007]],"v":[[-4.243,5.008],[-4.774,4.788],[-4.984,4.135],[-3.57,-4.351],[-3.189,-4.887],[-2.535,-4.918],[2.415,-2.797],[2.81,-2.403],[4.931,2.547],[4.9,3.202],[4.364,3.583],[-4.121,4.997]],"c":true},"ix":2},"nm":"Path 2","mn":"ADBE Vector Shape - Group","hd":false},{"ty":"mm","mm":1,"nm":"Merge Paths 1","mn":"ADBE Vector Filter - Merge","hd":false},{"ty":"fl","c":{"a":0,"k":[0.128999993205,0.211999997497,0.372999995947,1],"ix":4,"x":"var $bm_rt;\ntry {\n    $bm_rt = thisComp.layer('Controller')('Effects')('Color')('ADBE Color Control-0001');\n} catch (e) {\n    $bm_rt = value;\n}"},"o":{"a":0,"k":100,"ix":5},"r":1,"bm":0,"nm":"Fill 1","mn":"ADBE Vector Graphic - Fill","hd":false},{"ty":"tr","p":{"a":0,"k":[40.095,47.389],"ix":2},"a":{"a":0,"k":[0,0],"ix":1},"s":{"a":0,"k":[100,100],"ix":3},"r":{"a":0,"k":0,"ix":6},"o":{"a":0,"k":100,"ix":7},"sk":{"a":0,"k":0,"ix":4},"sa":{"a":0,"k":0,"ix":5},"nm":"Transform"}],"nm":"Group 18","np":4,"cix":2,"bm":0,"ix":1,"mn":"ADBE Vector Group","hd":false},{"ty":"tr","p":{"a":0,"k":[260.552,289.525],"ix":2},"a":{"a":0,"k":[40.094,47.404],"ix":1},"s":{"a":0,"k":[450,450],"ix":3},"r":{"a":0,"k":0,"ix":6},"o":{"a":0,"k":100,"ix":7},"sk":{"a":0,"k":0,"ix":4},"sa":{"a":0,"k":0,"ix":5},"nm":"Transform"}],"nm":"Layer 6 Outlines - Group 118","np":1,"cix":2,"bm":0,"ix":4,"mn":"ADBE Vector Group","hd":false},{"ty":"gr","it":[{"ty":"gr","it":[{"ind":0,"ty":"sh","ix":1,"ks":{"a":0,"k":{"i":[[0,0],[0,0],[-0.202,-0.472],[0,0],[0,0]],"o":[[0,0],[0.472,0.202],[0,0],[0,0],[0,0]],"v":[[-1.885,-2.828],[0.678,-1.729],[1.728,-0.679],[2.829,1.886],[-2.829,2.828]],"c":true},"ix":2},"nm":"Path 1","mn":"ADBE Vector Shape - Group","hd":false},{"ty":"fl","c":{"a":0,"k":[1,1,1,1],"ix":4,"x":"var $bm_rt;\ntry {\n    $bm_rt = thisComp.layer('Controller')('Effects')('Color 2')('ADBE Color Control-0001');\n} catch (e) {\n    $bm_rt = value;\n}"},"o":{"a":0,"k":100,"ix":5},"r":1,"bm":0,"nm":"Fill 1","mn":"ADBE Vector Graphic - Fill","hd":false},{"ty":"tr","p":{"a":0,"k":[38.68,48.817],"ix":2},"a":{"a":0,"k":[0,0],"ix":1},"s":{"a":0,"k":[100,100],"ix":3},"r":{"a":0,"k":0,"ix":6},"o":{"a":0,"k":100,"ix":7},"sk":{"a":0,"k":0,"ix":4},"sa":{"a":0,"k":0,"ix":5},"nm":"Transform"}],"nm":"Group 19","np":2,"cix":2,"bm":0,"ix":1,"mn":"ADBE Vector Group","hd":false},{"ty":"tr","p":{"a":0,"k":[254.189,295.885],"ix":2},"a":{"a":0,"k":[38.68,48.817],"ix":1},"s":{"a":0,"k":[450,450],"ix":3},"r":{"a":0,"k":0,"ix":6},"o":{"a":0,"k":100,"ix":7},"sk":{"a":0,"k":0,"ix":4},"sa":{"a":0,"k":0,"ix":5},"nm":"Transform"}],"nm":"Layer 6 Outlines - Group 119","np":1,"cix":2,"bm":0,"ix":5,"mn":"ADBE Vector Group","hd":false},{"ty":"gr","it":[{"ty":"gr","it":[{"ind":0,"ty":"sh","ix":1,"ks":{"a":0,"k":{"i":[[0,0],[0,0],[0,0],[0,0]],"o":[[0,0],[0,0],[0,0],[0,0]],"v":[[-2.828,-4.243],[2.121,-2.122],[4.242,2.829],[-4.242,4.243]],"c":true},"ix":2},"nm":"Path 1","mn":"ADBE Vector Shape - Group","hd":false},{"ty":"fl","c":{"a":0,"k":[0.740999996662,0.764999985695,0.847000002861,1],"ix":4,"x":"var $bm_rt;\ntry {\n    $bm_rt = thisComp.layer('Controller')('Effects')('Color 3')('ADBE Color Control-0001');\n} catch (e) {\n    $bm_rt = value;\n}"},"o":{"a":0,"k":100,"ix":5},"r":1,"bm":0,"nm":"Fill 1","mn":"ADBE Vector Graphic - Fill","hd":false},{"ty":"tr","p":{"a":0,"k":[40.094,47.403],"ix":2},"a":{"a":0,"k":[0,0],"ix":1},"s":{"a":0,"k":[100,100],"ix":3},"r":{"a":0,"k":0,"ix":6},"o":{"a":0,"k":100,"ix":7},"sk":{"a":0,"k":0,"ix":4},"sa":{"a":0,"k":0,"ix":5},"nm":"Transform"}],"nm":"Group 20","np":2,"cix":2,"bm":0,"ix":1,"mn":"ADBE Vector Group","hd":false},{"ty":"tr","p":{"a":0,"k":[260.551,289.519],"ix":2},"a":{"a":0,"k":[40.094,47.403],"ix":1},"s":{"a":0,"k":[450,450],"ix":3},"r":{"a":0,"k":0,"ix":6},"o":{"a":0,"k":100,"ix":7},"sk":{"a":0,"k":0,"ix":4},"sa":{"a":0,"k":0,"ix":5},"nm":"Transform"}],"nm":"Layer 6 Outlines - Group 220","np":1,"cix":2,"bm":0,"ix":6,"mn":"ADBE Vector Group","hd":false},{"ty":"gr","it":[{"ty":"gr","it":[{"ind":0,"ty":"sh","ix":1,"ks":{"a":0,"k":{"i":[[0.192,0],[0.146,0.147],[0,0],[-0.293,0.293],[-0.293,-0.293],[0,0],[0.293,-0.293]],"o":[[-0.192,0],[0,0],[-0.293,-0.293],[0.293,-0.293],[0,0],[0.293,0.293],[-0.146,0.147]],"v":[[4.243,5.029],[3.713,4.81],[-4.773,-3.675],[-4.773,-4.736],[-3.712,-4.736],[4.773,3.749],[4.773,4.81]],"c":true},"ix":2},"nm":"Path 1","mn":"ADBE Vector Shape - Group","hd":false},{"ty":"fl","c":{"a":0,"k":[0.128999993205,0.211999997497,0.372999995947,1],"ix":4,"x":"var $bm_rt;\ntry {\n    $bm_rt = thisComp.layer('Controller')('Effects')('Color')('ADBE Color Control-0001');\n} catch (e) {\n    $bm_rt = value;\n}"},"o":{"a":0,"k":100,"ix":5},"r":1,"bm":0,"nm":"Fill 1","mn":"ADBE Vector Graphic - Fill","hd":false},{"ty":"tr","p":{"a":0,"k":[66.256,21.205],"ix":2},"a":{"a":0,"k":[0,0],"ix":1},"s":{"a":0,"k":[100,100],"ix":3},"r":{"a":0,"k":0,"ix":6},"o":{"a":0,"k":100,"ix":7},"sk":{"a":0,"k":0,"ix":4},"sa":{"a":0,"k":0,"ix":5},"nm":"Transform"}],"nm":"Group 21","np":2,"cix":2,"bm":0,"ix":1,"mn":"ADBE Vector Group","hd":false},{"ty":"tr","p":{"a":0,"k":[378.279,171.794],"ix":2},"a":{"a":0,"k":[66.256,21.241],"ix":1},"s":{"a":0,"k":[450,450],"ix":3},"r":{"a":0,"k":0,"ix":6},"o":{"a":0,"k":100,"ix":7},"sk":{"a":0,"k":0,"ix":4},"sa":{"a":0,"k":0,"ix":5},"nm":"Transform"}],"nm":"Layer 6 Outlines - Group 221","np":1,"cix":2,"bm":0,"ix":7,"mn":"ADBE Vector Group","hd":false},{"ty":"gr","it":[{"ty":"gr","it":[{"ind":0,"ty":"sh","ix":1,"ks":{"a":0,"k":{"i":[[0,0],[0,0],[0,0],[0,0]],"o":[[0,0],[0,0],[0,0],[0,0]],"v":[[-12.868,9.747],[-11.385,13.213],[12.758,-10.928],[10.281,-13.403]],"c":true},"ix":2},"nm":"Path 1","mn":"ADBE Vector Shape - Group","hd":false},{"ind":1,"ty":"sh","ix":2,"ks":{"a":0,"k":{"i":[[0.198,0],[0.047,0.008],[0.098,0.229],[0,0],[-0.217,0.217],[0,0],[-0.282,-0.281],[0,0],[0,-0.199],[0.14,-0.14],[0,0]],"o":[[-0.046,0],[-0.244,-0.047],[0,0],[-0.121,-0.282],[0,0],[0.281,-0.281],[0,0],[0.14,0.141],[0,0.199],[0,0],[-0.142,0.141]],"v":[[-11.638,15.275],[-11.779,15.263],[-12.326,14.822],[-14.448,9.872],[-14.289,9.047],[9.752,-14.994],[10.812,-14.994],[14.349,-11.458],[14.568,-10.928],[14.349,-10.398],[-11.107,15.057]],"c":true},"ix":2},"nm":"Path 2","mn":"ADBE Vector Shape - Group","hd":false},{"ty":"mm","mm":1,"nm":"Merge Paths 1","mn":"ADBE Vector Filter - Merge","hd":false},{"ty":"fl","c":{"a":0,"k":[0.128999993205,0.211999997497,0.372999995947,1],"ix":4,"x":"var $bm_rt;\ntry {\n    $bm_rt = thisComp.layer('Controller')('Effects')('Color')('ADBE Color Control-0001');\n} catch (e) {\n    $bm_rt = value;\n}"},"o":{"a":0,"k":100,"ix":5},"r":1,"bm":0,"nm":"Fill 1","mn":"ADBE Vector Graphic - Fill","hd":false},{"ty":"tr","p":{"a":0,"k":[55.974,35.706],"ix":2},"a":{"a":0,"k":[0,0],"ix":1},"s":{"a":0,"k":[100,100],"ix":3},"r":{"a":0,"k":0,"ix":6},"o":{"a":0,"k":100,"ix":7},"sk":{"a":0,"k":0,"ix":4},"sa":{"a":0,"k":0,"ix":5},"nm":"Transform"}],"nm":"Group 22","np":4,"cix":2,"bm":0,"ix":1,"mn":"ADBE Vector Group","hd":false},{"ty":"tr","p":{"a":0,"k":[332.145,237.041],"ix":2},"a":{"a":0,"k":[56.004,35.741],"ix":1},"s":{"a":0,"k":[450,450],"ix":3},"r":{"a":0,"k":0,"ix":6},"o":{"a":0,"k":100,"ix":7},"sk":{"a":0,"k":0,"ix":4},"sa":{"a":0,"k":0,"ix":5},"nm":"Transform"}],"nm":"Layer 6 Outlines - Group 222","np":1,"cix":2,"bm":0,"ix":8,"mn":"ADBE Vector Group","hd":false},{"ty":"gr","it":[{"ty":"gr","it":[{"ind":0,"ty":"sh","ix":1,"ks":{"a":0,"k":{"i":[[0,0],[0,0],[0,0],[0,0],[0.39,-0.39]],"o":[[0,0],[0,0],[0,0],[0.39,0.391],[0,0]],"v":[[-10.943,12.798],[-12.215,9.828],[10.411,-12.798],[11.825,-11.384],[11.825,-9.969]],"c":true},"ix":2},"nm":"Path 1","mn":"ADBE Vector Shape - Group","hd":false},{"ty":"fl","c":{"a":0,"k":[1,1,1,1],"ix":4,"x":"var $bm_rt;\ntry {\n    $bm_rt = thisComp.layer('Controller')('Effects')('Color 2')('ADBE Color Control-0001');\n} catch (e) {\n    $bm_rt = value;\n}"},"o":{"a":0,"k":100,"ix":5},"r":1,"bm":0,"nm":"Fill 1","mn":"ADBE Vector Graphic - Fill","hd":false},{"ty":"tr","p":{"a":0,"k":[54.431,35.453],"ix":2},"a":{"a":0,"k":[0,0],"ix":1},"s":{"a":0,"k":[100,100],"ix":3},"r":{"a":0,"k":0,"ix":6},"o":{"a":0,"k":100,"ix":7},"sk":{"a":0,"k":0,"ix":4},"sa":{"a":0,"k":0,"ix":5},"nm":"Transform"}],"nm":"Group 23","np":2,"cix":2,"bm":0,"ix":1,"mn":"ADBE Vector Group","hd":false},{"ty":"tr","p":{"a":0,"k":[324.848,235.745],"ix":2},"a":{"a":0,"k":[54.382,35.453],"ix":1},"s":{"a":0,"k":[450,450],"ix":3},"r":{"a":0,"k":0,"ix":6},"o":{"a":0,"k":100,"ix":7},"sk":{"a":0,"k":0,"ix":4},"sa":{"a":0,"k":0,"ix":5},"nm":"Transform"}],"nm":"Layer 6 Outlines - Group 223","np":1,"cix":2,"bm":0,"ix":9,"mn":"ADBE Vector Group","hd":false},{"ty":"gr","it":[{"ty":"gr","it":[{"ind":0,"ty":"sh","ix":1,"ks":{"a":0,"k":{"i":[[0,0],[0,0],[0,0],[0,0]],"o":[[0,0],[0,0],[0,0],[0,0]],"v":[[-11.667,14.495],[-13.788,9.545],[10.253,-14.495],[13.788,-10.96]],"c":true},"ix":2},"nm":"Path 1","mn":"ADBE Vector Shape - Group","hd":false},{"ty":"fl","c":{"a":0,"k":[0.740999996662,0.764999985695,0.847000002861,1],"ix":4,"x":"var $bm_rt;\ntry {\n    $bm_rt = thisComp.layer('Controller')('Effects')('Color 3')('ADBE Color Control-0001');\n} catch (e) {\n    $bm_rt = value;\n}"},"o":{"a":0,"k":100,"ix":5},"r":1,"bm":0,"nm":"Fill 1","mn":"ADBE Vector Graphic - Fill","hd":false},{"ty":"tr","p":{"a":0,"k":[56.004,35.736],"ix":2},"a":{"a":0,"k":[0,0],"ix":1},"s":{"a":0,"k":[100,100],"ix":3},"r":{"a":0,"k":0,"ix":6},"o":{"a":0,"k":100,"ix":7},"sk":{"a":0,"k":0,"ix":4},"sa":{"a":0,"k":0,"ix":5},"nm":"Transform"}],"nm":"Group 24","np":2,"cix":2,"bm":0,"ix":1,"mn":"ADBE Vector Group","hd":false},{"ty":"tr","p":{"a":0,"k":[332.145,237.021],"ix":2},"a":{"a":0,"k":[56.004,35.736],"ix":1},"s":{"a":0,"k":[450,450],"ix":3},"r":{"a":0,"k":0,"ix":6},"o":{"a":0,"k":100,"ix":7},"sk":{"a":0,"k":0,"ix":4},"sa":{"a":0,"k":0,"ix":5},"nm":"Transform"}],"nm":"Layer 6 Outlines - Group 224","np":1,"cix":2,"bm":0,"ix":10,"mn":"ADBE Vector Group","hd":false},{"ty":"gr","it":[{"ty":"gr","it":[{"ind":0,"ty":"sh","ix":1,"ks":{"a":0,"k":{"i":[[0,0],[0,0],[0,0],[0,0]],"o":[[0,0],[0,0],[0,0],[0,0]],"v":[[-13.201,11.451],[-9.736,12.935],[13.414,-10.217],[10.94,-12.692]],"c":true},"ix":2},"nm":"Path 1","mn":"ADBE Vector Shape - Group","hd":false},{"ind":1,"ty":"sh","ix":2,"ks":{"a":0,"k":{"i":[[0.195,0],[0.095,0.041],[0,0],[0.047,0.245],[-0.176,0.175],[0,0],[-0.293,-0.293],[0,0],[0.293,-0.293],[0,0]],"o":[[-0.1,0],[0,0],[-0.23,-0.097],[-0.047,-0.245],[0,0],[0.293,-0.293],[0,0],[0.293,0.293],[0,0],[-0.144,0.144]],"v":[[-9.565,14.575],[-9.859,14.514],[-14.81,12.393],[-15.252,11.846],[-15.046,11.174],[10.409,-14.282],[11.471,-14.282],[15.005,-10.747],[15.005,-9.687],[-9.034,14.355]],"c":true},"ix":2},"nm":"Path 2","mn":"ADBE Vector Shape - Group","hd":false},{"ty":"mm","mm":1,"nm":"Merge Paths 1","mn":"ADBE Vector Filter - Merge","hd":false},{"ty":"fl","c":{"a":0,"k":[0.128999993205,0.211999997497,0.372999995947,1],"ix":4,"x":"var $bm_rt;\ntry {\n    $bm_rt = thisComp.layer('Controller')('Effects')('Color')('ADBE Color Control-0001');\n} catch (e) {\n    $bm_rt = value;\n}"},"o":{"a":0,"k":100,"ix":5},"r":1,"bm":0,"nm":"Fill 1","mn":"ADBE Vector Graphic - Fill","hd":false},{"ty":"tr","p":{"a":0,"k":[51.781,31.458],"ix":2},"a":{"a":0,"k":[0,0],"ix":1},"s":{"a":0,"k":[100,100],"ix":3},"r":{"a":0,"k":0,"ix":6},"o":{"a":0,"k":100,"ix":7},"sk":{"a":0,"k":0,"ix":4},"sa":{"a":0,"k":0,"ix":5},"nm":"Transform"}],"nm":"Group 25","np":4,"cix":2,"bm":0,"ix":1,"mn":"ADBE Vector Group","hd":false},{"ty":"tr","p":{"a":0,"k":[313.05,217.932],"ix":2},"a":{"a":0,"k":[51.761,31.494],"ix":1},"s":{"a":0,"k":[450,450],"ix":3},"r":{"a":0,"k":0,"ix":6},"o":{"a":0,"k":100,"ix":7},"sk":{"a":0,"k":0,"ix":4},"sa":{"a":0,"k":0,"ix":5},"nm":"Transform"}],"nm":"Layer 6 Outlines - Group 225","np":1,"cix":2,"bm":0,"ix":11,"mn":"ADBE Vector Group","hd":false},{"ty":"gr","it":[{"ty":"gr","it":[{"ind":0,"ty":"sh","ix":1,"ks":{"a":0,"k":{"i":[[0,0],[0,0],[0,0],[0.391,-0.391],[0,0]],"o":[[0,0],[0,0],[0.391,0.391],[0,0],[0,0]],"v":[[-12.923,11.384],[11.118,-12.656],[12.532,-11.242],[12.532,-9.828],[-9.952,12.656]],"c":true},"ix":2},"nm":"Path 1","mn":"ADBE Vector Shape - Group","hd":false},{"ty":"fl","c":{"a":0,"k":[1,1,1,1],"ix":4,"x":"var $bm_rt;\ntry {\n    $bm_rt = thisComp.layer('Controller')('Effects')('Color 2')('ADBE Color Control-0001');\n} catch (e) {\n    $bm_rt = value;\n}"},"o":{"a":0,"k":100,"ix":5},"r":1,"bm":0,"nm":"Fill 1","mn":"ADBE Vector Graphic - Fill","hd":false},{"ty":"tr","p":{"a":0,"k":[50.189,31.776],"ix":2},"a":{"a":0,"k":[0,0],"ix":1},"s":{"a":0,"k":[100,100],"ix":3},"r":{"a":0,"k":0,"ix":6},"o":{"a":0,"k":100,"ix":7},"sk":{"a":0,"k":0,"ix":4},"sa":{"a":0,"k":0,"ix":5},"nm":"Transform"}],"nm":"Group 26","np":2,"cix":2,"bm":0,"ix":1,"mn":"ADBE Vector Group","hd":false},{"ty":"tr","p":{"a":0,"k":[305.756,219.2],"ix":2},"a":{"a":0,"k":[50.14,31.776],"ix":1},"s":{"a":0,"k":[450,450],"ix":3},"r":{"a":0,"k":0,"ix":6},"o":{"a":0,"k":100,"ix":7},"sk":{"a":0,"k":0,"ix":4},"sa":{"a":0,"k":0,"ix":5},"nm":"Transform"}],"nm":"Layer 6 Outlines - Group 226","np":1,"cix":2,"bm":0,"ix":12,"mn":"ADBE Vector Group","hd":false},{"ty":"gr","it":[{"ty":"gr","it":[{"ind":0,"ty":"sh","ix":1,"ks":{"a":0,"k":{"i":[[0,0],[0,0],[0,0],[0,0]],"o":[[0,0],[0,0],[0,0],[0,0]],"v":[[-14.495,11.667],[10.959,-13.788],[14.495,-10.253],[-9.546,13.788]],"c":true},"ix":2},"nm":"Path 1","mn":"ADBE Vector Shape - Group","hd":false},{"ty":"fl","c":{"a":0,"k":[0.740999996662,0.764999985695,0.847000002861,1],"ix":4,"x":"var $bm_rt;\ntry {\n    $bm_rt = thisComp.layer('Controller')('Effects')('Color 3')('ADBE Color Control-0001');\n} catch (e) {\n    $bm_rt = value;\n}"},"o":{"a":0,"k":100,"ix":5},"r":1,"bm":0,"nm":"Fill 1","mn":"ADBE Vector Graphic - Fill","hd":false},{"ty":"tr","p":{"a":0,"k":[51.761,31.494],"ix":2},"a":{"a":0,"k":[0,0],"ix":1},"s":{"a":0,"k":[100,100],"ix":3},"r":{"a":0,"k":0,"ix":6},"o":{"a":0,"k":100,"ix":7},"sk":{"a":0,"k":0,"ix":4},"sa":{"a":0,"k":0,"ix":5},"nm":"Transform"}],"nm":"Group 27","np":2,"cix":2,"bm":0,"ix":1,"mn":"ADBE Vector Group","hd":false},{"ty":"tr","p":{"a":0,"k":[313.052,217.928],"ix":2},"a":{"a":0,"k":[51.761,31.494],"ix":1},"s":{"a":0,"k":[450,450],"ix":3},"r":{"a":0,"k":0,"ix":6},"o":{"a":0,"k":100,"ix":7},"sk":{"a":0,"k":0,"ix":4},"sa":{"a":0,"k":0,"ix":5},"nm":"Transform"}],"nm":"Layer 6 Outlines - Group 227","np":1,"cix":2,"bm":0,"ix":13,"mn":"ADBE Vector Group","hd":false}],"ip":0,"op":150,"st":0,"ct":1,"bm":0},{"ddd":0,"ind":5,"ty":4,"nm":"Shape Layer 1","parent":9,"sr":1,"ks":{"o":{"a":0,"k":100,"ix":11},"r":{"a":0,"k":0,"ix":10},"p":{"a":0,"k":[219.125,227.625,0],"ix":2,"l":2},"a":{"a":0,"k":[-30.875,-22.125,0],"ix":1,"l":2},"s":{"a":0,"k":[100,100,100],"ix":6,"l":2}},"ao":0,"shapes":[{"ty":"gr","it":[{"ind":0,"ty":"sh","ix":1,"ks":{"a":0,"k":{"i":[[0,0],[4.5,0],[0,-21.75],[-3.5,0],[-2.5,0],[0,-14.75],[3.25,0],[3.25,0],[0,-28.75],[0,0],[0,0]],"o":[[0,0],[-3,0],[0,21.75],[2.75,0],[9.801,0],[0,19.5],[-5,0],[-2.5,0],[0,28.75],[0,0],[0,0]],"v":[[1.5,-103],[-27,-103],[-51,-76.75],[-26.5,-49.25],[-16.25,-49.25],[5,-26],[-15.75,-4],[-36.5,-4],[-66.75,28],[-40.75,58.75],[-9.25,58.75]],"c":false},"ix":2},"nm":"Path 1","mn":"ADBE Vector Shape - Group","hd":false},{"ty":"st","c":{"a":0,"k":[0.1294119891,0.211765005074,0.372548989689,1],"ix":3,"x":"var $bm_rt;\ntry {\n    $bm_rt = thisComp.layer('Controller')('Effects')('Color')('ADBE Color Control-0001');\n} catch (e) {\n    $bm_rt = value;\n}"},"o":{"a":0,"k":100,"ix":4},"w":{"a":0,"k":6.6,"ix":5},"lc":2,"lj":2,"bm":0,"nm":"Stroke 1","mn":"ADBE Vector Graphic - Stroke","hd":false},{"ty":"tr","p":{"a":0,"k":[0,0],"ix":2},"a":{"a":0,"k":[0,0],"ix":1},"s":{"a":0,"k":[100,100],"ix":3},"r":{"a":0,"k":0,"ix":6},"o":{"a":0,"k":100,"ix":7},"sk":{"a":0,"k":0,"ix":4},"sa":{"a":0,"k":0,"ix":5},"nm":"Transform"}],"nm":"Shape 1","np":3,"cix":2,"bm":0,"ix":1,"mn":"ADBE Vector Group","hd":false},{"ty":"tm","s":{"a":1,"k":[{"i":{"x":[0.833],"y":[0.833]},"o":{"x":[0.167],"y":[0.167]},"t":85,"s":[0]},{"t":130,"s":[100]}],"ix":1},"e":{"a":1,"k":[{"i":{"x":[0.833],"y":[0.833]},"o":{"x":[0.167],"y":[0.167]},"t":5,"s":[0]},{"t":60,"s":[100]}],"ix":2},"o":{"a":0,"k":0,"ix":3},"m":1,"ix":2,"nm":"Trim Paths 1","mn":"ADBE Vector Filter - Trim","hd":false}],"ip":0,"op":150,"st":0,"ct":1,"bm":0},{"ddd":0,"ind":6,"ty":4,"nm":"Layer 6 Outlines - Group 45","parent":9,"td":1,"sr":1,"ks":{"o":{"a":0,"k":100,"ix":11},"r":{"a":0,"k":0,"ix":10},"p":{"a":0,"k":[277.484,146.608,0],"ix":2,"l":2},"a":{"a":0,"k":[43.857,15.645,0],"ix":1,"l":2},"s":{"a":0,"k":[450,450,100],"ix":6,"l":2}},"ao":0,"shapes":[{"ty":"gr","it":[{"ind":0,"ty":"sh","ix":1,"ks":{"a":0,"k":{"i":[[0.414,0],[0,0],[0,0.414],[-0.414,0],[0,0],[0,-0.414]],"o":[[0,0],[-0.414,0],[0,-0.414],[0,0],[0.414,0],[0,0.414]],"v":[[1.641,0.75],[-1.641,0.75],[-2.391,0],[-1.641,-0.75],[1.641,-0.75],[2.391,0]],"c":true},"ix":2},"nm":"Path 1","mn":"ADBE Vector Shape - Group","hd":false},{"ty":"fl","c":{"a":0,"k":[0.128999986836,0.211999990426,0.372999991623,1],"ix":4,"x":"var $bm_rt;\ntry {\n    $bm_rt = thisComp.layer('Controller')('Effects')('Color')('ADBE Color Control-0001');\n} catch (e) {\n    $bm_rt = value;\n}"},"o":{"a":0,"k":100,"ix":5},"r":1,"bm":0,"nm":"Fill 1","mn":"ADBE Vector Graphic - Fill","hd":false},{"ty":"tr","p":{"a":0,"k":[43.857,15.645],"ix":2},"a":{"a":0,"k":[0,0],"ix":1},"s":{"a":0,"k":[100,100],"ix":3},"r":{"a":0,"k":0,"ix":6},"o":{"a":0,"k":100,"ix":7},"sk":{"a":0,"k":0,"ix":4},"sa":{"a":0,"k":0,"ix":5},"nm":"Transform"}],"nm":"Group 14","np":2,"cix":2,"bm":0,"ix":1,"mn":"ADBE Vector Group","hd":false}],"ip":0,"op":150,"st":0,"ct":1,"bm":0},{"ddd":0,"ind":7,"ty":4,"nm":"Layer 6 Outlines - Group 14","parent":9,"tt":1,"sr":1,"ks":{"o":{"a":0,"k":100,"ix":11},"r":{"a":0,"k":0,"ix":10},"p":{"a":1,"k":[{"i":{"x":0.833,"y":0.833},"o":{"x":0.167,"y":0.167},"t":0,"s":[300.484,146.608,0],"to":[-3.833,0,0],"ti":[3.833,0,0]},{"i":{"x":0.833,"y":0.833},"o":{"x":0.167,"y":0.167},"t":3,"s":[277.484,146.608,0],"to":[0,0,0],"ti":[0,0,0]},{"i":{"x":0.833,"y":0.833},"o":{"x":0.167,"y":0.167},"t":80,"s":[277.484,146.608,0],"to":[-4,0,0],"ti":[4,0,0]},{"t":85,"s":[253.484,146.608,0]}],"ix":2,"l":2},"a":{"a":0,"k":[43.857,15.645,0],"ix":1,"l":2},"s":{"a":0,"k":[450,450,100],"ix":6,"l":2}},"ao":0,"shapes":[{"ty":"gr","it":[{"ind":0,"ty":"sh","ix":1,"ks":{"a":0,"k":{"i":[[0.414,0],[0,0],[0,0.414],[-0.414,0],[0,0],[0,-0.414]],"o":[[0,0],[-0.414,0],[0,-0.414],[0,0],[0.414,0],[0,0.414]],"v":[[1.641,0.75],[-1.641,0.75],[-2.391,0],[-1.641,-0.75],[1.641,-0.75],[2.391,0]],"c":true},"ix":2},"nm":"Path 1","mn":"ADBE Vector Shape - Group","hd":false},{"ty":"fl","c":{"a":0,"k":[0.128999986836,0.211999990426,0.372999991623,1],"ix":4,"x":"var $bm_rt;\ntry {\n    $bm_rt = thisComp.layer('Controller')('Effects')('Color')('ADBE Color Control-0001');\n} catch (e) {\n    $bm_rt = value;\n}"},"o":{"a":0,"k":100,"ix":5},"r":1,"bm":0,"nm":"Fill 1","mn":"ADBE Vector Graphic - Fill","hd":false},{"ty":"tr","p":{"a":0,"k":[43.857,15.645],"ix":2},"a":{"a":0,"k":[0,0],"ix":1},"s":{"a":0,"k":[100,100],"ix":3},"r":{"a":0,"k":0,"ix":6},"o":{"a":0,"k":100,"ix":7},"sk":{"a":0,"k":0,"ix":4},"sa":{"a":0,"k":0,"ix":5},"nm":"Transform"}],"nm":"Group 14","np":2,"cix":2,"bm":0,"ix":1,"mn":"ADBE Vector Group","hd":false}],"ip":0,"op":150,"st":0,"ct":1,"bm":0},{"ddd":0,"ind":8,"ty":4,"nm":"Layer 6 Outlines - Group 31 :M","parent":9,"sr":1,"ks":{"o":{"a":0,"k":100,"ix":11},"r":{"a":0,"k":0,"ix":10},"p":{"a":0,"k":[140.873,251.701,0],"ix":2,"l":2},"a":{"a":0,"k":[140.873,251.701,0],"ix":1,"l":2},"s":{"a":0,"k":[100,100,100],"ix":6,"l":2}},"ao":0,"shapes":[{"ty":"gr","it":[{"ty":"gr","it":[{"ind":0,"ty":"sh","ix":1,"ks":{"a":0,"k":{"i":[[0.414,0],[0,0],[0,2.067],[-2.067,0],[0,0],[0,-2.067],[0.414,0],[0,0.414],[1.24,0],[0,0],[0,-1.24],[-1.24,0],[0,0],[0,-0.414]],"o":[[0,0],[-2.067,0],[0,-2.067],[0,0],[2.067,0],[0,0.414],[-0.414,0],[0,-1.24],[0,0],[-1.24,0],[0,1.24],[0,0],[0.414,0],[0,0.414]],"v":[[0,3.75],[-2,3.75],[-5.75,0],[-2,-3.75],[2,-3.75],[5.75,0],[5,0.75],[4.25,0],[2,-2.25],[-2,-2.25],[-4.25,0],[-2,2.25],[0,2.25],[0.75,3]],"c":true},"ix":2},"nm":"Path 1","mn":"ADBE Vector Shape - Group","hd":false},{"ty":"fl","c":{"a":0,"k":[0.128999993205,0.211999997497,0.372999995947,1],"ix":4,"x":"var $bm_rt;\ntry {\n    $bm_rt = thisComp.layer('Controller')('Effects')('Color')('ADBE Color Control-0001');\n} catch (e) {\n    $bm_rt = value;\n}"},"o":{"a":0,"k":100,"ix":5},"r":1,"bm":0,"nm":"Fill 1","mn":"ADBE Vector Graphic - Fill","hd":false},{"ty":"tr","p":{"a":0,"k":[13.499,63.001],"ix":2},"a":{"a":0,"k":[0,0],"ix":1},"s":{"a":0,"k":[100,100],"ix":3},"r":{"a":0,"k":0,"ix":6},"o":{"a":0,"k":100,"ix":7},"sk":{"a":0,"k":0,"ix":4},"sa":{"a":0,"k":0,"ix":5},"nm":"Transform"}],"nm":"Group 31","np":2,"cix":2,"bm":0,"ix":1,"mn":"ADBE Vector Group","hd":false},{"ty":"tr","p":{"a":0,"k":[140.873,359.711],"ix":2},"a":{"a":0,"k":[13.499,63.001],"ix":1},"s":{"a":0,"k":[450,450],"ix":3},"r":{"a":0,"k":0,"ix":6},"o":{"a":0,"k":100,"ix":7},"sk":{"a":0,"k":0,"ix":4},"sa":{"a":0,"k":0,"ix":5},"nm":"Transform"}],"nm":"Layer 6 Outlines - Group 331","np":1,"cix":2,"bm":0,"ix":1,"mn":"ADBE Vector Group","hd":false},{"ty":"gr","it":[{"ty":"gr","it":[{"ind":0,"ty":"sh","ix":1,"ks":{"a":0,"k":{"i":[[0.414,0],[0,0],[0,2.067],[-2.067,0],[0,0],[0,-2.067],[0.414,0],[0,0.414],[1.24,0],[0,0],[0,-1.24],[-1.24,0],[0,0],[0,-0.414]],"o":[[0,0],[-2.067,0],[0,-2.067],[0,0],[2.067,0],[0,0.414],[-0.414,0],[0,-1.24],[0,0],[-1.24,0],[0,1.24],[0,0],[0.414,0],[0,0.414]],"v":[[0,3.75],[-2,3.75],[-5.75,0],[-2,-3.75],[2,-3.75],[5.75,0],[5,0.75],[4.25,0],[2,-2.25],[-2,-2.25],[-4.25,0],[-2,2.25],[0,2.25],[0.75,3]],"c":true},"ix":2},"nm":"Path 1","mn":"ADBE Vector Shape - Group","hd":false},{"ty":"fl","c":{"a":0,"k":[0.128999993205,0.211999997497,0.372999995947,1],"ix":4,"x":"var $bm_rt;\ntry {\n    $bm_rt = thisComp.layer('Controller')('Effects')('Color')('ADBE Color Control-0001');\n} catch (e) {\n    $bm_rt = value;\n}"},"o":{"a":0,"k":100,"ix":5},"r":1,"bm":0,"nm":"Fill 1","mn":"ADBE Vector Graphic - Fill","hd":false},{"ty":"tr","p":{"a":0,"k":[13.499,50.999],"ix":2},"a":{"a":0,"k":[0,0],"ix":1},"s":{"a":0,"k":[100,100],"ix":3},"r":{"a":0,"k":0,"ix":6},"o":{"a":0,"k":100,"ix":7},"sk":{"a":0,"k":0,"ix":4},"sa":{"a":0,"k":0,"ix":5},"nm":"Transform"}],"nm":"Group 32","np":2,"cix":2,"bm":0,"ix":1,"mn":"ADBE Vector Group","hd":false},{"ty":"tr","p":{"a":0,"k":[140.873,305.703],"ix":2},"a":{"a":0,"k":[13.499,50.999],"ix":1},"s":{"a":0,"k":[450,450],"ix":3},"r":{"a":0,"k":0,"ix":6},"o":{"a":0,"k":100,"ix":7},"sk":{"a":0,"k":0,"ix":4},"sa":{"a":0,"k":0,"ix":5},"nm":"Transform"}],"nm":"Layer 6 Outlines - Group 332","np":1,"cix":2,"bm":0,"ix":2,"mn":"ADBE Vector Group","hd":false},{"ty":"gr","it":[{"ty":"gr","it":[{"ind":0,"ty":"sh","ix":1,"ks":{"a":0,"k":{"i":[[0.414,0],[0,0],[0,2.067],[-2.067,0],[0,0],[0,-2.067],[0.414,0],[0,0.414],[1.24,0],[0,0],[0,-1.24],[-1.24,0],[0,0],[0,-0.414]],"o":[[0,0],[-2.067,0],[0,-2.067],[0,0],[2.067,0],[0,0.414],[-0.414,0],[0,-1.24],[0,0],[-1.24,0],[0,1.24],[0,0],[0.414,0],[0,0.414]],"v":[[0,3.75],[-2,3.75],[-5.75,0],[-2,-3.75],[2,-3.75],[5.75,0],[5,0.75],[4.25,0],[2,-2.25],[-2,-2.25],[-4.25,0],[-2,2.25],[0,2.25],[0.75,3]],"c":true},"ix":2},"nm":"Path 1","mn":"ADBE Vector Shape - Group","hd":false},{"ty":"fl","c":{"a":0,"k":[0.128999993205,0.211999997497,0.372999995947,1],"ix":4,"x":"var $bm_rt;\ntry {\n    $bm_rt = thisComp.layer('Controller')('Effects')('Color')('ADBE Color Control-0001');\n} catch (e) {\n    $bm_rt = value;\n}"},"o":{"a":0,"k":100,"ix":5},"r":1,"bm":0,"nm":"Fill 1","mn":"ADBE Vector Graphic - Fill","hd":false},{"ty":"tr","p":{"a":0,"k":[13.499,38.998],"ix":2},"a":{"a":0,"k":[0,0],"ix":1},"s":{"a":0,"k":[100,100],"ix":3},"r":{"a":0,"k":0,"ix":6},"o":{"a":0,"k":100,"ix":7},"sk":{"a":0,"k":0,"ix":4},"sa":{"a":0,"k":0,"ix":5},"nm":"Transform"}],"nm":"Group 33","np":2,"cix":2,"bm":0,"ix":1,"mn":"ADBE Vector Group","hd":false},{"ty":"tr","p":{"a":0,"k":[140.873,251.698],"ix":2},"a":{"a":0,"k":[13.499,38.998],"ix":1},"s":{"a":0,"k":[450,450],"ix":3},"r":{"a":0,"k":0,"ix":6},"o":{"a":0,"k":100,"ix":7},"sk":{"a":0,"k":0,"ix":4},"sa":{"a":0,"k":0,"ix":5},"nm":"Transform"}],"nm":"Layer 6 Outlines - Group 333","np":1,"cix":2,"bm":0,"ix":3,"mn":"ADBE Vector Group","hd":false},{"ty":"gr","it":[{"ty":"gr","it":[{"ind":0,"ty":"sh","ix":1,"ks":{"a":0,"k":{"i":[[0.414,0],[0,0],[0,2.067],[-2.067,0],[0,0],[0,-2.067],[0.414,0],[0,0.414],[1.24,0],[0,0],[0,-1.24],[-1.24,0],[0,0],[0,-0.414]],"o":[[0,0],[-2.067,0],[0,-2.067],[0,0],[2.067,0],[0,0.414],[-0.414,0],[0,-1.24],[0,0],[-1.24,0],[0,1.24],[0,0],[0.414,0],[0,0.414]],"v":[[0,3.75],[-2,3.75],[-5.75,0],[-2,-3.75],[2,-3.75],[5.75,0],[5,0.75],[4.25,0],[2,-2.25],[-2,-2.25],[-4.25,0],[-2,2.25],[0,2.25],[0.75,3]],"c":true},"ix":2},"nm":"Path 1","mn":"ADBE Vector Shape - Group","hd":false},{"ty":"fl","c":{"a":0,"k":[0.128999993205,0.211999997497,0.372999995947,1],"ix":4,"x":"var $bm_rt;\ntry {\n    $bm_rt = thisComp.layer('Controller')('Effects')('Color')('ADBE Color Control-0001');\n} catch (e) {\n    $bm_rt = value;\n}"},"o":{"a":0,"k":100,"ix":5},"r":1,"bm":0,"nm":"Fill 1","mn":"ADBE Vector Graphic - Fill","hd":false},{"ty":"tr","p":{"a":0,"k":[13.499,26.997],"ix":2},"a":{"a":0,"k":[0,0],"ix":1},"s":{"a":0,"k":[100,100],"ix":3},"r":{"a":0,"k":0,"ix":6},"o":{"a":0,"k":100,"ix":7},"sk":{"a":0,"k":0,"ix":4},"sa":{"a":0,"k":0,"ix":5},"nm":"Transform"}],"nm":"Group 34","np":2,"cix":2,"bm":0,"ix":1,"mn":"ADBE Vector Group","hd":false},{"ty":"tr","p":{"a":0,"k":[140.873,197.694],"ix":2},"a":{"a":0,"k":[13.499,26.997],"ix":1},"s":{"a":0,"k":[450,450],"ix":3},"r":{"a":0,"k":0,"ix":6},"o":{"a":0,"k":100,"ix":7},"sk":{"a":0,"k":0,"ix":4},"sa":{"a":0,"k":0,"ix":5},"nm":"Transform"}],"nm":"Layer 6 Outlines - Group 334","np":1,"cix":2,"bm":0,"ix":4,"mn":"ADBE Vector Group","hd":false},{"ty":"gr","it":[{"ty":"gr","it":[{"ind":0,"ty":"sh","ix":1,"ks":{"a":0,"k":{"i":[[0.414,0],[0,0],[0,2.067],[-2.067,0],[0,0],[0,-2.067],[0.414,0],[0,0.414],[1.24,0],[0,0],[0,-1.24],[-1.24,0],[0,0],[0,-0.414]],"o":[[0,0],[-2.067,0],[0,-2.067],[0,0],[2.067,0],[0,0.414],[-0.414,0],[0,-1.24],[0,0],[-1.24,0],[0,1.24],[0,0],[0.414,0],[0,0.414]],"v":[[0,3.75],[-2,3.75],[-5.75,0],[-2,-3.75],[2,-3.75],[5.75,0],[5,0.75],[4.25,0],[2,-2.25],[-2,-2.25],[-4.25,0],[-2,2.25],[0,2.25],[0.75,3]],"c":true},"ix":2},"nm":"Path 1","mn":"ADBE Vector Shape - Group","hd":false},{"ty":"fl","c":{"a":0,"k":[0.128999993205,0.211999997497,0.372999995947,1],"ix":4,"x":"var $bm_rt;\ntry {\n    $bm_rt = thisComp.layer('Controller')('Effects')('Color')('ADBE Color Control-0001');\n} catch (e) {\n    $bm_rt = value;\n}"},"o":{"a":0,"k":100,"ix":5},"r":1,"bm":0,"nm":"Fill 1","mn":"ADBE Vector Graphic - Fill","hd":false},{"ty":"tr","p":{"a":0,"k":[13.499,14.996],"ix":2},"a":{"a":0,"k":[0,0],"ix":1},"s":{"a":0,"k":[100,100],"ix":3},"r":{"a":0,"k":0,"ix":6},"o":{"a":0,"k":100,"ix":7},"sk":{"a":0,"k":0,"ix":4},"sa":{"a":0,"k":0,"ix":5},"nm":"Transform"}],"nm":"Group 35","np":2,"cix":2,"bm":0,"ix":1,"mn":"ADBE Vector Group","hd":false},{"ty":"tr","p":{"a":0,"k":[140.873,143.69],"ix":2},"a":{"a":0,"k":[13.499,14.996],"ix":1},"s":{"a":0,"k":[450,450],"ix":3},"r":{"a":0,"k":0,"ix":6},"o":{"a":0,"k":100,"ix":7},"sk":{"a":0,"k":0,"ix":4},"sa":{"a":0,"k":0,"ix":5},"nm":"Transform"}],"nm":"Layer 6 Outlines - Group 335","np":1,"cix":2,"bm":0,"ix":5,"mn":"ADBE Vector Group","hd":false}],"ip":0,"op":150,"st":0,"ct":1,"bm":0},{"ddd":0,"ind":9,"ty":4,"nm":"Layer 6 Outlines - Group 28 :M","parent":10,"sr":1,"ks":{"o":{"a":0,"k":100,"ix":11},"r":{"a":0,"k":0,"ix":10},"p":{"a":0,"k":[226.373,251.698,0],"ix":2,"l":2},"a":{"a":0,"k":[226.373,251.698,0],"ix":1,"l":2},"s":{"a":0,"k":[100,100,100],"ix":6,"l":2}},"ao":0,"shapes":[{"ty":"gr","it":[{"ty":"gr","it":[{"ind":0,"ty":"sh","ix":1,"ks":{"a":0,"k":{"i":[[0,0],[0,0],[0,0]],"o":[[0,0],[0,0],[0,0]],"v":[[-4.279,-4.25],[-4.279,3.189],[3.159,-4.25]],"c":true},"ix":2},"nm":"Path 1","mn":"ADBE Vector Shape - Group","hd":false},{"ind":1,"ty":"sh","ix":2,"ks":{"a":0,"k":{"i":[[0.195,0],[0.093,0.038],[0,0.304],[0,0],[-0.414,0],[0,0],[-0.116,-0.28],[0.215,-0.215],[0,0]],"o":[[-0.097,0],[-0.28,-0.116],[0,0],[0,-0.414],[0,0],[0.304,0],[0.116,0.28],[0,0],[-0.143,0.144]],"v":[[-5.029,5.75],[-5.317,5.693],[-5.779,5],[-5.779,-5],[-5.029,-5.75],[4.971,-5.75],[5.664,-5.287],[5.5,-4.47],[-4.5,5.53]],"c":true},"ix":2},"nm":"Path 2","mn":"ADBE Vector Shape - Group","hd":false},{"ty":"mm","mm":1,"nm":"Merge Paths 1","mn":"ADBE Vector Filter - Merge","hd":false},{"ty":"fl","c":{"a":0,"k":[0.128999993205,0.211999997497,0.372999995947,1],"ix":4,"x":"var $bm_rt;\ntry {\n    $bm_rt = thisComp.layer('Controller')('Effects')('Color')('ADBE Color Control-0001');\n} catch (e) {\n    $bm_rt = value;\n}"},"o":{"a":0,"k":100,"ix":5},"r":1,"bm":0,"nm":"Fill 1","mn":"ADBE Vector Graphic - Fill","hd":false},{"ty":"tr","p":{"a":0,"k":[46.528,65.998],"ix":2},"a":{"a":0,"k":[0,0],"ix":1},"s":{"a":0,"k":[100,100],"ix":3},"r":{"a":0,"k":0,"ix":6},"o":{"a":0,"k":100,"ix":7},"sk":{"a":0,"k":0,"ix":4},"sa":{"a":0,"k":0,"ix":5},"nm":"Transform"}],"nm":"Group 28","np":4,"cix":2,"bm":0,"ix":1,"mn":"ADBE Vector Group","hd":false},{"ty":"tr","p":{"a":0,"k":[289.373,373.198],"ix":2},"a":{"a":0,"k":[46.499,65.998],"ix":1},"s":{"a":0,"k":[450,450],"ix":3},"r":{"a":0,"k":0,"ix":6},"o":{"a":0,"k":100,"ix":7},"sk":{"a":0,"k":0,"ix":4},"sa":{"a":0,"k":0,"ix":5},"nm":"Transform"}],"nm":"Layer 6 Outlines - Group 228","np":1,"cix":2,"bm":0,"ix":1,"mn":"ADBE Vector Group","hd":false},{"ty":"gr","it":[{"ty":"gr","it":[{"ind":0,"ty":"sh","ix":1,"ks":{"a":0,"k":{"i":[[0,0],[0,0],[0,0]],"o":[[0,0],[0,0],[0,0]],"v":[[-2.499,-5],[-2.499,5],[2.499,-5]],"c":true},"ix":2},"nm":"Path 1","mn":"ADBE Vector Shape - Group","hd":false},{"ty":"fl","c":{"a":0,"k":[1,1,1,1],"ix":4,"x":"var $bm_rt;\ntry {\n    $bm_rt = thisComp.layer('Controller')('Effects')('Color 2')('ADBE Color Control-0001');\n} catch (e) {\n    $bm_rt = value;\n}"},"o":{"a":0,"k":100,"ix":5},"r":1,"bm":0,"nm":"Fill 1","mn":"ADBE Vector Graphic - Fill","hd":false},{"ty":"tr","p":{"a":0,"k":[43.998,65.998],"ix":2},"a":{"a":0,"k":[0,0],"ix":1},"s":{"a":0,"k":[100,100],"ix":3},"r":{"a":0,"k":0,"ix":6},"o":{"a":0,"k":100,"ix":7},"sk":{"a":0,"k":0,"ix":4},"sa":{"a":0,"k":0,"ix":5},"nm":"Transform"}],"nm":"Group 29","np":2,"cix":2,"bm":0,"ix":1,"mn":"ADBE Vector Group","hd":false},{"ty":"tr","p":{"a":0,"k":[278.12,373.198],"ix":2},"a":{"a":0,"k":[43.998,65.998],"ix":1},"s":{"a":0,"k":[450,450],"ix":3},"r":{"a":0,"k":0,"ix":6},"o":{"a":0,"k":100,"ix":7},"sk":{"a":0,"k":0,"ix":4},"sa":{"a":0,"k":0,"ix":5},"nm":"Transform"}],"nm":"Layer 6 Outlines - Group 229","np":1,"cix":2,"bm":0,"ix":2,"mn":"ADBE Vector Group","hd":false},{"ty":"gr","it":[{"ty":"gr","it":[{"ind":0,"ty":"sh","ix":1,"ks":{"a":0,"k":{"i":[[0,0],[0,0],[0,0]],"o":[[0,0],[0,0],[0,0]],"v":[[-5,-5],[-5,5],[5,-5]],"c":true},"ix":2},"nm":"Path 1","mn":"ADBE Vector Shape - Group","hd":false},{"ty":"fl","c":{"a":0,"k":[0.740999996662,0.764999985695,0.847000002861,1],"ix":4,"x":"var $bm_rt;\ntry {\n    $bm_rt = thisComp.layer('Controller')('Effects')('Color 3')('ADBE Color Control-0001');\n} catch (e) {\n    $bm_rt = value;\n}"},"o":{"a":0,"k":100,"ix":5},"r":1,"bm":0,"nm":"Fill 1","mn":"ADBE Vector Graphic - Fill","hd":false},{"ty":"tr","p":{"a":0,"k":[46.499,65.998],"ix":2},"a":{"a":0,"k":[0,0],"ix":1},"s":{"a":0,"k":[100,100],"ix":3},"r":{"a":0,"k":0,"ix":6},"o":{"a":0,"k":100,"ix":7},"sk":{"a":0,"k":0,"ix":4},"sa":{"a":0,"k":0,"ix":5},"nm":"Transform"}],"nm":"Group 30","np":2,"cix":2,"bm":0,"ix":1,"mn":"ADBE Vector Group","hd":false},{"ty":"tr","p":{"a":0,"k":[289.373,373.198],"ix":2},"a":{"a":0,"k":[46.499,65.998],"ix":1},"s":{"a":0,"k":[450,450],"ix":3},"r":{"a":0,"k":0,"ix":6},"o":{"a":0,"k":100,"ix":7},"sk":{"a":0,"k":0,"ix":4},"sa":{"a":0,"k":0,"ix":5},"nm":"Transform"}],"nm":"Layer 6 Outlines - Group 330","np":1,"cix":2,"bm":0,"ix":3,"mn":"ADBE Vector Group","hd":false},{"ty":"gr","it":[{"ty":"gr","it":[{"ind":0,"ty":"sh","ix":1,"ks":{"a":0,"k":{"i":[[0,0],[0,-0.689],[0,0],[-0.689,0],[0,0],[0,0],[0,0],[0.689,0]],"o":[[-0.689,0],[0,0],[0,0.689],[0,0],[0,0],[0,0],[0,-0.689],[0,0]],"v":[[-17,-31.25],[-18.25,-30],[-18.25,30],[-17,31.25],[8.689,31.25],[18.25,21.689],[18.25,-30],[17,-31.25]],"c":true},"ix":2},"nm":"Path 1","mn":"ADBE Vector Shape - Group","hd":false},{"ind":1,"ty":"sh","ix":2,"ks":{"a":0,"k":{"i":[[0.199,0],[0,0],[0,1.517],[0,0],[-1.517,0],[0,0],[0,-1.517],[0,0],[0.141,-0.14],[0,0]],"o":[[0,0],[-1.517,0],[0,0],[0,-1.517],[0,0],[1.517,0],[0,0],[0,0.199],[0,0],[-0.14,0.141]],"v":[[9,32.75],[-17,32.75],[-19.75,30],[-19.75,-30],[-17,-32.75],[17,-32.75],[19.75,-30],[19.75,22],[19.53,22.53],[9.53,32.53]],"c":true},"ix":2},"nm":"Path 2","mn":"ADBE Vector Shape - Group","hd":false},{"ty":"mm","mm":1,"nm":"Merge Paths 1","mn":"ADBE Vector Filter - Merge","hd":false},{"ty":"fl","c":{"a":0,"k":[0.128999993205,0.211999997497,0.372999995947,1],"ix":4,"x":"var $bm_rt;\ntry {\n    $bm_rt = thisComp.layer('Controller')('Effects')('Color')('ADBE Color Control-0001');\n} catch (e) {\n    $bm_rt = value;\n}"},"o":{"a":0,"k":100,"ix":5},"r":1,"bm":0,"nm":"Fill 1","mn":"ADBE Vector Graphic - Fill","hd":false},{"ty":"tr","p":{"a":0,"k":[32.499,38.998],"ix":2},"a":{"a":0,"k":[0,0],"ix":1},"s":{"a":0,"k":[100,100],"ix":3},"r":{"a":0,"k":0,"ix":6},"o":{"a":0,"k":100,"ix":7},"sk":{"a":0,"k":0,"ix":4},"sa":{"a":0,"k":0,"ix":5},"nm":"Transform"}],"nm":"Group 36","np":4,"cix":2,"bm":0,"ix":1,"mn":"ADBE Vector Group","hd":false},{"ty":"tr","p":{"a":0,"k":[226.373,251.698],"ix":2},"a":{"a":0,"k":[32.499,38.998],"ix":1},"s":{"a":0,"k":[450,450],"ix":3},"r":{"a":0,"k":0,"ix":6},"o":{"a":0,"k":100,"ix":7},"sk":{"a":0,"k":0,"ix":4},"sa":{"a":0,"k":0,"ix":5},"nm":"Transform"}],"nm":"Layer 6 Outlines - Group 336","np":1,"cix":2,"bm":0,"ix":4,"mn":"ADBE Vector Group","hd":false},{"ty":"gr","it":[{"ty":"gr","it":[{"ind":0,"ty":"sh","ix":1,"ks":{"a":0,"k":{"i":[[0,0],[0,0],[0,0],[-1.104,0],[0,0],[0,0]],"o":[[0,0],[0,0],[0,-1.105],[0,0],[0,0],[0,0]],"v":[[13.5,30.499],[-17.5,30.499],[-17.5,-28.499],[-15.5,-30.499],[17.5,-30.499],[17.5,26.499]],"c":true},"ix":2},"nm":"Path 1","mn":"ADBE Vector Shape - Group","hd":false},{"ty":"fl","c":{"a":0,"k":[1,1,1,1],"ix":4,"x":"var $bm_rt;\ntry {\n    $bm_rt = thisComp.layer('Controller')('Effects')('Color 2')('ADBE Color Control-0001');\n} catch (e) {\n    $bm_rt = value;\n}"},"o":{"a":0,"k":100,"ix":5},"r":1,"bm":0,"nm":"Fill 1","mn":"ADBE Vector Graphic - Fill","hd":false},{"ty":"tr","p":{"a":0,"k":[30.999,37.497],"ix":2},"a":{"a":0,"k":[0,0],"ix":1},"s":{"a":0,"k":[100,100],"ix":3},"r":{"a":0,"k":0,"ix":6},"o":{"a":0,"k":100,"ix":7},"sk":{"a":0,"k":0,"ix":4},"sa":{"a":0,"k":0,"ix":5},"nm":"Transform"}],"nm":"Group 37","np":2,"cix":2,"bm":0,"ix":1,"mn":"ADBE Vector Group","hd":false},{"ty":"tr","p":{"a":0,"k":[219.623,244.946],"ix":2},"a":{"a":0,"k":[30.999,37.497],"ix":1},"s":{"a":0,"k":[450,450],"ix":3},"r":{"a":0,"k":0,"ix":6},"o":{"a":0,"k":100,"ix":7},"sk":{"a":0,"k":0,"ix":4},"sa":{"a":0,"k":0,"ix":5},"nm":"Transform"}],"nm":"Layer 6 Outlines - Group 337","np":1,"cix":2,"bm":0,"ix":5,"mn":"ADBE Vector Group","hd":false},{"ty":"gr","it":[{"ty":"gr","it":[{"ind":0,"ty":"sh","ix":1,"ks":{"a":0,"k":{"i":[[0,0],[0,0],[0,1.104],[0,0],[-1.104,0],[0,0],[0,-1.104],[0,0]],"o":[[0,0],[-1.104,0],[0,0],[0,-1.104],[0,0],[1.104,0],[0,0],[0,0]],"v":[[9,32],[-17,32],[-19,30],[-19,-30],[-17,-32],[17,-32],[19,-30],[19,22]],"c":true},"ix":2},"nm":"Path 1","mn":"ADBE Vector Shape - Group","hd":false},{"ty":"fl","c":{"a":0,"k":[0.740999996662,0.764999985695,0.847000002861,1],"ix":4,"x":"var $bm_rt;\ntry {\n    $bm_rt = thisComp.layer('Controller')('Effects')('Color 3')('ADBE Color Control-0001');\n} catch (e) {\n    $bm_rt = value;\n}"},"o":{"a":0,"k":100,"ix":5},"r":1,"bm":0,"nm":"Fill 1","mn":"ADBE Vector Graphic - Fill","hd":false},{"ty":"tr","p":{"a":0,"k":[32.499,38.998],"ix":2},"a":{"a":0,"k":[0,0],"ix":1},"s":{"a":0,"k":[100,100],"ix":3},"r":{"a":0,"k":0,"ix":6},"o":{"a":0,"k":100,"ix":7},"sk":{"a":0,"k":0,"ix":4},"sa":{"a":0,"k":0,"ix":5},"nm":"Transform"}],"nm":"Group 38","np":2,"cix":2,"bm":0,"ix":1,"mn":"ADBE Vector Group","hd":false},{"ty":"tr","p":{"a":0,"k":[226.373,251.698],"ix":2},"a":{"a":0,"k":[32.499,38.998],"ix":1},"s":{"a":0,"k":[450,450],"ix":3},"r":{"a":0,"k":0,"ix":6},"o":{"a":0,"k":100,"ix":7},"sk":{"a":0,"k":0,"ix":4},"sa":{"a":0,"k":0,"ix":5},"nm":"Transform"}],"nm":"Layer 6 Outlines - Group 338","np":1,"cix":2,"bm":0,"ix":6,"mn":"ADBE Vector Group","hd":false}],"ip":0,"op":150,"st":0,"ct":1,"bm":0},{"ddd":0,"ind":10,"ty":4,"nm":"Layer 6 Outlines - Group 39 :M","parent":2,"sr":1,"ks":{"o":{"a":0,"k":100,"ix":11},"r":{"a":1,"k":[{"i":{"x":[0.63],"y":[1]},"o":{"x":[0.37],"y":[0]},"t":7,"s":[0]},{"i":{"x":[0.63],"y":[1]},"o":{"x":[0.37],"y":[0]},"t":22,"s":[10]},{"i":{"x":[0.63],"y":[1]},"o":{"x":[0.37],"y":[0]},"t":37,"s":[-10]},{"i":{"x":[0.63],"y":[1]},"o":{"x":[0.37],"y":[0]},"t":52,"s":[5]},{"i":{"x":[0.63],"y":[1]},"o":{"x":[0.37],"y":[0]},"t":67,"s":[0]},{"i":{"x":[0.63],"y":[1]},"o":{"x":[0.37],"y":[0]},"t":82,"s":[0]},{"i":{"x":[0.63],"y":[1]},"o":{"x":[0.37],"y":[0]},"t":97,"s":[10]},{"i":{"x":[0.63],"y":[1]},"o":{"x":[0.37],"y":[0]},"t":112,"s":[-10]},{"i":{"x":[0.63],"y":[1]},"o":{"x":[0.37],"y":[0]},"t":127,"s":[5]},{"t":142,"s":[0]}],"ix":10},"p":{"a":1,"k":[{"i":{"x":0.63,"y":1},"o":{"x":0.37,"y":0},"t":0,"s":[-56.652,52.392,0],"to":[0,2.833,0],"ti":[0,3.167,0]},{"i":{"x":0.63,"y":1},"o":{"x":0.37,"y":0},"t":15,"s":[-56.652,69.392,0],"to":[0,-3.167,0],"ti":[0,2.833,0]},{"i":{"x":0.63,"y":1},"o":{"x":0.37,"y":0},"t":30,"s":[-56.652,33.392,0],"to":[0,-2.833,0],"ti":[0,-3.167,0]},{"i":{"x":0.63,"y":0.63},"o":{"x":0.37,"y":0.37},"t":45,"s":[-56.652,52.392,0],"to":[0,0,0],"ti":[0,0,0]},{"i":{"x":0.63,"y":1},"o":{"x":0.37,"y":0},"t":75,"s":[-56.652,52.392,0],"to":[0,2.833,0],"ti":[0,3.167,0]},{"i":{"x":0.63,"y":1},"o":{"x":0.37,"y":0},"t":90,"s":[-56.652,69.392,0],"to":[0,-3.167,0],"ti":[0,2.833,0]},{"i":{"x":0.63,"y":1},"o":{"x":0.37,"y":0},"t":105,"s":[-56.652,33.392,0],"to":[0,-2.833,0],"ti":[0,-3.167,0]},{"t":120,"s":[-56.652,52.392,0]}],"ix":2,"l":2},"a":{"a":0,"k":[137.498,251.698,0],"ix":1,"l":2},"s":{"a":0,"k":[100,100,100],"ix":6,"l":2}},"ao":0,"shapes":[{"ty":"gr","it":[{"ty":"gr","it":[{"ind":0,"ty":"sh","ix":1,"ks":{"a":0,"k":{"i":[[0,0],[0,-0.689],[0,0],[-0.689,0],[0,0],[0,0.689],[0,0],[0.689,0]],"o":[[-0.689,0],[0,0],[0,0.689],[0,0],[0.689,0],[0,0],[0,-0.689],[0,0]],"v":[[-20,-31.25],[-21.25,-30],[-21.25,30],[-20,31.25],[20,31.25],[21.25,30],[21.25,-30],[20,-31.25]],"c":true},"ix":2},"nm":"Path 1","mn":"ADBE Vector Shape - Group","hd":false},{"ind":1,"ty":"sh","ix":2,"ks":{"a":0,"k":{"i":[[1.517,0],[0,0],[0,1.517],[0,0],[-1.517,0],[0,0],[0,-1.517],[0,0]],"o":[[0,0],[-1.517,0],[0,0],[0,-1.517],[0,0],[1.517,0],[0,0],[0,1.517]],"v":[[20,32.75],[-20,32.75],[-22.75,30],[-22.75,-30],[-20,-32.75],[20,-32.75],[22.75,-30],[22.75,30]],"c":true},"ix":2},"nm":"Path 2","mn":"ADBE Vector Shape - Group","hd":false},{"ty":"mm","mm":1,"nm":"Merge Paths 1","mn":"ADBE Vector Filter - Merge","hd":false},{"ty":"fl","c":{"a":0,"k":[0.128999993205,0.211999997497,0.372999995947,1],"ix":4,"x":"var $bm_rt;\ntry {\n    $bm_rt = thisComp.layer('Controller')('Effects')('Color')('ADBE Color Control-0001');\n} catch (e) {\n    $bm_rt = value;\n}"},"o":{"a":0,"k":100,"ix":5},"r":1,"bm":0,"nm":"Fill 1","mn":"ADBE Vector Graphic - Fill","hd":false},{"ty":"tr","p":{"a":0,"k":[35.499,38.998],"ix":2},"a":{"a":0,"k":[0,0],"ix":1},"s":{"a":0,"k":[100,100],"ix":3},"r":{"a":0,"k":0,"ix":6},"o":{"a":0,"k":100,"ix":7},"sk":{"a":0,"k":0,"ix":4},"sa":{"a":0,"k":0,"ix":5},"nm":"Transform"}],"nm":"Group 39","np":4,"cix":2,"bm":0,"ix":1,"mn":"ADBE Vector Group","hd":false},{"ty":"tr","p":{"a":0,"k":[239.873,251.698],"ix":2},"a":{"a":0,"k":[35.499,38.998],"ix":1},"s":{"a":0,"k":[450,450],"ix":3},"r":{"a":0,"k":0,"ix":6},"o":{"a":0,"k":100,"ix":7},"sk":{"a":0,"k":0,"ix":4},"sa":{"a":0,"k":0,"ix":5},"nm":"Transform"}],"nm":"Layer 6 Outlines - Group 339","np":1,"cix":2,"bm":0,"ix":1,"mn":"ADBE Vector Group","hd":false},{"ty":"gr","it":[{"ty":"gr","it":[{"ind":0,"ty":"sh","ix":1,"ks":{"a":0,"k":{"i":[[1.104,0],[0,0],[0,0],[-1.104,0],[0,0],[0,0]],"o":[[0,0],[0,0],[0,-1.105],[0,0],[0,0],[0,1.105]],"v":[[18.5,30.499],[-20.5,30.499],[-20.5,-28.499],[-18.5,-30.499],[20.5,-30.499],[20.5,28.499]],"c":true},"ix":2},"nm":"Path 1","mn":"ADBE Vector Shape - Group","hd":false},{"ty":"fl","c":{"a":0,"k":[1,1,1,1],"ix":4,"x":"var $bm_rt;\ntry {\n    $bm_rt = thisComp.layer('Controller')('Effects')('Color 2')('ADBE Color Control-0001');\n} catch (e) {\n    $bm_rt = value;\n}"},"o":{"a":0,"k":100,"ix":5},"r":1,"bm":0,"nm":"Fill 1","mn":"ADBE Vector Graphic - Fill","hd":false},{"ty":"tr","p":{"a":0,"k":[33.999,37.497],"ix":2},"a":{"a":0,"k":[0,0],"ix":1},"s":{"a":0,"k":[100,100],"ix":3},"r":{"a":0,"k":0,"ix":6},"o":{"a":0,"k":100,"ix":7},"sk":{"a":0,"k":0,"ix":4},"sa":{"a":0,"k":0,"ix":5},"nm":"Transform"}],"nm":"Group 40","np":2,"cix":2,"bm":0,"ix":1,"mn":"ADBE Vector Group","hd":false},{"ty":"tr","p":{"a":0,"k":[233.123,244.946],"ix":2},"a":{"a":0,"k":[33.999,37.497],"ix":1},"s":{"a":0,"k":[450,450],"ix":3},"r":{"a":0,"k":0,"ix":6},"o":{"a":0,"k":100,"ix":7},"sk":{"a":0,"k":0,"ix":4},"sa":{"a":0,"k":0,"ix":5},"nm":"Transform"}],"nm":"Layer 6 Outlines - Group 440","np":1,"cix":2,"bm":0,"ix":2,"mn":"ADBE Vector Group","hd":false},{"ty":"gr","it":[{"ty":"gr","it":[{"ind":0,"ty":"sh","ix":1,"ks":{"a":0,"k":{"i":[[1.104,0],[0,0],[0,1.104],[0,0],[-1.104,0],[0,0],[0,-1.104],[0,0]],"o":[[0,0],[-1.104,0],[0,0],[0,-1.104],[0,0],[1.104,0],[0,0],[0,1.104]],"v":[[20,32],[-20,32],[-22,30],[-22,-30],[-20,-32],[20,-32],[22,-30],[22,30]],"c":true},"ix":2},"nm":"Path 1","mn":"ADBE Vector Shape - Group","hd":false},{"ty":"fl","c":{"a":0,"k":[0.740999996662,0.764999985695,0.847000002861,1],"ix":4,"x":"var $bm_rt;\ntry {\n    $bm_rt = thisComp.layer('Controller')('Effects')('Color 3')('ADBE Color Control-0001');\n} catch (e) {\n    $bm_rt = value;\n}"},"o":{"a":0,"k":100,"ix":5},"r":1,"bm":0,"nm":"Fill 1","mn":"ADBE Vector Graphic - Fill","hd":false},{"ty":"tr","p":{"a":0,"k":[35.499,38.998],"ix":2},"a":{"a":0,"k":[0,0],"ix":1},"s":{"a":0,"k":[100,100],"ix":3},"r":{"a":0,"k":0,"ix":6},"o":{"a":0,"k":100,"ix":7},"sk":{"a":0,"k":0,"ix":4},"sa":{"a":0,"k":0,"ix":5},"nm":"Transform"}],"nm":"Group 41","np":2,"cix":2,"bm":0,"ix":1,"mn":"ADBE Vector Group","hd":false},{"ty":"tr","p":{"a":0,"k":[239.873,251.698],"ix":2},"a":{"a":0,"k":[35.499,38.998],"ix":1},"s":{"a":0,"k":[450,450],"ix":3},"r":{"a":0,"k":0,"ix":6},"o":{"a":0,"k":100,"ix":7},"sk":{"a":0,"k":0,"ix":4},"sa":{"a":0,"k":0,"ix":5},"nm":"Transform"}],"nm":"Layer 6 Outlines - Group 441","np":1,"cix":2,"bm":0,"ix":3,"mn":"ADBE Vector Group","hd":false}],"ip":0,"op":150,"st":0,"ct":1,"bm":0},{"ddd":0,"ind":11,"ty":4,"nm":"Layer 6 Outlines - Group 1 :M","parent":2,"sr":1,"ks":{"o":{"a":0,"k":100,"ix":11},"r":{"a":0,"k":0,"ix":10},"p":{"a":0,"k":[187.479,106.948,0],"ix":2,"l":2},"a":{"a":0,"k":[381.629,306.254,0],"ix":1,"l":2},"s":{"a":0,"k":[100,100,100],"ix":6,"l":2}},"ao":0,"shapes":[{"ty":"gr","it":[{"ty":"gr","it":[{"ind":0,"ty":"sh","ix":1,"ks":{"a":0,"k":{"i":[[0,0.414],[-0.415,0],[0,-0.414],[0.414,0]],"o":[[0,-0.414],[0.414,0],[0,0.414],[-0.415,0]],"v":[[-0.75,0],[0,-0.75],[0.75,0],[0,0.75]],"c":true},"ix":2},"nm":"Path 1","mn":"ADBE Vector Shape - Group","hd":false},{"ty":"fl","c":{"a":0,"k":[0.128999993205,0.211999997497,0.372999995947,1],"ix":4,"x":"var $bm_rt;\ntry {\n    $bm_rt = thisComp.layer('Controller')('Effects')('Color')('ADBE Color Control-0001');\n} catch (e) {\n    $bm_rt = value;\n}"},"o":{"a":0,"k":100,"ix":5},"r":1,"bm":0,"nm":"Fill 1","mn":"ADBE Vector Graphic - Fill","hd":false},{"ty":"tr","p":{"a":0,"k":[70.501,52.246],"ix":2},"a":{"a":0,"k":[0,0],"ix":1},"s":{"a":0,"k":[100,100],"ix":3},"r":{"a":0,"k":0,"ix":6},"o":{"a":0,"k":100,"ix":7},"sk":{"a":0,"k":0,"ix":4},"sa":{"a":0,"k":0,"ix":5},"nm":"Transform"}],"nm":"Group 1","np":2,"cix":2,"bm":0,"ix":1,"mn":"ADBE Vector Group","hd":false},{"ty":"tr","p":{"a":0,"k":[397.381,311.315],"ix":2},"a":{"a":0,"k":[70.501,52.246],"ix":1},"s":{"a":1,"k":[{"i":{"x":[0.61,0.61],"y":[1,1]},"o":{"x":[0.39,0.39],"y":[0,0]},"t":18,"s":[0,0]},{"i":{"x":[0.61,0.61],"y":[1,1]},"o":{"x":[0.39,0.39],"y":[0,0]},"t":28,"s":[450,450]},{"i":{"x":[0.833,0.833],"y":[1,1]},"o":{"x":[0.167,0.167],"y":[0,0]},"t":38,"s":[0,0]},{"i":{"x":[0.61,0.61],"y":[1,1]},"o":{"x":[0.39,0.39],"y":[0,0]},"t":93,"s":[0,0]},{"i":{"x":[0.61,0.61],"y":[1,1]},"o":{"x":[0.39,0.39],"y":[0,0]},"t":103,"s":[450,450]},{"t":113,"s":[0,0]}],"ix":3},"r":{"a":0,"k":0,"ix":6},"o":{"a":0,"k":100,"ix":7},"sk":{"a":0,"k":0,"ix":4},"sa":{"a":0,"k":0,"ix":5},"nm":"Transform"}],"nm":"Layer 6 Outlines - Group 1","np":1,"cix":2,"bm":0,"ix":1,"mn":"ADBE Vector Group","hd":false},{"ty":"gr","it":[{"ty":"gr","it":[{"ind":0,"ty":"sh","ix":1,"ks":{"a":0,"k":{"i":[[0,0.414],[-0.415,0],[0,-0.414],[0.414,0]],"o":[[0,-0.414],[0.414,0],[0,0.414],[-0.415,0]],"v":[[-0.75,0],[0,-0.75],[0.75,0],[0,0.75]],"c":true},"ix":2},"nm":"Path 1","mn":"ADBE Vector Shape - Group","hd":false},{"ty":"fl","c":{"a":0,"k":[0.128999993205,0.211999997497,0.372999995947,1],"ix":4,"x":"var $bm_rt;\ntry {\n    $bm_rt = thisComp.layer('Controller')('Effects')('Color')('ADBE Color Control-0001');\n} catch (e) {\n    $bm_rt = value;\n}"},"o":{"a":0,"k":100,"ix":5},"r":1,"bm":0,"nm":"Fill 1","mn":"ADBE Vector Graphic - Fill","hd":false},{"ty":"tr","p":{"a":0,"k":[70.501,46.245],"ix":2},"a":{"a":0,"k":[0,0],"ix":1},"s":{"a":0,"k":[100,100],"ix":3},"r":{"a":0,"k":0,"ix":6},"o":{"a":0,"k":100,"ix":7},"sk":{"a":0,"k":0,"ix":4},"sa":{"a":0,"k":0,"ix":5},"nm":"Transform"}],"nm":"Group 2","np":2,"cix":2,"bm":0,"ix":1,"mn":"ADBE Vector Group","hd":false},{"ty":"tr","p":{"a":0,"k":[397.381,284.31],"ix":2},"a":{"a":0,"k":[70.501,46.245],"ix":1},"s":{"a":1,"k":[{"i":{"x":[0.61,0.61],"y":[1,1]},"o":{"x":[0.39,0.39],"y":[0,0]},"t":16,"s":[0,0]},{"i":{"x":[0.61,0.61],"y":[1,1]},"o":{"x":[0.39,0.39],"y":[0,0]},"t":26,"s":[450,450]},{"i":{"x":[0.833,0.833],"y":[1,1]},"o":{"x":[0.167,0.167],"y":[0,0]},"t":36,"s":[0,0]},{"i":{"x":[0.61,0.61],"y":[1,1]},"o":{"x":[0.39,0.39],"y":[0,0]},"t":91,"s":[0,0]},{"i":{"x":[0.61,0.61],"y":[1,1]},"o":{"x":[0.39,0.39],"y":[0,0]},"t":101,"s":[450,450]},{"t":111,"s":[0,0]}],"ix":3},"r":{"a":0,"k":0,"ix":6},"o":{"a":0,"k":100,"ix":7},"sk":{"a":0,"k":0,"ix":4},"sa":{"a":0,"k":0,"ix":5},"nm":"Transform"}],"nm":"Layer 6 Outlines - Group 2","np":1,"cix":2,"bm":0,"ix":2,"mn":"ADBE Vector Group","hd":false},{"ty":"gr","it":[{"ty":"gr","it":[{"ind":0,"ty":"sh","ix":1,"ks":{"a":0,"k":{"i":[[0,0.414],[-0.415,0],[0,-0.414],[0.414,0]],"o":[[0,-0.414],[0.414,0],[0,0.414],[-0.415,0]],"v":[[-0.75,0],[0,-0.75],[0.75,0],[0,0.75]],"c":true},"ix":2},"nm":"Path 1","mn":"ADBE Vector Shape - Group","hd":false},{"ty":"fl","c":{"a":0,"k":[0.128999993205,0.211999997497,0.372999995947,1],"ix":4,"x":"var $bm_rt;\ntry {\n    $bm_rt = thisComp.layer('Controller')('Effects')('Color')('ADBE Color Control-0001');\n} catch (e) {\n    $bm_rt = value;\n}"},"o":{"a":0,"k":100,"ix":5},"r":1,"bm":0,"nm":"Fill 1","mn":"ADBE Vector Graphic - Fill","hd":false},{"ty":"tr","p":{"a":0,"k":[70.501,42.245],"ix":2},"a":{"a":0,"k":[0,0],"ix":1},"s":{"a":0,"k":[100,100],"ix":3},"r":{"a":0,"k":0,"ix":6},"o":{"a":0,"k":100,"ix":7},"sk":{"a":0,"k":0,"ix":4},"sa":{"a":0,"k":0,"ix":5},"nm":"Transform"}],"nm":"Group 3","np":2,"cix":2,"bm":0,"ix":1,"mn":"ADBE Vector Group","hd":false},{"ty":"tr","p":{"a":0,"k":[397.381,266.31],"ix":2},"a":{"a":0,"k":[70.501,42.245],"ix":1},"s":{"a":1,"k":[{"i":{"x":[0.61,0.61],"y":[1,1]},"o":{"x":[0.39,0.39],"y":[0,0]},"t":14,"s":[0,0]},{"i":{"x":[0.61,0.61],"y":[1,1]},"o":{"x":[0.39,0.39],"y":[0,0]},"t":24,"s":[450,450]},{"i":{"x":[0.833,0.833],"y":[1,1]},"o":{"x":[0.167,0.167],"y":[0,0]},"t":34,"s":[0,0]},{"i":{"x":[0.61,0.61],"y":[1,1]},"o":{"x":[0.39,0.39],"y":[0,0]},"t":89,"s":[0,0]},{"i":{"x":[0.61,0.61],"y":[1,1]},"o":{"x":[0.39,0.39],"y":[0,0]},"t":99,"s":[450,450]},{"t":109,"s":[0,0]}],"ix":3},"r":{"a":0,"k":0,"ix":6},"o":{"a":0,"k":100,"ix":7},"sk":{"a":0,"k":0,"ix":4},"sa":{"a":0,"k":0,"ix":5},"nm":"Transform"}],"nm":"Layer 6 Outlines - Group 3","np":1,"cix":2,"bm":0,"ix":3,"mn":"ADBE Vector Group","hd":false},{"ty":"gr","it":[{"ty":"gr","it":[{"ind":0,"ty":"sh","ix":1,"ks":{"a":0,"k":{"i":[[0,0.414],[-0.415,0],[0,-0.415],[0.414,0]],"o":[[0,-0.415],[0.414,0],[0,0.414],[-0.415,0]],"v":[[-0.75,0],[0,-0.75],[0.75,0],[0,0.75]],"c":true},"ix":2},"nm":"Path 1","mn":"ADBE Vector Shape - Group","hd":false},{"ty":"fl","c":{"a":0,"k":[0.128999993205,0.211999997497,0.372999995947,1],"ix":4,"x":"var $bm_rt;\ntry {\n    $bm_rt = thisComp.layer('Controller')('Effects')('Color')('ADBE Color Control-0001');\n} catch (e) {\n    $bm_rt = value;\n}"},"o":{"a":0,"k":100,"ix":5},"r":1,"bm":0,"nm":"Fill 1","mn":"ADBE Vector Graphic - Fill","hd":false},{"ty":"tr","p":{"a":0,"k":[70.501,39.245],"ix":2},"a":{"a":0,"k":[0,0],"ix":1},"s":{"a":0,"k":[100,100],"ix":3},"r":{"a":0,"k":0,"ix":6},"o":{"a":0,"k":100,"ix":7},"sk":{"a":0,"k":0,"ix":4},"sa":{"a":0,"k":0,"ix":5},"nm":"Transform"}],"nm":"Group 4","np":2,"cix":2,"bm":0,"ix":1,"mn":"ADBE Vector Group","hd":false},{"ty":"tr","p":{"a":0,"k":[397.381,252.81],"ix":2},"a":{"a":0,"k":[70.501,39.245],"ix":1},"s":{"a":1,"k":[{"i":{"x":[0.61,0.61],"y":[1,1]},"o":{"x":[0.39,0.39],"y":[0,0]},"t":12,"s":[0,0]},{"i":{"x":[0.61,0.61],"y":[1,1]},"o":{"x":[0.39,0.39],"y":[0,0]},"t":22,"s":[450,450]},{"i":{"x":[0.833,0.833],"y":[1,1]},"o":{"x":[0.167,0.167],"y":[0,0]},"t":32,"s":[0,0]},{"i":{"x":[0.61,0.61],"y":[1,1]},"o":{"x":[0.39,0.39],"y":[0,0]},"t":87,"s":[0,0]},{"i":{"x":[0.61,0.61],"y":[1,1]},"o":{"x":[0.39,0.39],"y":[0,0]},"t":97,"s":[450,450]},{"t":107,"s":[0,0]}],"ix":3},"r":{"a":0,"k":0,"ix":6},"o":{"a":0,"k":100,"ix":7},"sk":{"a":0,"k":0,"ix":4},"sa":{"a":0,"k":0,"ix":5},"nm":"Transform"}],"nm":"Layer 6 Outlines - Group 4","np":1,"cix":2,"bm":0,"ix":4,"mn":"ADBE Vector Group","hd":false},{"ty":"gr","it":[{"ty":"gr","it":[{"ty":"gr","it":[{"ind":0,"ty":"sh","ix":1,"ks":{"a":0,"k":{"i":[[0.414,0],[0,0.414],[0,0],[-0.414,0],[0,-0.414],[0,0]],"o":[[-0.414,0],[0,0],[0,-0.414],[0.414,0],[0,0],[0,0.414]],"v":[[0,2.75],[-0.75,2],[-0.75,-2],[0,-2.75],[0.75,-2],[0.75,2]],"c":true},"ix":2},"nm":"Path 1","mn":"ADBE Vector Shape - Group","hd":false},{"ty":"fl","c":{"a":0,"k":[0.128999993205,0.211999997497,0.372999995947,1],"ix":4,"x":"var $bm_rt;\ntry {\n    $bm_rt = thisComp.layer('Controller')('Effects')('Color')('ADBE Color Control-0001');\n} catch (e) {\n    $bm_rt = value;\n}"},"o":{"a":0,"k":100,"ix":5},"r":1,"bm":0,"nm":"Fill 1","mn":"ADBE Vector Graphic - Fill","hd":false},{"ty":"tr","p":{"a":0,"k":[70.5,33.245],"ix":2},"a":{"a":0,"k":[0,0],"ix":1},"s":{"a":0,"k":[100,100],"ix":3},"r":{"a":0,"k":0,"ix":6},"o":{"a":0,"k":100,"ix":7},"sk":{"a":0,"k":0,"ix":4},"sa":{"a":0,"k":0,"ix":5},"nm":"Transform"}],"nm":"Group 5","np":2,"cix":2,"bm":0,"ix":1,"mn":"ADBE Vector Group","hd":false},{"ty":"tr","p":{"a":0,"k":[397.377,225.81],"ix":2},"a":{"a":0,"k":[70.5,33.245],"ix":1},"s":{"a":0,"k":[450,450],"ix":3},"r":{"a":0,"k":0,"ix":6},"o":{"a":0,"k":100,"ix":7},"sk":{"a":0,"k":0,"ix":4},"sa":{"a":0,"k":0,"ix":5},"nm":"Transform"}],"nm":"Layer 6 Outlines - Group 5","np":1,"cix":2,"bm":0,"ix":1,"mn":"ADBE Vector Group","hd":false},{"ty":"gr","it":[{"ty":"gr","it":[{"ind":0,"ty":"sh","ix":1,"ks":{"a":0,"k":{"i":[[0.414,0],[0,0],[0,0.414],[-0.414,0],[0,0],[0,-0.414]],"o":[[0,0],[-0.414,0],[0,-0.414],[0,0],[0.414,0],[0,0.414]],"v":[[2,0.75],[-2,0.75],[-2.75,0],[-2,-0.75],[2,-0.75],[2.75,0]],"c":true},"ix":2},"nm":"Path 1","mn":"ADBE Vector Shape - Group","hd":false},{"ty":"fl","c":{"a":0,"k":[0.128999993205,0.211999997497,0.372999995947,1],"ix":4,"x":"var $bm_rt;\ntry {\n    $bm_rt = thisComp.layer('Controller')('Effects')('Color')('ADBE Color Control-0001');\n} catch (e) {\n    $bm_rt = value;\n}"},"o":{"a":0,"k":100,"ix":5},"r":1,"bm":0,"nm":"Fill 1","mn":"ADBE Vector Graphic - Fill","hd":false},{"ty":"tr","p":{"a":0,"k":[70.5,33.245],"ix":2},"a":{"a":0,"k":[0,0],"ix":1},"s":{"a":0,"k":[100,100],"ix":3},"r":{"a":0,"k":0,"ix":6},"o":{"a":0,"k":100,"ix":7},"sk":{"a":0,"k":0,"ix":4},"sa":{"a":0,"k":0,"ix":5},"nm":"Transform"}],"nm":"Group 6","np":2,"cix":2,"bm":0,"ix":1,"mn":"ADBE Vector Group","hd":false},{"ty":"tr","p":{"a":0,"k":[397.377,225.81],"ix":2},"a":{"a":0,"k":[70.5,33.245],"ix":1},"s":{"a":0,"k":[450,450],"ix":3},"r":{"a":0,"k":0,"ix":6},"o":{"a":0,"k":100,"ix":7},"sk":{"a":0,"k":0,"ix":4},"sa":{"a":0,"k":0,"ix":5},"nm":"Transform"}],"nm":"Layer 6 Outlines - Group 6","np":1,"cix":2,"bm":0,"ix":2,"mn":"ADBE Vector Group","hd":false},{"ty":"tr","p":{"a":0,"k":[397.377,225.81],"ix":2},"a":{"a":0,"k":[397.377,225.81],"ix":1},"s":{"a":1,"k":[{"i":{"x":[0.61,0.61],"y":[1,1]},"o":{"x":[0.39,0.39],"y":[0,0]},"t":10,"s":[0,0]},{"i":{"x":[0.61,0.61],"y":[1,1]},"o":{"x":[0.39,0.39],"y":[0,0]},"t":20,"s":[100,100]},{"i":{"x":[0.833,0.833],"y":[1,1]},"o":{"x":[0.167,0.167],"y":[0,0]},"t":30,"s":[0,0]},{"i":{"x":[0.61,0.61],"y":[1,1]},"o":{"x":[0.39,0.39],"y":[0,0]},"t":85,"s":[0,0]},{"i":{"x":[0.61,0.61],"y":[1,1]},"o":{"x":[0.39,0.39],"y":[0,0]},"t":95,"s":[100,100]},{"t":105,"s":[0,0]}],"ix":3},"r":{"a":0,"k":0,"ix":6},"o":{"a":0,"k":100,"ix":7},"sk":{"a":0,"k":0,"ix":4},"sa":{"a":0,"k":0,"ix":5},"nm":"Transform"}],"nm":"Layer 6 Outlines - Group 5 :M","np":2,"cix":2,"bm":0,"ix":5,"mn":"ADBE Vector Group","hd":false},{"ty":"gr","it":[{"ty":"gr","it":[{"ind":0,"ty":"sh","ix":1,"ks":{"a":0,"k":{"i":[[0,-0.414],[0.414,0],[0,0.414],[-0.414,0]],"o":[[0,0.414],[-0.414,0],[0,-0.414],[0.414,0]],"v":[[0.75,0],[0,0.75],[-0.75,0],[0,-0.75]],"c":true},"ix":2},"nm":"Path 1","mn":"ADBE Vector Shape - Group","hd":false},{"ty":"fl","c":{"a":0,"k":[0.128999993205,0.211999997497,0.372999995947,1],"ix":4,"x":"var $bm_rt;\ntry {\n    $bm_rt = thisComp.layer('Controller')('Effects')('Color')('ADBE Color Control-0001');\n} catch (e) {\n    $bm_rt = value;\n}"},"o":{"a":0,"k":100,"ix":5},"r":1,"bm":0,"nm":"Fill 1","mn":"ADBE Vector Graphic - Fill","hd":false},{"ty":"tr","p":{"a":0,"k":[63.5,49.996],"ix":2},"a":{"a":0,"k":[0,0],"ix":1},"s":{"a":0,"k":[100,100],"ix":3},"r":{"a":0,"k":0,"ix":6},"o":{"a":0,"k":100,"ix":7},"sk":{"a":0,"k":0,"ix":4},"sa":{"a":0,"k":0,"ix":5},"nm":"Transform"}],"nm":"Group 7","np":2,"cix":2,"bm":0,"ix":1,"mn":"ADBE Vector Group","hd":false},{"ty":"tr","p":{"a":0,"k":[365.877,301.19],"ix":2},"a":{"a":0,"k":[63.5,49.996],"ix":1},"s":{"a":1,"k":[{"i":{"x":[0.61,0.61],"y":[1,1]},"o":{"x":[0.39,0.39],"y":[0,0]},"t":8,"s":[0,0]},{"i":{"x":[0.61,0.61],"y":[1,1]},"o":{"x":[0.39,0.39],"y":[0,0]},"t":18,"s":[450,450]},{"i":{"x":[0.833,0.833],"y":[1,1]},"o":{"x":[0.167,0.167],"y":[0,0]},"t":28,"s":[0,0]},{"i":{"x":[0.61,0.61],"y":[1,1]},"o":{"x":[0.39,0.39],"y":[0,0]},"t":83,"s":[0,0]},{"i":{"x":[0.61,0.61],"y":[1,1]},"o":{"x":[0.39,0.39],"y":[0,0]},"t":93,"s":[450,450]},{"t":103,"s":[0,0]}],"ix":3},"r":{"a":0,"k":0,"ix":6},"o":{"a":0,"k":100,"ix":7},"sk":{"a":0,"k":0,"ix":4},"sa":{"a":0,"k":0,"ix":5},"nm":"Transform"}],"nm":"Layer 6 Outlines - Group 7","np":1,"cix":2,"bm":0,"ix":6,"mn":"ADBE Vector Group","hd":false},{"ty":"gr","it":[{"ty":"gr","it":[{"ind":0,"ty":"sh","ix":1,"ks":{"a":0,"k":{"i":[[0,-0.415],[0.414,0],[0,0.414],[-0.414,0]],"o":[[0,0.414],[-0.414,0],[0,-0.415],[0.414,0]],"v":[[0.75,0],[0,0.75],[-0.75,0],[0,-0.75]],"c":true},"ix":2},"nm":"Path 1","mn":"ADBE Vector Shape - Group","hd":false},{"ty":"fl","c":{"a":0,"k":[0.128999993205,0.211999997497,0.372999995947,1],"ix":4,"x":"var $bm_rt;\ntry {\n    $bm_rt = thisComp.layer('Controller')('Effects')('Color')('ADBE Color Control-0001');\n} catch (e) {\n    $bm_rt = value;\n}"},"o":{"a":0,"k":100,"ix":5},"r":1,"bm":0,"nm":"Fill 1","mn":"ADBE Vector Graphic - Fill","hd":false},{"ty":"tr","p":{"a":0,"k":[63.5,55.997],"ix":2},"a":{"a":0,"k":[0,0],"ix":1},"s":{"a":0,"k":[100,100],"ix":3},"r":{"a":0,"k":0,"ix":6},"o":{"a":0,"k":100,"ix":7},"sk":{"a":0,"k":0,"ix":4},"sa":{"a":0,"k":0,"ix":5},"nm":"Transform"}],"nm":"Group 8","np":2,"cix":2,"bm":0,"ix":1,"mn":"ADBE Vector Group","hd":false},{"ty":"tr","p":{"a":0,"k":[365.877,328.194],"ix":2},"a":{"a":0,"k":[63.5,55.997],"ix":1},"s":{"a":1,"k":[{"i":{"x":[0.61,0.61],"y":[1,1]},"o":{"x":[0.39,0.39],"y":[0,0]},"t":6,"s":[0,0]},{"i":{"x":[0.61,0.61],"y":[1,1]},"o":{"x":[0.39,0.39],"y":[0,0]},"t":16,"s":[450,450]},{"i":{"x":[0.833,0.833],"y":[1,1]},"o":{"x":[0.167,0.167],"y":[0,0]},"t":26,"s":[0,0]},{"i":{"x":[0.61,0.61],"y":[1,1]},"o":{"x":[0.39,0.39],"y":[0,0]},"t":81,"s":[0,0]},{"i":{"x":[0.61,0.61],"y":[1,1]},"o":{"x":[0.39,0.39],"y":[0,0]},"t":91,"s":[450,450]},{"t":101,"s":[0,0]}],"ix":3},"r":{"a":0,"k":0,"ix":6},"o":{"a":0,"k":100,"ix":7},"sk":{"a":0,"k":0,"ix":4},"sa":{"a":0,"k":0,"ix":5},"nm":"Transform"}],"nm":"Layer 6 Outlines - Group 8","np":1,"cix":2,"bm":0,"ix":7,"mn":"ADBE Vector Group","hd":false},{"ty":"gr","it":[{"ty":"gr","it":[{"ind":0,"ty":"sh","ix":1,"ks":{"a":0,"k":{"i":[[0,-0.414],[0.414,0],[0,0.414],[-0.414,0]],"o":[[0,0.414],[-0.414,0],[0,-0.414],[0.414,0]],"v":[[0.75,0],[0,0.75],[-0.75,0],[0,-0.75]],"c":true},"ix":2},"nm":"Path 1","mn":"ADBE Vector Shape - Group","hd":false},{"ty":"fl","c":{"a":0,"k":[0.128999993205,0.211999997497,0.372999995947,1],"ix":4,"x":"var $bm_rt;\ntry {\n    $bm_rt = thisComp.layer('Controller')('Effects')('Color')('ADBE Color Control-0001');\n} catch (e) {\n    $bm_rt = value;\n}"},"o":{"a":0,"k":100,"ix":5},"r":1,"bm":0,"nm":"Fill 1","mn":"ADBE Vector Graphic - Fill","hd":false},{"ty":"tr","p":{"a":0,"k":[63.5,59.997],"ix":2},"a":{"a":0,"k":[0,0],"ix":1},"s":{"a":0,"k":[100,100],"ix":3},"r":{"a":0,"k":0,"ix":6},"o":{"a":0,"k":100,"ix":7},"sk":{"a":0,"k":0,"ix":4},"sa":{"a":0,"k":0,"ix":5},"nm":"Transform"}],"nm":"Group 9","np":2,"cix":2,"bm":0,"ix":1,"mn":"ADBE Vector Group","hd":false},{"ty":"tr","p":{"a":0,"k":[365.877,346.194],"ix":2},"a":{"a":0,"k":[63.5,59.997],"ix":1},"s":{"a":1,"k":[{"i":{"x":[0.61,0.61],"y":[1,1]},"o":{"x":[0.39,0.39],"y":[0,0]},"t":4,"s":[0,0]},{"i":{"x":[0.61,0.61],"y":[1,1]},"o":{"x":[0.39,0.39],"y":[0,0]},"t":14,"s":[450,450]},{"i":{"x":[0.833,0.833],"y":[1,1]},"o":{"x":[0.167,0.167],"y":[0,0]},"t":24,"s":[0,0]},{"i":{"x":[0.61,0.61],"y":[1,1]},"o":{"x":[0.39,0.39],"y":[0,0]},"t":79,"s":[0,0]},{"i":{"x":[0.61,0.61],"y":[1,1]},"o":{"x":[0.39,0.39],"y":[0,0]},"t":89,"s":[450,450]},{"t":99,"s":[0,0]}],"ix":3},"r":{"a":0,"k":0,"ix":6},"o":{"a":0,"k":100,"ix":7},"sk":{"a":0,"k":0,"ix":4},"sa":{"a":0,"k":0,"ix":5},"nm":"Transform"}],"nm":"Layer 6 Outlines - Group 9","np":1,"cix":2,"bm":0,"ix":8,"mn":"ADBE Vector Group","hd":false},{"ty":"gr","it":[{"ty":"gr","it":[{"ind":0,"ty":"sh","ix":1,"ks":{"a":0,"k":{"i":[[0,-0.414],[0.414,0],[0,0.414],[-0.414,0]],"o":[[0,0.414],[-0.414,0],[0,-0.414],[0.414,0]],"v":[[0.75,0],[0,0.75],[-0.75,0],[0,-0.75]],"c":true},"ix":2},"nm":"Path 1","mn":"ADBE Vector Shape - Group","hd":false},{"ty":"fl","c":{"a":0,"k":[0.128999993205,0.211999997497,0.372999995947,1],"ix":4,"x":"var $bm_rt;\ntry {\n    $bm_rt = thisComp.layer('Controller')('Effects')('Color')('ADBE Color Control-0001');\n} catch (e) {\n    $bm_rt = value;\n}"},"o":{"a":0,"k":100,"ix":5},"r":1,"bm":0,"nm":"Fill 1","mn":"ADBE Vector Graphic - Fill","hd":false},{"ty":"tr","p":{"a":0,"k":[63.5,62.997],"ix":2},"a":{"a":0,"k":[0,0],"ix":1},"s":{"a":0,"k":[100,100],"ix":3},"r":{"a":0,"k":0,"ix":6},"o":{"a":0,"k":100,"ix":7},"sk":{"a":0,"k":0,"ix":4},"sa":{"a":0,"k":0,"ix":5},"nm":"Transform"}],"nm":"Group 10","np":2,"cix":2,"bm":0,"ix":1,"mn":"ADBE Vector Group","hd":false},{"ty":"tr","p":{"a":0,"k":[365.877,359.694],"ix":2},"a":{"a":0,"k":[63.5,62.997],"ix":1},"s":{"a":1,"k":[{"i":{"x":[0.61,0.61],"y":[1,1]},"o":{"x":[0.39,0.39],"y":[0,0]},"t":2,"s":[0,0]},{"i":{"x":[0.61,0.61],"y":[1,1]},"o":{"x":[0.39,0.39],"y":[0,0]},"t":12,"s":[450,450]},{"i":{"x":[0.833,0.833],"y":[1,1]},"o":{"x":[0.167,0.167],"y":[0,0]},"t":22,"s":[0,0]},{"i":{"x":[0.61,0.61],"y":[1,1]},"o":{"x":[0.39,0.39],"y":[0,0]},"t":77,"s":[0,0]},{"i":{"x":[0.61,0.61],"y":[1,1]},"o":{"x":[0.39,0.39],"y":[0,0]},"t":87,"s":[450,450]},{"t":97,"s":[0,0]}],"ix":3},"r":{"a":0,"k":0,"ix":6},"o":{"a":0,"k":100,"ix":7},"sk":{"a":0,"k":0,"ix":4},"sa":{"a":0,"k":0,"ix":5},"nm":"Transform"}],"nm":"Layer 6 Outlines - Group 110","np":1,"cix":2,"bm":0,"ix":9,"mn":"ADBE Vector Group","hd":false},{"ty":"gr","it":[{"ty":"gr","it":[{"ty":"gr","it":[{"ind":0,"ty":"sh","ix":1,"ks":{"a":0,"k":{"i":[[0.414,0],[0,0.414],[0,0],[-0.414,0],[0,-0.414],[0,0]],"o":[[-0.414,0],[0,0],[0,-0.414],[0.414,0],[0,0],[0,0.414]],"v":[[0,2.75],[-0.75,2],[-0.75,-2],[0,-2.75],[0.75,-2],[0.75,2]],"c":true},"ix":2},"nm":"Path 1","mn":"ADBE Vector Shape - Group","hd":false},{"ty":"fl","c":{"a":0,"k":[0.128999993205,0.211999997497,0.372999995947,1],"ix":4,"x":"var $bm_rt;\ntry {\n    $bm_rt = thisComp.layer('Controller')('Effects')('Color')('ADBE Color Control-0001');\n} catch (e) {\n    $bm_rt = value;\n}"},"o":{"a":0,"k":100,"ix":5},"r":1,"bm":0,"nm":"Fill 1","mn":"ADBE Vector Graphic - Fill","hd":false},{"ty":"tr","p":{"a":0,"k":[63.5,68.998],"ix":2},"a":{"a":0,"k":[0,0],"ix":1},"s":{"a":0,"k":[100,100],"ix":3},"r":{"a":0,"k":0,"ix":6},"o":{"a":0,"k":100,"ix":7},"sk":{"a":0,"k":0,"ix":4},"sa":{"a":0,"k":0,"ix":5},"nm":"Transform"}],"nm":"Group 11","np":2,"cix":2,"bm":0,"ix":1,"mn":"ADBE Vector Group","hd":false},{"ty":"tr","p":{"a":0,"k":[365.877,386.698],"ix":2},"a":{"a":0,"k":[63.5,68.998],"ix":1},"s":{"a":0,"k":[450,450],"ix":3},"r":{"a":0,"k":0,"ix":6},"o":{"a":0,"k":100,"ix":7},"sk":{"a":0,"k":0,"ix":4},"sa":{"a":0,"k":0,"ix":5},"nm":"Transform"}],"nm":"Layer 6 Outlines - Group 111","np":1,"cix":2,"bm":0,"ix":1,"mn":"ADBE Vector Group","hd":false},{"ty":"gr","it":[{"ty":"gr","it":[{"ind":0,"ty":"sh","ix":1,"ks":{"a":0,"k":{"i":[[0.414,0],[0,0],[0,0.414],[-0.414,0],[0,0],[0,-0.414]],"o":[[0,0],[-0.414,0],[0,-0.414],[0,0],[0.414,0],[0,0.414]],"v":[[2,0.75],[-2,0.75],[-2.75,0],[-2,-0.75],[2,-0.75],[2.75,0]],"c":true},"ix":2},"nm":"Path 1","mn":"ADBE Vector Shape - Group","hd":false},{"ty":"fl","c":{"a":0,"k":[0.128999993205,0.211999997497,0.372999995947,1],"ix":4,"x":"var $bm_rt;\ntry {\n    $bm_rt = thisComp.layer('Controller')('Effects')('Color')('ADBE Color Control-0001');\n} catch (e) {\n    $bm_rt = value;\n}"},"o":{"a":0,"k":100,"ix":5},"r":1,"bm":0,"nm":"Fill 1","mn":"ADBE Vector Graphic - Fill","hd":false},{"ty":"tr","p":{"a":0,"k":[63.5,68.998],"ix":2},"a":{"a":0,"k":[0,0],"ix":1},"s":{"a":0,"k":[100,100],"ix":3},"r":{"a":0,"k":0,"ix":6},"o":{"a":0,"k":100,"ix":7},"sk":{"a":0,"k":0,"ix":4},"sa":{"a":0,"k":0,"ix":5},"nm":"Transform"}],"nm":"Group 12","np":2,"cix":2,"bm":0,"ix":1,"mn":"ADBE Vector Group","hd":false},{"ty":"tr","p":{"a":0,"k":[365.877,386.698],"ix":2},"a":{"a":0,"k":[63.5,68.998],"ix":1},"s":{"a":0,"k":[450,450],"ix":3},"r":{"a":0,"k":0,"ix":6},"o":{"a":0,"k":100,"ix":7},"sk":{"a":0,"k":0,"ix":4},"sa":{"a":0,"k":0,"ix":5},"nm":"Transform"}],"nm":"Layer 6 Outlines - Group 112","np":1,"cix":2,"bm":0,"ix":2,"mn":"ADBE Vector Group","hd":false},{"ty":"tr","p":{"a":0,"k":[365.877,386.698],"ix":2},"a":{"a":0,"k":[365.877,386.698],"ix":1},"s":{"a":1,"k":[{"i":{"x":[0.61,0.61],"y":[1,1]},"o":{"x":[0.39,0.39],"y":[0,0]},"t":0,"s":[0,0]},{"i":{"x":[0.61,0.61],"y":[1,1]},"o":{"x":[0.39,0.39],"y":[0,0]},"t":10,"s":[100,100]},{"i":{"x":[0.61,0.61],"y":[1,1]},"o":{"x":[0.39,0.39],"y":[0,0]},"t":20,"s":[0,0]},{"i":{"x":[0.61,0.61],"y":[1,1]},"o":{"x":[0.39,0.39],"y":[0,0]},"t":75,"s":[0,0]},{"i":{"x":[0.61,0.61],"y":[1,1]},"o":{"x":[0.39,0.39],"y":[0,0]},"t":85,"s":[100,100]},{"t":95,"s":[0,0]}],"ix":3},"r":{"a":0,"k":0,"ix":6},"o":{"a":0,"k":100,"ix":7},"sk":{"a":0,"k":0,"ix":4},"sa":{"a":0,"k":0,"ix":5},"nm":"Transform"}],"nm":"Layer 6 Outlines - Group 11 :M","np":2,"cix":2,"bm":0,"ix":10,"mn":"ADBE Vector Group","hd":false}],"ip":0,"op":150,"st":0,"ct":1,"bm":0},{"ddd":0,"ind":12,"ty":4,"nm":"Layer 6 Outlines - Group 42","parent":2,"sr":1,"ks":{"o":{"a":0,"k":100,"ix":11},"r":{"a":0,"k":0,"ix":10},"p":{"a":0,"k":[134.598,133.361,0],"ix":2,"l":2},"a":{"a":0,"k":[55.249,56.991,0],"ix":1,"l":2},"s":{"a":0,"k":[450,450,100],"ix":6,"l":2}},"ao":0,"shapes":[{"ty":"gr","it":[{"ind":0,"ty":"sh","ix":1,"ks":{"a":0,"k":{"i":[[0,-11.046],[11.046,0],[0,11.045],[-11.046,0]],"o":[[0,11.045],[-11.046,0],[0,-11.046],[11.046,0]],"v":[[20,0],[0,20],[-20,0],[0,-20]],"c":true},"ix":2},"nm":"Path 1","mn":"ADBE Vector Shape - Group","hd":false},{"ty":"fl","c":{"a":0,"k":[0.910000011968,0.922000002394,0.925,1],"ix":4,"x":"var $bm_rt;\ntry {\n    $bm_rt = thisComp.layer('Controller').effect('Color 5')('ADBE Color Control-0001');\n} catch (e) {\n    $bm_rt = value;\n}"},"o":{"a":0,"k":100,"ix":5},"r":1,"bm":0,"nm":"Fill 1","mn":"ADBE Vector Graphic - Fill","hd":false},{"ty":"tr","p":{"a":0,"k":[55.249,56.991],"ix":2},"a":{"a":0,"k":[0,0],"ix":1},"s":{"a":0,"k":[100,100],"ix":3},"r":{"a":0,"k":0,"ix":6},"o":{"a":0,"k":100,"ix":7},"sk":{"a":0,"k":0,"ix":4},"sa":{"a":0,"k":0,"ix":5},"nm":"Transform"}],"nm":"Group 42","np":2,"cix":2,"bm":0,"ix":1,"mn":"ADBE Vector Group","hd":false}],"ip":0,"op":150,"st":0,"ct":1,"bm":0},{"ddd":0,"ind":13,"ty":4,"nm":"Layer 6 Outlines - Group 43","parent":2,"sr":1,"ks":{"o":{"a":0,"k":100,"ix":11},"r":{"a":0,"k":0,"ix":10},"p":{"a":0,"k":[34.473,-67.974,0],"ix":2,"l":2},"a":{"a":0,"k":[32.999,12.25,0],"ix":1,"l":2},"s":{"a":0,"k":[450,450,100],"ix":6,"l":2}},"ao":0,"shapes":[{"ty":"gr","it":[{"ind":0,"ty":"sh","ix":1,"ks":{"a":0,"k":{"i":[[0,-6.627],[6.627,0],[0,6.628],[-6.628,0]],"o":[[0,6.628],[-6.628,0],[0,-6.627],[6.627,0]],"v":[[12,0],[0,12],[-12,0],[0,-12]],"c":true},"ix":2},"nm":"Path 1","mn":"ADBE Vector Shape - Group","hd":false},{"ty":"fl","c":{"a":0,"k":[0.910000011968,0.922000002394,0.925,1],"ix":4,"x":"var $bm_rt;\ntry {\n    $bm_rt = thisComp.layer('Controller')('Effects')('Color 5')('ADBE Color Control-0001');\n} catch (e) {\n    $bm_rt = value;\n}"},"o":{"a":0,"k":100,"ix":5},"r":1,"bm":0,"nm":"Fill 1","mn":"ADBE Vector Graphic - Fill","hd":false},{"ty":"tr","p":{"a":0,"k":[32.999,12.25],"ix":2},"a":{"a":0,"k":[0,0],"ix":1},"s":{"a":0,"k":[100,100],"ix":3},"r":{"a":0,"k":0,"ix":6},"o":{"a":0,"k":100,"ix":7},"sk":{"a":0,"k":0,"ix":4},"sa":{"a":0,"k":0,"ix":5},"nm":"Transform"}],"nm":"Group 43","np":2,"cix":2,"bm":0,"ix":1,"mn":"ADBE Vector Group","hd":false}],"ip":0,"op":150,"st":0,"ct":1,"bm":0},{"ddd":0,"ind":14,"ty":4,"nm":"Layer 6 Outlines - Group 44","parent":2,"sr":1,"ks":{"o":{"a":0,"k":100,"ix":11},"r":{"a":0,"k":0,"ix":10},"p":{"a":0,"k":[-49.898,39.999,0],"ix":2,"l":2},"a":{"a":0,"k":[14.25,36.244,0],"ix":1,"l":2},"s":{"a":0,"k":[450,450,100],"ix":6,"l":2}},"ao":0,"shapes":[{"ty":"gr","it":[{"ind":0,"ty":"sh","ix":1,"ks":{"a":0,"k":{"i":[[0,-7.731],[7.732,0],[0,7.732],[-7.732,0]],"o":[[0,7.732],[-7.732,0],[0,-7.731],[7.732,0]],"v":[[14,0],[0,14],[-14,0],[0,-14]],"c":true},"ix":2},"nm":"Path 1","mn":"ADBE Vector Shape - Group","hd":false},{"ty":"fl","c":{"a":0,"k":[0.910000011968,0.922000002394,0.925,1],"ix":4,"x":"var $bm_rt;\ntry {\n    $bm_rt = thisComp.layer('Controller')('Effects')('Color 5')('ADBE Color Control-0001');\n} catch (e) {\n    $bm_rt = value;\n}"},"o":{"a":0,"k":100,"ix":5},"r":1,"bm":0,"nm":"Fill 1","mn":"ADBE Vector Graphic - Fill","hd":false},{"ty":"tr","p":{"a":0,"k":[14.25,36.244],"ix":2},"a":{"a":0,"k":[0,0],"ix":1},"s":{"a":0,"k":[100,100],"ix":3},"r":{"a":0,"k":0,"ix":6},"o":{"a":0,"k":100,"ix":7},"sk":{"a":0,"k":0,"ix":4},"sa":{"a":0,"k":0,"ix":5},"nm":"Transform"}],"nm":"Group 44","np":2,"cix":2,"bm":0,"ix":1,"mn":"ADBE Vector Group","hd":false}],"ip":0,"op":150,"st":0,"ct":1,"bm":0}],"markers":[]}