{"v":"5.9.6","fr":30,"ip":0,"op":150,"w":3840,"h":2160,"nm":"DETERMINING GOAL","ddd":0,"assets":[],"layers":[{"ddd":0,"ind":1,"ty":3,"nm":"Null 24","sr":1,"ks":{"o":{"a":0,"k":0,"ix":11},"r":{"a":0,"k":0,"ix":10},"p":{"a":0,"k":[1912.414,1171.568,0],"ix":2,"l":2},"a":{"a":0,"k":[50,50,0],"ix":1,"l":2},"s":{"a":0,"k":[100,100,100],"ix":6,"l":2}},"ao":0,"ip":0,"op":150,"st":0,"bm":0},{"ddd":0,"ind":2,"ty":3,"nm":"Null 12","parent":1,"sr":1,"ks":{"o":{"a":0,"k":0,"ix":11},"r":{"a":0,"k":0,"ix":10},"p":{"a":0,"k":[50,50,0],"ix":2,"l":2},"a":{"a":0,"k":[50,50,0],"ix":1,"l":2},"s":{"a":0,"k":[430,430,100],"ix":6,"l":2}},"ao":0,"ip":0,"op":150,"st":0,"bm":0},{"ddd":0,"ind":4,"ty":4,"nm":"Layer 7 Outlines - Group 13 :M","parent":2,"sr":1,"ks":{"o":{"a":0,"k":100,"ix":11},"r":{"a":1,"k":[{"i":{"x":[0.55],"y":[1]},"o":{"x":[0.45],"y":[0]},"t":30,"s":[0]},{"i":{"x":[0.55],"y":[1]},"o":{"x":[0.45],"y":[0]},"t":35,"s":[6]},{"i":{"x":[0.55],"y":[1]},"o":{"x":[0.45],"y":[0]},"t":40,"s":[-6]},{"i":{"x":[0.55],"y":[1]},"o":{"x":[0.45],"y":[0]},"t":45,"s":[6]},{"t":50,"s":[0]}],"ix":10},"p":{"a":1,"k":[{"i":{"x":0.55,"y":1},"o":{"x":0.45,"y":0},"t":0,"s":[-61.714,120.132,0],"to":[0,1.667,0],"ti":[0,0,0]},{"i":{"x":0.55,"y":1},"o":{"x":0.45,"y":0},"t":15,"s":[-61.714,130.132,0],"to":[0,0,0],"ti":[0,7.333,0]},{"i":{"x":0.55,"y":0.55},"o":{"x":0.45,"y":0.45},"t":30,"s":[-61.714,86.132,0],"to":[0,0,0],"ti":[0,0,0]},{"i":{"x":0.55,"y":1},"o":{"x":0.45,"y":0},"t":45,"s":[-61.714,86.132,0],"to":[0,-1.667,0],"ti":[0,0,0]},{"i":{"x":0.55,"y":1},"o":{"x":0.45,"y":0},"t":60,"s":[-61.714,76.132,0],"to":[0,0,0],"ti":[0,0,0]},{"i":{"x":0.55,"y":1},"o":{"x":0.45,"y":0},"t":75,"s":[-61.714,130.132,0],"to":[0,0,0],"ti":[0,1.667,0]},{"t":90,"s":[-61.714,120.132,0]}],"ix":2,"l":2},"a":{"a":0,"k":[130.704,351.651,0],"ix":1,"l":2},"s":{"a":1,"k":[{"i":{"x":[0.55,0.55,0.55],"y":[1,1,1]},"o":{"x":[0.45,0.45,0.45],"y":[0,0,0]},"t":7,"s":[100,100,100]},{"i":{"x":[0.55,0.55,0.55],"y":[1,1,1]},"o":{"x":[0.45,0.45,0.45],"y":[0,0,0]},"t":22,"s":[85.5,85.5,100]},{"i":{"x":[0.55,0.55,0.55],"y":[1,1,1]},"o":{"x":[0.45,0.45,0.45],"y":[0,0,0]},"t":37,"s":[108,108,100]},{"i":{"x":[0.55,0.55,0.55],"y":[1,1,1]},"o":{"x":[0.45,0.45,0.45],"y":[0,0,0]},"t":52,"s":[99.9,99.9,100]},{"i":{"x":[0.55,0.55,0.55],"y":[1,1,1]},"o":{"x":[0.45,0.45,0.45],"y":[0,0,0]},"t":67,"s":[108,108,100]},{"i":{"x":[0.55,0.55,0.55],"y":[1,1,1]},"o":{"x":[0.45,0.45,0.45],"y":[0,0,0]},"t":82,"s":[85.5,85.5,100]},{"t":97,"s":[100,100,100]}],"ix":6,"l":2}},"ao":0,"shapes":[{"ty":"gr","it":[{"ty":"gr","it":[{"ind":0,"ty":"sh","ix":1,"ks":{"a":0,"k":{"i":[[0.196,-2.47],[0,0],[0.11,0.942],[0,0]],"o":[[0,0],[-0.196,-2.47],[0,0],[-0.111,0.942]],"v":[[-3.763,2.655],[3.762,2.655],[3.247,-2.655],[-3.247,-2.655]],"c":true},"ix":2},"nm":"Path 1","mn":"ADBE Vector Shape - Group","hd":false},{"ind":1,"ty":"sh","ix":2,"ks":{"a":0,"k":{"i":[[0.209,0],[0,0],[0.141,0.153],[-0.015,0.208],[-0.003,0.028],[-0.377,0],[0,0],[-0.049,-0.373],[-0.303,-4.049],[0.141,-0.153]],"o":[[0,0],[-0.209,0],[-0.142,-0.153],[0.303,-4.049],[0.049,-0.373],[0,0],[0.377,0],[0.003,0.028],[0.016,0.208],[-0.142,0.153]],"v":[[4.573,4.155],[-4.574,4.155],[-5.123,3.915],[-5.322,3.349],[-4.656,-3.502],[-3.911,-4.155],[3.911,-4.155],[4.655,-3.502],[5.321,3.349],[5.123,3.915]],"c":true},"ix":2},"nm":"Path 2","mn":"ADBE Vector Shape - Group","hd":false},{"ty":"mm","mm":1,"nm":"Merge Paths 1","mn":"ADBE Vector Filter - Merge","hd":false},{"ty":"fl","c":{"a":0,"k":[0.128999993205,0.211999997497,0.372999995947,1],"ix":4,"x":"var $bm_rt;\ntry {\n    $bm_rt = thisComp.layer('Controller').effect('Color')('ADBE Color Control-0001');\n} catch (e) {\n    $bm_rt = value;\n}"},"o":{"a":0,"k":100,"ix":5},"r":1,"bm":0,"nm":"Fill 1","mn":"ADBE Vector Graphic - Fill","hd":false},{"ty":"tr","p":{"a":0,"k":[14.204,31.549],"ix":2},"a":{"a":0,"k":[0,0],"ix":1},"s":{"a":0,"k":[100,100],"ix":3},"r":{"a":0,"k":0,"ix":6},"o":{"a":0,"k":100,"ix":7},"sk":{"a":0,"k":0,"ix":4},"sa":{"a":0,"k":0,"ix":5},"nm":"Transform"}],"nm":"Group 13","np":4,"cix":2,"bm":0,"ix":1,"mn":"ADBE Vector Group","hd":false},{"ty":"tr","p":{"a":0,"k":[130.543,219.764],"ix":2},"a":{"a":0,"k":[14.204,31.549],"ix":1},"s":{"a":0,"k":[450,450],"ix":3},"r":{"a":0,"k":0,"ix":6},"o":{"a":0,"k":100,"ix":7},"sk":{"a":0,"k":0,"ix":4},"sa":{"a":0,"k":0,"ix":5},"nm":"Transform"}],"nm":"Layer 7 Outlines - Group 113","np":1,"cix":2,"bm":0,"ix":1,"mn":"ADBE Vector Group","hd":false},{"ty":"gr","it":[{"ty":"gr","it":[{"ind":0,"ty":"sh","ix":1,"ks":{"a":0,"k":{"i":[[0,0],[0,0],[0.304,-4.077],[0,0]],"o":[[0,0],[0,0],[0,0],[0,-3.195]],"v":[[2.842,-3.405],[-2.649,-3.405],[-3.309,3.405],[3.309,3.405]],"c":true},"ix":2},"nm":"Path 1","mn":"ADBE Vector Shape - Group","hd":false},{"ty":"fl","c":{"a":0,"k":[1,1,1,1],"ix":4,"x":"var $bm_rt;\ntry {\n    $bm_rt = thisComp.layer('Controller').effect('Color 2')('ADBE Color Control-0001');\n} catch (e) {\n    $bm_rt = value;\n}"},"o":{"a":0,"k":100,"ix":5},"r":1,"bm":0,"nm":"Fill 1","mn":"ADBE Vector Graphic - Fill","hd":false},{"ty":"tr","p":{"a":0,"k":[12.941,31.55],"ix":2},"a":{"a":0,"k":[0,0],"ix":1},"s":{"a":0,"k":[100,100],"ix":3},"r":{"a":0,"k":0,"ix":6},"o":{"a":0,"k":100,"ix":7},"sk":{"a":0,"k":0,"ix":4},"sa":{"a":0,"k":0,"ix":5},"nm":"Transform"}],"nm":"Group 14","np":2,"cix":2,"bm":0,"ix":1,"mn":"ADBE Vector Group","hd":false},{"ty":"tr","p":{"a":0,"k":[124.859,219.767],"ix":2},"a":{"a":0,"k":[12.941,31.55],"ix":1},"s":{"a":0,"k":[450,450],"ix":3},"r":{"a":0,"k":0,"ix":6},"o":{"a":0,"k":100,"ix":7},"sk":{"a":0,"k":0,"ix":4},"sa":{"a":0,"k":0,"ix":5},"nm":"Transform"}],"nm":"Layer 7 Outlines - Group 114","np":1,"cix":2,"bm":0,"ix":2,"mn":"ADBE Vector Group","hd":false},{"ty":"gr","it":[{"ty":"gr","it":[{"ind":0,"ty":"sh","ix":1,"ks":{"a":0,"k":{"i":[[0,0],[0,0],[0.304,-4.077],[0,0]],"o":[[0,0],[0,0],[0,0],[-0.306,-4.077]],"v":[[3.911,-3.405],[-3.912,-3.405],[-4.573,3.405],[4.573,3.405]],"c":true},"ix":2},"nm":"Path 1","mn":"ADBE Vector Shape - Group","hd":false},{"ty":"fl","c":{"a":0,"k":[0.740999996662,0.764999985695,0.847000002861,1],"ix":4,"x":"var $bm_rt;\ntry {\n    $bm_rt = thisComp.layer('Controller').effect('Color 3')('ADBE Color Control-0001');\n} catch (e) {\n    $bm_rt = value;\n}"},"o":{"a":0,"k":100,"ix":5},"r":1,"bm":0,"nm":"Fill 1","mn":"ADBE Vector Graphic - Fill","hd":false},{"ty":"tr","p":{"a":0,"k":[14.204,31.55],"ix":2},"a":{"a":0,"k":[0,0],"ix":1},"s":{"a":0,"k":[100,100],"ix":3},"r":{"a":0,"k":0,"ix":6},"o":{"a":0,"k":100,"ix":7},"sk":{"a":0,"k":0,"ix":4},"sa":{"a":0,"k":0,"ix":5},"nm":"Transform"}],"nm":"Group 15","np":2,"cix":2,"bm":0,"ix":1,"mn":"ADBE Vector Group","hd":false},{"ty":"tr","p":{"a":0,"k":[130.545,219.767],"ix":2},"a":{"a":0,"k":[14.204,31.55],"ix":1},"s":{"a":0,"k":[450,450],"ix":3},"r":{"a":0,"k":0,"ix":6},"o":{"a":0,"k":100,"ix":7},"sk":{"a":0,"k":0,"ix":4},"sa":{"a":0,"k":0,"ix":5},"nm":"Transform"}],"nm":"Layer 7 Outlines - Group 115","np":1,"cix":2,"bm":0,"ix":3,"mn":"ADBE Vector Group","hd":false},{"ty":"gr","it":[{"ty":"gr","it":[{"ind":0,"ty":"sh","ix":1,"ks":{"a":0,"k":{"i":[[0,0],[-4.842,-6.394],[0.684,9.673]],"o":[[-0.684,9.673],[4.842,-6.394],[0,0]],"v":[[-3.876,-16.271],[0,15.851],[3.876,-16.271]],"c":true},"ix":2},"nm":"Path 1","mn":"ADBE Vector Shape - Group","hd":false},{"ind":1,"ty":"sh","ix":2,"ks":{"a":0,"k":{"i":[[0.21,0],[0.143,0.154],[-0.762,10.164],[-0.393,0],[0,0],[-0.029,-0.391],[5.924,-6.429]],"o":[[-0.21,0],[-5.924,-6.429],[0.029,-0.391],[0,0],[0.393,0],[0.762,10.164],[-0.143,0.154]],"v":[[0,17.771],[-0.552,17.529],[-5.321,-17.077],[-4.573,-17.771],[4.573,-17.771],[5.321,-17.077],[0.552,17.529]],"c":true},"ix":2},"nm":"Path 2","mn":"ADBE Vector Shape - Group","hd":false},{"ty":"mm","mm":1,"nm":"Merge Paths 1","mn":"ADBE Vector Filter - Merge","hd":false},{"ty":"fl","c":{"a":0,"k":[0.128999993205,0.211999997497,0.372999995947,1],"ix":4,"x":"var $bm_rt;\ntry {\n    $bm_rt = thisComp.layer('Controller')('Effects')('Color')('ADBE Color Control-0001');\n} catch (e) {\n    $bm_rt = value;\n}"},"o":{"a":0,"k":100,"ix":5},"r":1,"bm":0,"nm":"Fill 1","mn":"ADBE Vector Graphic - Fill","hd":false},{"ty":"tr","p":{"a":0,"k":[14.204,51.975],"ix":2},"a":{"a":0,"k":[0,0],"ix":1},"s":{"a":0,"k":[100,100],"ix":3},"r":{"a":0,"k":0,"ix":6},"o":{"a":0,"k":100,"ix":7},"sk":{"a":0,"k":0,"ix":4},"sa":{"a":0,"k":0,"ix":5},"nm":"Transform"}],"nm":"Group 16","np":4,"cix":2,"bm":0,"ix":1,"mn":"ADBE Vector Group","hd":false},{"ty":"tr","p":{"a":0,"k":[130.544,311.681],"ix":2},"a":{"a":0,"k":[14.204,51.975],"ix":1},"s":{"a":0,"k":[450,450],"ix":3},"r":{"a":0,"k":0,"ix":6},"o":{"a":0,"k":100,"ix":7},"sk":{"a":0,"k":0,"ix":4},"sa":{"a":0,"k":0,"ix":5},"nm":"Transform"}],"nm":"Layer 7 Outlines - Group 116","np":1,"cix":2,"bm":0,"ix":4,"mn":"ADBE Vector Group","hd":false},{"ty":"gr","it":[{"ty":"gr","it":[{"ind":0,"ty":"sh","ix":1,"ks":{"a":0,"k":{"i":[[0.741,9.907],[0,0],[2.283,-9.334]],"o":[[0,0],[0.972,6.062],[5.75,-6.24]],"v":[[1.698,-17.021],[-1.151,-17.021],[-2.875,17.021]],"c":true},"ix":2},"nm":"Path 1","mn":"ADBE Vector Shape - Group","hd":false},{"ty":"fl","c":{"a":0,"k":[0.740999996662,0.764999985695,0.847000002861,1],"ix":4,"x":"var $bm_rt;\ntry {\n    $bm_rt = thisComp.layer('Controller')('Effects')('Color 3')('ADBE Color Control-0001');\n} catch (e) {\n    $bm_rt = value;\n}"},"o":{"a":0,"k":100,"ix":5},"r":1,"bm":0,"nm":"Fill 1","mn":"ADBE Vector Graphic - Fill","hd":false},{"ty":"tr","p":{"a":0,"k":[17.079,51.975],"ix":2},"a":{"a":0,"k":[0,0],"ix":1},"s":{"a":0,"k":[100,100],"ix":3},"r":{"a":0,"k":0,"ix":6},"o":{"a":0,"k":100,"ix":7},"sk":{"a":0,"k":0,"ix":4},"sa":{"a":0,"k":0,"ix":5},"nm":"Transform"}],"nm":"Group 17","np":2,"cix":2,"bm":0,"ix":1,"mn":"ADBE Vector Group","hd":false},{"ty":"tr","p":{"a":0,"k":[141.793,311.681],"ix":2},"a":{"a":0,"k":[16.704,51.975],"ix":1},"s":{"a":0,"k":[450,450],"ix":3},"r":{"a":0,"k":0,"ix":6},"o":{"a":0,"k":100,"ix":7},"sk":{"a":0,"k":0,"ix":4},"sa":{"a":0,"k":0,"ix":5},"nm":"Transform"}],"nm":"Layer 7 Outlines - Group 117","np":1,"cix":2,"bm":0,"ix":5,"mn":"ADBE Vector Group","hd":false},{"ty":"gr","it":[{"ty":"gr","it":[{"ind":0,"ty":"sh","ix":1,"ks":{"a":0,"k":{"i":[[0.741,9.907],[0,0],[-5.75,-6.24]],"o":[[0,0],[-0.743,9.907],[5.75,-6.24]],"v":[[4.573,-17.021],[-4.573,-17.021],[0,17.021]],"c":true},"ix":2},"nm":"Path 1","mn":"ADBE Vector Shape - Group","hd":false},{"ty":"fl","c":{"a":0,"k":[1,1,1,1],"ix":4,"x":"var $bm_rt;\ntry {\n    $bm_rt = thisComp.layer('Controller')('Effects')('Color 2')('ADBE Color Control-0001');\n} catch (e) {\n    $bm_rt = value;\n}"},"o":{"a":0,"k":100,"ix":5},"r":1,"bm":0,"nm":"Fill 1","mn":"ADBE Vector Graphic - Fill","hd":false},{"ty":"tr","p":{"a":0,"k":[14.204,51.975],"ix":2},"a":{"a":0,"k":[0,0],"ix":1},"s":{"a":0,"k":[100,100],"ix":3},"r":{"a":0,"k":0,"ix":6},"o":{"a":0,"k":100,"ix":7},"sk":{"a":0,"k":0,"ix":4},"sa":{"a":0,"k":0,"ix":5},"nm":"Transform"}],"nm":"Group 18","np":2,"cix":2,"bm":0,"ix":1,"mn":"ADBE Vector Group","hd":false},{"ty":"tr","p":{"a":0,"k":[130.543,311.681],"ix":2},"a":{"a":0,"k":[14.204,51.975],"ix":1},"s":{"a":0,"k":[450,450],"ix":3},"r":{"a":0,"k":0,"ix":6},"o":{"a":0,"k":100,"ix":7},"sk":{"a":0,"k":0,"ix":4},"sa":{"a":0,"k":0,"ix":5},"nm":"Transform"}],"nm":"Layer 7 Outlines - Group 118","np":1,"cix":2,"bm":0,"ix":6,"mn":"ADBE Vector Group","hd":false},{"ty":"gr","it":[{"ty":"gr","it":[{"ind":0,"ty":"sh","ix":1,"ks":{"a":0,"k":{"i":[[0.925,1.268],[-0.597,-3.383],[0,0],[-0.532,0.002],[1.901,3.862]],"o":[[-1.588,9.678],[0,0],[0.742,-0.005],[4.661,-3.986],[-1.175,-2.389]],"v":[[-2.561,-9.753],[-2.67,10.855],[-1.332,10.849],[0.628,10.838],[0.933,-4.028]],"c":true},"ix":2},"nm":"Path 1","mn":"ADBE Vector Shape - Group","hd":false},{"ind":1,"ty":"sh","ix":2,"ks":{"a":0,"k":{"i":[[0,0],[0.069,0.352],[-2.155,11.38],[-0.281,0.072],[-0.186,-0.222],[-2.027,-4.119],[4.194,-3.367],[0.171,0],[0.87,-0.006],[0,0]],"o":[[-0.36,0],[-0.631,-3.261],[0.055,-0.285],[0.284,-0.073],[0.108,0.13],[3.616,7.349],[-0.134,0.106],[-0.557,0],[0,0],[0,0]],"v":[[-3.293,12.359],[-4.03,11.753],[-3.74,-11.701],[-3.191,-12.286],[-2.426,-12.041],[2.279,-4.69],[1.369,12.173],[0.899,12.338],[-1.322,12.349],[-3.29,12.359]],"c":true},"ix":2},"nm":"Path 2","mn":"ADBE Vector Shape - Group","hd":false},{"ty":"mm","mm":1,"nm":"Merge Paths 1","mn":"ADBE Vector Filter - Merge","hd":false},{"ty":"fl","c":{"a":0,"k":[0.128999993205,0.211999997497,0.372999995947,1],"ix":4,"x":"var $bm_rt;\ntry {\n    $bm_rt = thisComp.layer('Controller')('Effects')('Color')('ADBE Color Control-0001');\n} catch (e) {\n    $bm_rt = value;\n}"},"o":{"a":0,"k":100,"ix":5},"r":1,"bm":0,"nm":"Fill 1","mn":"ADBE Vector Graphic - Fill","hd":false},{"ty":"tr","p":{"a":0,"k":[17.207,16.557],"ix":2},"a":{"a":0,"k":[0,0],"ix":1},"s":{"a":0,"k":[100,100],"ix":3},"r":{"a":0,"k":0,"ix":6},"o":{"a":0,"k":100,"ix":7},"sk":{"a":0,"k":0,"ix":4},"sa":{"a":0,"k":0,"ix":5},"nm":"Transform"}],"nm":"Group 19","np":4,"cix":2,"bm":0,"ix":1,"mn":"ADBE Vector Group","hd":false},{"ty":"tr","p":{"a":0,"k":[143.639,152.411],"ix":2},"a":{"a":0,"k":[17.114,16.582],"ix":1},"s":{"a":0,"k":[450,450],"ix":3},"r":{"a":0,"k":0,"ix":6},"o":{"a":0,"k":100,"ix":7},"sk":{"a":0,"k":0,"ix":4},"sa":{"a":0,"k":0,"ix":5},"nm":"Transform"}],"nm":"Layer 7 Outlines - Group 119","np":1,"cix":2,"bm":0,"ix":7,"mn":"ADBE Vector Group","hd":false},{"ty":"gr","it":[{"ty":"gr","it":[{"ind":0,"ty":"sh","ix":1,"ks":{"a":0,"k":{"i":[[2.433,4.946],[0,0],[4.033,-9.363],[0,0]],"o":[[-2.01,-4.085],[0,0],[0,0],[4.957,-3.979]],"v":[[0.18,-4.373],[-4.43,-11.574],[-2.862,11.574],[-0.528,11.574]],"c":true},"ix":2},"nm":"Path 1","mn":"ADBE Vector Shape - Group","hd":false},{"ty":"fl","c":{"a":0,"k":[0.740999996662,0.764999985695,0.847000002861,1],"ix":4,"x":"var $bm_rt;\ntry {\n    $bm_rt = thisComp.layer('Controller')('Effects')('Color 3')('ADBE Color Control-0001');\n} catch (e) {\n    $bm_rt = value;\n}"},"o":{"a":0,"k":100,"ix":5},"r":1,"bm":0,"nm":"Fill 1","mn":"ADBE Vector Graphic - Fill","hd":false},{"ty":"tr","p":{"a":0,"k":[18.634,16.57],"ix":2},"a":{"a":0,"k":[0,0],"ix":1},"s":{"a":0,"k":[100,100],"ix":3},"r":{"a":0,"k":0,"ix":6},"o":{"a":0,"k":100,"ix":7},"sk":{"a":0,"k":0,"ix":4},"sa":{"a":0,"k":0,"ix":5},"nm":"Transform"}],"nm":"Group 20","np":2,"cix":2,"bm":0,"ix":1,"mn":"ADBE Vector Group","hd":false},{"ty":"tr","p":{"a":0,"k":[146.39,152.36],"ix":2},"a":{"a":0,"k":[17.726,16.57],"ix":1},"s":{"a":0,"k":[450,450],"ix":3},"r":{"a":0,"k":0,"ix":6},"o":{"a":0,"k":100,"ix":7},"sk":{"a":0,"k":0,"ix":4},"sa":{"a":0,"k":0,"ix":5},"nm":"Transform"}],"nm":"Layer 7 Outlines - Group 220","np":1,"cix":2,"bm":0,"ix":8,"mn":"ADBE Vector Group","hd":false},{"ty":"gr","it":[{"ty":"gr","it":[{"ind":0,"ty":"sh","ix":1,"ks":{"a":0,"k":{"i":[[2.433,4.946],[0,0],[-0.618,-3.191],[-0.966,0]],"o":[[-2.01,-4.085],[-2.136,11.28],[1.552,-0.007],[4.958,-3.979]],"v":[[1.247,-4.385],[-3.362,-11.585],[-3.652,11.585],[0.54,11.562]],"c":true},"ix":2},"nm":"Path 1","mn":"ADBE Vector Shape - Group","hd":false},{"ty":"fl","c":{"a":0,"k":[1,1,1,1],"ix":4,"x":"var $bm_rt;\ntry {\n    $bm_rt = thisComp.layer('Controller')('Effects')('Color 2')('ADBE Color Control-0001');\n} catch (e) {\n    $bm_rt = value;\n}"},"o":{"a":0,"k":100,"ix":5},"r":1,"bm":0,"nm":"Fill 1","mn":"ADBE Vector Graphic - Fill","hd":false},{"ty":"tr","p":{"a":0,"k":[17.566,16.582],"ix":2},"a":{"a":0,"k":[0,0],"ix":1},"s":{"a":0,"k":[100,100],"ix":3},"r":{"a":0,"k":0,"ix":6},"o":{"a":0,"k":100,"ix":7},"sk":{"a":0,"k":0,"ix":4},"sa":{"a":0,"k":0,"ix":5},"nm":"Transform"}],"nm":"Group 21","np":2,"cix":2,"bm":0,"ix":1,"mn":"ADBE Vector Group","hd":false},{"ty":"tr","p":{"a":0,"k":[143.678,152.412],"ix":2},"a":{"a":0,"k":[17.123,16.582],"ix":1},"s":{"a":0,"k":[450,450],"ix":3},"r":{"a":0,"k":0,"ix":6},"o":{"a":0,"k":100,"ix":7},"sk":{"a":0,"k":0,"ix":4},"sa":{"a":0,"k":0,"ix":5},"nm":"Transform"}],"nm":"Layer 7 Outlines - Group 221","np":1,"cix":2,"bm":0,"ix":9,"mn":"ADBE Vector Group","hd":false},{"ty":"gr","it":[{"ty":"gr","it":[{"ind":0,"ty":"sh","ix":1,"ks":{"a":0,"k":{"i":[[-3.145,-2.703],[-1.128,0.001],[-1.29,8.994],[0.804,-3.737]],"o":[[0.505,0.014],[-0.58,-3.416],[-1.599,2.358],[-0.526,2.45]],"v":[[0.153,10.856],[2.586,10.874],[2.521,-8.585],[-2.07,1.24]],"c":true},"ix":2},"nm":"Path 1","mn":"ADBE Vector Shape - Group","hd":false},{"ind":1,"ty":"sh","ix":2,"ks":{"a":0,"k":{"i":[[0.407,0],[0.435,0.019],[0.124,0.101],[-0.61,2.836],[-0.217,0.261],[-0.308,-0.146],[0.064,-0.336],[-0.614,-3.176],[0.142,-0.172],[0.223,-0.001]],"o":[[-1.102,0],[-0.16,-0.006],[-3.978,-3.188],[1.398,-6.502],[0.219,-0.262],[0.309,0.146],[-2.107,11.125],[0.042,0.22],[-0.142,0.173],[-0.511,0.002]],"v":[[2.112,12.374],[-0.159,12.346],[-0.597,12.182],[-3.536,0.924],[3.198,-12.032],[4.094,-12.229],[4.511,-11.411],[4.219,11.477],[4.063,12.096],[3.487,12.37]],"c":true},"ix":2},"nm":"Path 2","mn":"ADBE Vector Shape - Group","hd":false},{"ty":"mm","mm":1,"nm":"Merge Paths 1","mn":"ADBE Vector Filter - Merge","hd":false},{"ty":"fl","c":{"a":0,"k":[0.128999993205,0.211999997497,0.372999995947,1],"ix":4,"x":"var $bm_rt;\ntry {\n    $bm_rt = thisComp.layer('Controller')('Effects')('Color')('ADBE Color Control-0001');\n} catch (e) {\n    $bm_rt = value;\n}"},"o":{"a":0,"k":100,"ix":5},"r":1,"bm":0,"nm":"Fill 1","mn":"ADBE Vector Graphic - Fill","hd":false},{"ty":"tr","p":{"a":0,"k":[10.43,16.547],"ix":2},"a":{"a":0,"k":[0,0],"ix":1},"s":{"a":0,"k":[100,100],"ix":3},"r":{"a":0,"k":0,"ix":6},"o":{"a":0,"k":100,"ix":7},"sk":{"a":0,"k":0,"ix":4},"sa":{"a":0,"k":0,"ix":5},"nm":"Transform"}],"nm":"Group 22","np":4,"cix":2,"bm":0,"ix":1,"mn":"ADBE Vector Group","hd":false},{"ty":"tr","p":{"a":0,"k":[114.901,152.421],"ix":2},"a":{"a":0,"k":[10.728,16.584],"ix":1},"s":{"a":0,"k":[450,450],"ix":3},"r":{"a":0,"k":0,"ix":6},"o":{"a":0,"k":100,"ix":7},"sk":{"a":0,"k":0,"ix":4},"sa":{"a":0,"k":0,"ix":5},"nm":"Transform"}],"nm":"Layer 7 Outlines - Group 222","np":1,"cix":2,"bm":0,"ix":10,"mn":"ADBE Vector Group","hd":false},{"ty":"gr","it":[{"ty":"gr","it":[{"ind":0,"ty":"sh","ix":1,"ks":{"a":0,"k":{"i":[[-2.136,11.28],[-1.95,-5.47],[0,0],[-0.849,0.004]],"o":[[-4.646,10.535],[0,0],[0.69,0.005],[-0.617,-3.191]],"v":[[2.323,-11.588],[-0.3,11.583],[-0.34,11.583],[2.033,11.583]],"c":true},"ix":2},"nm":"Path 1","mn":"ADBE Vector Shape - Group","hd":false},{"ty":"fl","c":{"a":0,"k":[0.740999996662,0.764999985695,0.847000002861,1],"ix":4,"x":"var $bm_rt;\ntry {\n    $bm_rt = thisComp.layer('Controller')('Effects')('Color 3')('ADBE Color Control-0001');\n} catch (e) {\n    $bm_rt = value;\n}"},"o":{"a":0,"k":100,"ix":5},"r":1,"bm":0,"nm":"Fill 1","mn":"ADBE Vector Graphic - Fill","hd":false},{"ty":"tr","p":{"a":0,"k":[11.881,16.584],"ix":2},"a":{"a":0,"k":[0,0],"ix":1},"s":{"a":0,"k":[100,100],"ix":3},"r":{"a":0,"k":0,"ix":6},"o":{"a":0,"k":100,"ix":7},"sk":{"a":0,"k":0,"ix":4},"sa":{"a":0,"k":0,"ix":5},"nm":"Transform"}],"nm":"Group 23","np":2,"cix":2,"bm":0,"ix":1,"mn":"ADBE Vector Group","hd":false},{"ty":"tr","p":{"a":0,"k":[121.813,152.418],"ix":2},"a":{"a":0,"k":[12.264,16.583],"ix":1},"s":{"a":0,"k":[450,450],"ix":3},"r":{"a":0,"k":0,"ix":6},"o":{"a":0,"k":100,"ix":7},"sk":{"a":0,"k":0,"ix":4},"sa":{"a":0,"k":0,"ix":5},"nm":"Transform"}],"nm":"Layer 7 Outlines - Group 223","np":1,"cix":2,"bm":0,"ix":11,"mn":"ADBE Vector Group","hd":false},{"ty":"gr","it":[{"ty":"gr","it":[{"ind":0,"ty":"sh","ix":1,"ks":{"a":0,"k":{"i":[[-2.136,11.28],[1.374,-6.396],[-3.264,-2.616],[-1.477,0.007]],"o":[[0,0],[-0.774,3.599],[0.688,0.029],[-0.617,-3.191]],"v":[[3.676,-11.589],[-2.902,1.044],[-0.227,11.559],[3.385,11.582]],"c":true},"ix":2},"nm":"Path 1","mn":"ADBE Vector Shape - Group","hd":false},{"ty":"fl","c":{"a":0,"k":[1,1,1,1],"ix":4,"x":"var $bm_rt;\ntry {\n    $bm_rt = thisComp.layer('Controller')('Effects')('Color 2')('ADBE Color Control-0001');\n} catch (e) {\n    $bm_rt = value;\n}"},"o":{"a":0,"k":100,"ix":5},"r":1,"bm":0,"nm":"Fill 1","mn":"ADBE Vector Graphic - Fill","hd":false},{"ty":"tr","p":{"a":0,"k":[10.529,16.585],"ix":2},"a":{"a":0,"k":[0,0],"ix":1},"s":{"a":0,"k":[100,100],"ix":3},"r":{"a":0,"k":0,"ix":6},"o":{"a":0,"k":100,"ix":7},"sk":{"a":0,"k":0,"ix":4},"sa":{"a":0,"k":0,"ix":5},"nm":"Transform"}],"nm":"Group 24","np":2,"cix":2,"bm":0,"ix":1,"mn":"ADBE Vector Group","hd":false},{"ty":"tr","p":{"a":0,"k":[114.889,152.419],"ix":2},"a":{"a":0,"k":[10.725,16.583],"ix":1},"s":{"a":0,"k":[450,450],"ix":3},"r":{"a":0,"k":0,"ix":6},"o":{"a":0,"k":100,"ix":7},"sk":{"a":0,"k":0,"ix":4},"sa":{"a":0,"k":0,"ix":5},"nm":"Transform"}],"nm":"Layer 7 Outlines - Group 224","np":1,"cix":2,"bm":0,"ix":12,"mn":"ADBE Vector Group","hd":false}],"ip":0,"op":150,"st":0,"ct":1,"bm":0},{"ddd":0,"ind":5,"ty":4,"nm":"Layer 7 Outlines - Group 25 :M","parent":2,"sr":1,"ks":{"o":{"a":0,"k":100,"ix":11},"r":{"a":1,"k":[{"i":{"x":[0.55],"y":[1]},"o":{"x":[0.45],"y":[0]},"t":83,"s":[0]},{"i":{"x":[0.55],"y":[1]},"o":{"x":[0.45],"y":[0]},"t":88,"s":[6]},{"i":{"x":[0.55],"y":[1]},"o":{"x":[0.45],"y":[0]},"t":93,"s":[-6]},{"i":{"x":[0.55],"y":[1]},"o":{"x":[0.45],"y":[0]},"t":98,"s":[6]},{"t":103,"s":[0]}],"ix":10},"p":{"a":1,"k":[{"i":{"x":0.55,"y":1},"o":{"x":0.45,"y":0},"t":53,"s":[163.386,120.132,0],"to":[0,1.667,0],"ti":[0,0,0]},{"i":{"x":0.55,"y":1},"o":{"x":0.45,"y":0},"t":68,"s":[163.386,130.132,0],"to":[0,0,0],"ti":[0,7.333,0]},{"i":{"x":0.55,"y":0.55},"o":{"x":0.45,"y":0.45},"t":83,"s":[163.386,86.132,0],"to":[0,0,0],"ti":[0,0,0]},{"i":{"x":0.55,"y":1},"o":{"x":0.45,"y":0},"t":98,"s":[163.386,86.132,0],"to":[0,-1.667,0],"ti":[0,0,0]},{"i":{"x":0.55,"y":1},"o":{"x":0.45,"y":0},"t":113,"s":[163.386,76.132,0],"to":[0,0,0],"ti":[0,0,0]},{"i":{"x":0.55,"y":1},"o":{"x":0.45,"y":0},"t":128,"s":[163.386,130.132,0],"to":[0,0,0],"ti":[0,1.667,0]},{"t":143,"s":[163.386,120.132,0]}],"ix":2,"l":2},"a":{"a":0,"k":[355.75,351.656,0],"ix":1,"l":2},"s":{"a":1,"k":[{"i":{"x":[0.55,0.55,0.55],"y":[1,1,1]},"o":{"x":[0.45,0.45,0.45],"y":[0,0,0]},"t":60,"s":[100,100,100]},{"i":{"x":[0.55,0.55,0.55],"y":[1,1,1]},"o":{"x":[0.45,0.45,0.45],"y":[0,0,0]},"t":75,"s":[85.5,85.5,100]},{"i":{"x":[0.55,0.55,0.55],"y":[1,1,1]},"o":{"x":[0.45,0.45,0.45],"y":[0,0,0]},"t":90,"s":[108,108,100]},{"i":{"x":[0.55,0.55,0.55],"y":[1,1,1]},"o":{"x":[0.45,0.45,0.45],"y":[0,0,0]},"t":105,"s":[99.9,99.9,100]},{"i":{"x":[0.55,0.55,0.55],"y":[1,1,1]},"o":{"x":[0.45,0.45,0.45],"y":[0,0,0]},"t":120,"s":[108,108,100]},{"i":{"x":[0.55,0.55,0.55],"y":[1,1,1]},"o":{"x":[0.45,0.45,0.45],"y":[0,0,0]},"t":135,"s":[85.5,85.5,100]},{"t":150,"s":[100,100,100]}],"ix":6,"l":2}},"ao":0,"shapes":[{"ty":"gr","it":[{"ty":"gr","it":[{"ind":0,"ty":"sh","ix":1,"ks":{"a":0,"k":{"i":[[0,0],[0,0],[-0.689,0],[0,0],[0,0.689],[0,0]],"o":[[0,0],[0,0.689],[0,0],[0.689,0],[0,0],[0,0]],"v":[[-6.25,-2.584],[-6.25,1.334],[-5,2.584],[5,2.584],[6.25,1.334],[6.25,-2.584]],"c":true},"ix":2},"nm":"Path 1","mn":"ADBE Vector Shape - Group","hd":false},{"ind":1,"ty":"sh","ix":2,"ks":{"a":0,"k":{"i":[[1.517,0],[0,0],[0,1.517],[0,0],[-0.414,0],[0,0],[0,-0.414],[0,0]],"o":[[0,0],[-1.517,0],[0,0],[0,-0.414],[0,0],[0.414,0],[0,0],[0,1.517]],"v":[[5,4.084],[-5,4.084],[-7.75,1.334],[-7.75,-3.334],[-7,-4.084],[7,-4.084],[7.75,-3.334],[7.75,1.334]],"c":true},"ix":2},"nm":"Path 2","mn":"ADBE Vector Shape - Group","hd":false},{"ty":"mm","mm":1,"nm":"Merge Paths 1","mn":"ADBE Vector Filter - Merge","hd":false},{"ty":"fl","c":{"a":0,"k":[0.128999993205,0.211999997497,0.372999995947,1],"ix":4,"x":"var $bm_rt;\ntry {\n    $bm_rt = thisComp.layer('Controller')('Effects')('Color')('ADBE Color Control-0001');\n} catch (e) {\n    $bm_rt = value;\n}"},"o":{"a":0,"k":100,"ix":5},"r":1,"bm":0,"nm":"Fill 1","mn":"ADBE Vector Graphic - Fill","hd":false},{"ty":"tr","p":{"a":0,"k":[64.25,65.664],"ix":2},"a":{"a":0,"k":[0,0],"ix":1},"s":{"a":0,"k":[100,100],"ix":3},"r":{"a":0,"k":0,"ix":6},"o":{"a":0,"k":100,"ix":7},"sk":{"a":0,"k":0,"ix":4},"sa":{"a":0,"k":0,"ix":5},"nm":"Transform"}],"nm":"Group 25","np":4,"cix":2,"bm":0,"ix":1,"mn":"ADBE Vector Group","hd":false},{"ty":"tr","p":{"a":0,"k":[355.75,373.28],"ix":2},"a":{"a":0,"k":[64.25,65.664],"ix":1},"s":{"a":0,"k":[450,450],"ix":3},"r":{"a":0,"k":0,"ix":6},"o":{"a":0,"k":100,"ix":7},"sk":{"a":0,"k":0,"ix":4},"sa":{"a":0,"k":0,"ix":5},"nm":"Transform"}],"nm":"Layer 7 Outlines - Group 225","np":1,"cix":2,"bm":0,"ix":1,"mn":"ADBE Vector Group","hd":false},{"ty":"gr","it":[{"ty":"gr","it":[{"ind":0,"ty":"sh","ix":1,"ks":{"a":0,"k":{"i":[[0.552,0],[0,0],[0,0],[0,0],[0,0]],"o":[[0,0],[0,0],[0,0],[0,0],[0,0.552]],"v":[[4.6,2],[-5.6,2],[-5.6,-2],[5.6,-2],[5.6,1]],"c":true},"ix":2},"nm":"Path 1","mn":"ADBE Vector Shape - Group","hd":false},{"ty":"fl","c":{"a":0,"k":[1,1,1,1],"ix":4,"x":"var $bm_rt;\ntry {\n    $bm_rt = thisComp.layer('Controller')('Effects')('Color 2')('ADBE Color Control-0001');\n} catch (e) {\n    $bm_rt = value;\n}"},"o":{"a":0,"k":100,"ix":5},"r":1,"bm":0,"nm":"Fill 1","mn":"ADBE Vector Graphic - Fill","hd":false},{"ty":"tr","p":{"a":0,"k":[62.849,64.33],"ix":2},"a":{"a":0,"k":[0,0],"ix":1},"s":{"a":0,"k":[100,100],"ix":3},"r":{"a":0,"k":0,"ix":6},"o":{"a":0,"k":100,"ix":7},"sk":{"a":0,"k":0,"ix":4},"sa":{"a":0,"k":0,"ix":5},"nm":"Transform"}],"nm":"Group 26","np":2,"cix":2,"bm":0,"ix":1,"mn":"ADBE Vector Group","hd":false},{"ty":"tr","p":{"a":0,"k":[349.446,367.279],"ix":2},"a":{"a":0,"k":[62.849,64.33],"ix":1},"s":{"a":0,"k":[450,450],"ix":3},"r":{"a":0,"k":0,"ix":6},"o":{"a":0,"k":100,"ix":7},"sk":{"a":0,"k":0,"ix":4},"sa":{"a":0,"k":0,"ix":5},"nm":"Transform"}],"nm":"Layer 7 Outlines - Group 226","np":1,"cix":2,"bm":0,"ix":2,"mn":"ADBE Vector Group","hd":false},{"ty":"gr","it":[{"ty":"gr","it":[{"ind":0,"ty":"sh","ix":1,"ks":{"a":0,"k":{"i":[[1.104,0],[0,0],[0,1.104],[0,0],[0,0],[0,0]],"o":[[0,0],[-1.104,0],[0,0],[0,0],[0,0],[0,1.104]],"v":[[5,3.333],[-5,3.333],[-7,1.333],[-7,-3.333],[7,-3.333],[7,1.333]],"c":true},"ix":2},"nm":"Path 1","mn":"ADBE Vector Shape - Group","hd":false},{"ty":"fl","c":{"a":0,"k":[0.740999996662,0.764999985695,0.847000002861,1],"ix":4,"x":"var $bm_rt;\ntry {\n    $bm_rt = thisComp.layer('Controller')('Effects')('Color 3')('ADBE Color Control-0001');\n} catch (e) {\n    $bm_rt = value;\n}"},"o":{"a":0,"k":100,"ix":5},"r":1,"bm":0,"nm":"Fill 1","mn":"ADBE Vector Graphic - Fill","hd":false},{"ty":"tr","p":{"a":0,"k":[64.249,65.664],"ix":2},"a":{"a":0,"k":[0,0],"ix":1},"s":{"a":0,"k":[100,100],"ix":3},"r":{"a":0,"k":0,"ix":6},"o":{"a":0,"k":100,"ix":7},"sk":{"a":0,"k":0,"ix":4},"sa":{"a":0,"k":0,"ix":5},"nm":"Transform"}],"nm":"Group 27","np":2,"cix":2,"bm":0,"ix":1,"mn":"ADBE Vector Group","hd":false},{"ty":"tr","p":{"a":0,"k":[355.746,373.28],"ix":2},"a":{"a":0,"k":[64.249,65.664],"ix":1},"s":{"a":0,"k":[450,450],"ix":3},"r":{"a":0,"k":0,"ix":6},"o":{"a":0,"k":100,"ix":7},"sk":{"a":0,"k":0,"ix":4},"sa":{"a":0,"k":0,"ix":5},"nm":"Transform"}],"nm":"Layer 7 Outlines - Group 227","np":1,"cix":2,"bm":0,"ix":3,"mn":"ADBE Vector Group","hd":false},{"ty":"gr","it":[{"ty":"gr","it":[{"ind":0,"ty":"sh","ix":1,"ks":{"a":0,"k":{"i":[[0,0],[0,0],[0,0],[0,0]],"o":[[0,0],[0,0],[0,0],[0,0]],"v":[[-5.803,3.025],[0,5.236],[5.802,3.025],[-0.001,-4.712]],"c":true},"ix":2},"nm":"Path 1","mn":"ADBE Vector Shape - Group","hd":false},{"ind":1,"ty":"sh","ix":2,"ks":{"a":0,"k":{"i":[[0.091,0],[0.086,0.032],[0,0],[0.065,0.226],[-0.141,0.189],[0,0],[-0.283,-0.376],[0,0],[0.066,-0.226],[0.221,-0.084],[0,0]],"o":[[-0.091,0],[0,0],[-0.221,-0.084],[-0.065,-0.226],[0,0],[0.283,-0.376],[0,0],[0.142,0.189],[-0.065,0.226],[0,0],[-0.086,0.032]],"v":[[0,6.789],[-0.267,6.74],[-7.267,4.073],[-7.721,3.58],[-7.6,2.921],[-0.601,-6.413],[0.598,-6.413],[7.599,2.921],[7.72,3.58],[7.266,4.073],[0.266,6.74]],"c":true},"ix":2},"nm":"Path 2","mn":"ADBE Vector Shape - Group","hd":false},{"ty":"mm","mm":1,"nm":"Merge Paths 1","mn":"ADBE Vector Filter - Merge","hd":false},{"ty":"fl","c":{"a":0,"k":[0.128999993205,0.211999997497,0.372999995947,1],"ix":4,"x":"var $bm_rt;\ntry {\n    $bm_rt = thisComp.layer('Controller')('Effects')('Color')('ADBE Color Control-0001');\n} catch (e) {\n    $bm_rt = value;\n}"},"o":{"a":0,"k":100,"ix":5},"r":1,"bm":0,"nm":"Fill 1","mn":"ADBE Vector Graphic - Fill","hd":false},{"ty":"tr","p":{"a":0,"k":[64.25,10.959],"ix":2},"a":{"a":0,"k":[0,0],"ix":1},"s":{"a":0,"k":[100,100],"ix":3},"r":{"a":0,"k":0,"ix":6},"o":{"a":0,"k":100,"ix":7},"sk":{"a":0,"k":0,"ix":4},"sa":{"a":0,"k":0,"ix":5},"nm":"Transform"}],"nm":"Group 28","np":4,"cix":2,"bm":0,"ix":1,"mn":"ADBE Vector Group","hd":false},{"ty":"tr","p":{"a":0,"k":[355.75,127.322],"ix":2},"a":{"a":0,"k":[64.25,11.006],"ix":1},"s":{"a":0,"k":[450,450],"ix":3},"r":{"a":0,"k":0,"ix":6},"o":{"a":0,"k":100,"ix":7},"sk":{"a":0,"k":0,"ix":4},"sa":{"a":0,"k":0,"ix":5},"nm":"Transform"}],"nm":"Layer 7 Outlines - Group 228","np":1,"cix":2,"bm":0,"ix":4,"mn":"ADBE Vector Group","hd":false},{"ty":"gr","it":[{"ty":"gr","it":[{"ind":0,"ty":"sh","ix":1,"ks":{"a":0,"k":{"i":[[0,0],[0,0],[-0.687,0.263],[0,0],[0,0]],"o":[[0,0],[0.688,0.263],[0,0],[0,0],[0,0]],"v":[[-4.666,2.295],[-1.069,3.665],[1.067,3.665],[4.666,2.295],[-0.001,-3.928]],"c":true},"ix":2},"nm":"Path 1","mn":"ADBE Vector Shape - Group","hd":false},{"ty":"fl","c":{"a":0,"k":[1,1,1,1],"ix":4,"x":"var $bm_rt;\ntry {\n    $bm_rt = thisComp.layer('Controller')('Effects')('Color 2')('ADBE Color Control-0001');\n} catch (e) {\n    $bm_rt = value;\n}"},"o":{"a":0,"k":100,"ix":5},"r":1,"bm":0,"nm":"Fill 1","mn":"ADBE Vector Graphic - Fill","hd":false},{"ty":"tr","p":{"a":0,"k":[64.249,8.925],"ix":2},"a":{"a":0,"k":[0,0],"ix":1},"s":{"a":0,"k":[100,100],"ix":3},"r":{"a":0,"k":0,"ix":6},"o":{"a":0,"k":100,"ix":7},"sk":{"a":0,"k":0,"ix":4},"sa":{"a":0,"k":0,"ix":5},"nm":"Transform"}],"nm":"Group 29","np":2,"cix":2,"bm":0,"ix":1,"mn":"ADBE Vector Group","hd":false},{"ty":"tr","p":{"a":0,"k":[355.748,117.807],"ix":2},"a":{"a":0,"k":[64.249,8.892],"ix":1},"s":{"a":0,"k":[450,450],"ix":3},"r":{"a":0,"k":0,"ix":6},"o":{"a":0,"k":100,"ix":7},"sk":{"a":0,"k":0,"ix":4},"sa":{"a":0,"k":0,"ix":5},"nm":"Transform"}],"nm":"Layer 7 Outlines - Group 229","np":1,"cix":2,"bm":0,"ix":5,"mn":"ADBE Vector Group","hd":false},{"ty":"gr","it":[{"ty":"gr","it":[{"ind":0,"ty":"sh","ix":1,"ks":{"a":0,"k":{"i":[[0,0],[0,0],[0,0],[0,0]],"o":[[0,0],[0,0],[0,0],[0,0]],"v":[[-7,3.333],[0,6.001],[7,3.333],[0,-6.001]],"c":true},"ix":2},"nm":"Path 1","mn":"ADBE Vector Shape - Group","hd":false},{"ty":"fl","c":{"a":0,"k":[0.740999996662,0.764999985695,0.847000002861,1],"ix":4,"x":"var $bm_rt;\ntry {\n    $bm_rt = thisComp.layer('Controller')('Effects')('Color 3')('ADBE Color Control-0001');\n} catch (e) {\n    $bm_rt = value;\n}"},"o":{"a":0,"k":100,"ix":5},"r":1,"bm":0,"nm":"Fill 1","mn":"ADBE Vector Graphic - Fill","hd":false},{"ty":"tr","p":{"a":0,"k":[64.249,10.998],"ix":2},"a":{"a":0,"k":[0,0],"ix":1},"s":{"a":0,"k":[100,100],"ix":3},"r":{"a":0,"k":0,"ix":6},"o":{"a":0,"k":100,"ix":7},"sk":{"a":0,"k":0,"ix":4},"sa":{"a":0,"k":0,"ix":5},"nm":"Transform"}],"nm":"Group 30","np":2,"cix":2,"bm":0,"ix":1,"mn":"ADBE Vector Group","hd":false},{"ty":"tr","p":{"a":0,"k":[355.746,127.283],"ix":2},"a":{"a":0,"k":[64.249,10.998],"ix":1},"s":{"a":0,"k":[450,450],"ix":3},"r":{"a":0,"k":0,"ix":6},"o":{"a":0,"k":100,"ix":7},"sk":{"a":0,"k":0,"ix":4},"sa":{"a":0,"k":0,"ix":5},"nm":"Transform"}],"nm":"Layer 7 Outlines - Group 330","np":1,"cix":2,"bm":0,"ix":6,"mn":"ADBE Vector Group","hd":false},{"ty":"gr","it":[{"ty":"gr","it":[{"ind":0,"ty":"sh","ix":1,"ks":{"a":0,"k":{"i":[[0,0],[0,0],[0,0],[0,0]],"o":[[0,0],[0,0],[0,0],[0,0]],"v":[[-2.75,23.268],[2.75,23.268],[2.75,-22.893],[-2.75,-20.796]],"c":true},"ix":2},"nm":"Path 1","mn":"ADBE Vector Shape - Group","hd":false},{"ind":1,"ty":"sh","ix":2,"ks":{"a":0,"k":{"i":[[0.414,0],[0,0],[0,0.414],[0,0],[-0.29,0.111],[0,0],[-0.203,-0.141],[0,-0.247],[0,0]],"o":[[0,0],[-0.414,0],[0,0],[0,-0.312],[0,0],[0.233,-0.086],[0.203,0.139],[0,0],[0,0.414]],"v":[[3.5,24.768],[-3.5,24.768],[-4.25,24.018],[-4.25,-21.314],[-3.768,-22.014],[3.232,-24.682],[3.926,-24.598],[4.25,-23.982],[4.25,24.018]],"c":true},"ix":2},"nm":"Path 2","mn":"ADBE Vector Shape - Group","hd":false},{"ty":"mm","mm":1,"nm":"Merge Paths 1","mn":"ADBE Vector Filter - Merge","hd":false},{"ty":"fl","c":{"a":0,"k":[0.128999993205,0.211999997497,0.372999995947,1],"ix":4,"x":"var $bm_rt;\ntry {\n    $bm_rt = thisComp.layer('Controller')('Effects')('Color')('ADBE Color Control-0001');\n} catch (e) {\n    $bm_rt = value;\n}"},"o":{"a":0,"k":100,"ix":5},"r":1,"bm":0,"nm":"Fill 1","mn":"ADBE Vector Graphic - Fill","hd":false},{"ty":"tr","p":{"a":0,"k":[67.75,38.312],"ix":2},"a":{"a":0,"k":[0,0],"ix":1},"s":{"a":0,"k":[100,100],"ix":3},"r":{"a":0,"k":0,"ix":6},"o":{"a":0,"k":100,"ix":7},"sk":{"a":0,"k":0,"ix":4},"sa":{"a":0,"k":0,"ix":5},"nm":"Transform"}],"nm":"Group 31","np":4,"cix":2,"bm":0,"ix":1,"mn":"ADBE Vector Group","hd":false},{"ty":"tr","p":{"a":0,"k":[371.5,250.28],"ix":2},"a":{"a":0,"k":[67.75,38.33],"ix":1},"s":{"a":0,"k":[450,450],"ix":3},"r":{"a":0,"k":0,"ix":6},"o":{"a":0,"k":100,"ix":7},"sk":{"a":0,"k":0,"ix":4},"sa":{"a":0,"k":0,"ix":5},"nm":"Transform"}],"nm":"Layer 7 Outlines - Group 331","np":1,"cix":2,"bm":0,"ix":7,"mn":"ADBE Vector Group","hd":false},{"ty":"gr","it":[{"ty":"gr","it":[{"ind":0,"ty":"sh","ix":1,"ks":{"a":0,"k":{"i":[[0,0],[0,0],[0,0],[0,0],[0,0.551]],"o":[[0,0],[0,0],[0,0],[0.552,0],[0,0]],"v":[[2.1,-22.133],[-2.1,-20.532],[-2.1,22.133],[1.1,22.133],[2.1,21.133]],"c":true},"ix":2},"nm":"Path 1","mn":"ADBE Vector Shape - Group","hd":false},{"ty":"fl","c":{"a":0,"k":[1,1,1,1],"ix":4,"x":"var $bm_rt;\ntry {\n    $bm_rt = thisComp.layer('Controller')('Effects')('Color 2')('ADBE Color Control-0001');\n} catch (e) {\n    $bm_rt = value;\n}"},"o":{"a":0,"k":100,"ix":5},"r":1,"bm":0,"nm":"Fill 1","mn":"ADBE Vector Graphic - Fill","hd":false},{"ty":"tr","p":{"a":0,"k":[66.349,37.53],"ix":2},"a":{"a":0,"k":[0,0],"ix":1},"s":{"a":0,"k":[100,100],"ix":3},"r":{"a":0,"k":0,"ix":6},"o":{"a":0,"k":100,"ix":7},"sk":{"a":0,"k":0,"ix":4},"sa":{"a":0,"k":0,"ix":5},"nm":"Transform"}],"nm":"Group 32","np":2,"cix":2,"bm":0,"ix":1,"mn":"ADBE Vector Group","hd":false},{"ty":"tr","p":{"a":0,"k":[365.196,246.681],"ix":2},"a":{"a":0,"k":[66.349,37.53],"ix":1},"s":{"a":0,"k":[450,450],"ix":3},"r":{"a":0,"k":0,"ix":6},"o":{"a":0,"k":100,"ix":7},"sk":{"a":0,"k":0,"ix":4},"sa":{"a":0,"k":0,"ix":5},"nm":"Transform"}],"nm":"Layer 7 Outlines - Group 332","np":1,"cix":2,"bm":0,"ix":8,"mn":"ADBE Vector Group","hd":false},{"ty":"gr","it":[{"ty":"gr","it":[{"ind":0,"ty":"sh","ix":1,"ks":{"a":0,"k":{"i":[[0,0],[0,0],[0,0],[0,0]],"o":[[0,0],[0,0],[0,0],[0,0]],"v":[[3.5,-24],[-3.5,-21.333],[-3.5,24],[3.5,24]],"c":true},"ix":2},"nm":"Path 1","mn":"ADBE Vector Shape - Group","hd":false},{"ty":"fl","c":{"a":0,"k":[0.740999996662,0.764999985695,0.847000002861,1],"ix":4,"x":"var $bm_rt;\ntry {\n    $bm_rt = thisComp.layer('Controller')('Effects')('Color 3')('ADBE Color Control-0001');\n} catch (e) {\n    $bm_rt = value;\n}"},"o":{"a":0,"k":100,"ix":5},"r":1,"bm":0,"nm":"Fill 1","mn":"ADBE Vector Graphic - Fill","hd":false},{"ty":"tr","p":{"a":0,"k":[67.749,38.331],"ix":2},"a":{"a":0,"k":[0,0],"ix":1},"s":{"a":0,"k":[100,100],"ix":3},"r":{"a":0,"k":0,"ix":6},"o":{"a":0,"k":100,"ix":7},"sk":{"a":0,"k":0,"ix":4},"sa":{"a":0,"k":0,"ix":5},"nm":"Transform"}],"nm":"Group 33","np":2,"cix":2,"bm":0,"ix":1,"mn":"ADBE Vector Group","hd":false},{"ty":"tr","p":{"a":0,"k":[371.496,250.281],"ix":2},"a":{"a":0,"k":[67.749,38.331],"ix":1},"s":{"a":0,"k":[450,450],"ix":3},"r":{"a":0,"k":0,"ix":6},"o":{"a":0,"k":100,"ix":7},"sk":{"a":0,"k":0,"ix":4},"sa":{"a":0,"k":0,"ix":5},"nm":"Transform"}],"nm":"Layer 7 Outlines - Group 333","np":1,"cix":2,"bm":0,"ix":9,"mn":"ADBE Vector Group","hd":false},{"ty":"gr","it":[{"ty":"gr","it":[{"ind":0,"ty":"sh","ix":1,"ks":{"a":0,"k":{"i":[[0,0],[0,0],[0,0],[0,0]],"o":[[0,0],[0,0],[0,0],[0,0]],"v":[[-2.75,23.268],[2.75,23.268],[2.75,-20.796],[-2.75,-22.893]],"c":true},"ix":2},"nm":"Path 1","mn":"ADBE Vector Shape - Group","hd":false},{"ind":1,"ty":"sh","ix":2,"ks":{"a":0,"k":{"i":[[0.414,0],[0,0],[0,0.414],[0,0],[-0.203,0.139],[-0.232,-0.086],[0,0],[0,-0.312],[0,0]],"o":[[0,0],[-0.414,0],[0,0],[0,-0.247],[0.203,-0.141],[0,0],[0.29,0.111],[0,0],[0,0.414]],"v":[[3.5,24.768],[-3.5,24.768],[-4.25,24.018],[-4.25,-23.982],[-3.926,-24.598],[-3.232,-24.682],[3.768,-22.014],[4.25,-21.314],[4.25,24.018]],"c":true},"ix":2},"nm":"Path 2","mn":"ADBE Vector Shape - Group","hd":false},{"ty":"mm","mm":1,"nm":"Merge Paths 1","mn":"ADBE Vector Filter - Merge","hd":false},{"ty":"fl","c":{"a":0,"k":[0.128999993205,0.211999997497,0.372999995947,1],"ix":4,"x":"var $bm_rt;\ntry {\n    $bm_rt = thisComp.layer('Controller')('Effects')('Color')('ADBE Color Control-0001');\n} catch (e) {\n    $bm_rt = value;\n}"},"o":{"a":0,"k":100,"ix":5},"r":1,"bm":0,"nm":"Fill 1","mn":"ADBE Vector Graphic - Fill","hd":false},{"ty":"tr","p":{"a":0,"k":[60.75,38.312],"ix":2},"a":{"a":0,"k":[0,0],"ix":1},"s":{"a":0,"k":[100,100],"ix":3},"r":{"a":0,"k":0,"ix":6},"o":{"a":0,"k":100,"ix":7},"sk":{"a":0,"k":0,"ix":4},"sa":{"a":0,"k":0,"ix":5},"nm":"Transform"}],"nm":"Group 34","np":4,"cix":2,"bm":0,"ix":1,"mn":"ADBE Vector Group","hd":false},{"ty":"tr","p":{"a":0,"k":[340,250.28],"ix":2},"a":{"a":0,"k":[60.75,38.33],"ix":1},"s":{"a":0,"k":[450,450],"ix":3},"r":{"a":0,"k":0,"ix":6},"o":{"a":0,"k":100,"ix":7},"sk":{"a":0,"k":0,"ix":4},"sa":{"a":0,"k":0,"ix":5},"nm":"Transform"}],"nm":"Layer 7 Outlines - Group 334","np":1,"cix":2,"bm":0,"ix":10,"mn":"ADBE Vector Group","hd":false},{"ty":"gr","it":[{"ty":"gr","it":[{"ind":0,"ty":"sh","ix":1,"ks":{"a":0,"k":{"i":[[0,0],[0,0],[0,0],[0,0.552],[0,0]],"o":[[0,0],[0,0],[0.552,0],[0,0],[0,0]],"v":[[-2.1,-22.666],[-2.1,22.666],[1.1,22.666],[2.1,21.666],[2.1,-21.066]],"c":true},"ix":2},"nm":"Path 1","mn":"ADBE Vector Shape - Group","hd":false},{"ty":"fl","c":{"a":0,"k":[1,1,1,1],"ix":4,"x":"var $bm_rt;\ntry {\n    $bm_rt = thisComp.layer('Controller')('Effects')('Color 2')('ADBE Color Control-0001');\n} catch (e) {\n    $bm_rt = value;\n}"},"o":{"a":0,"k":100,"ix":5},"r":1,"bm":0,"nm":"Fill 1","mn":"ADBE Vector Graphic - Fill","hd":false},{"ty":"tr","p":{"a":0,"k":[59.349,36.997],"ix":2},"a":{"a":0,"k":[0,0],"ix":1},"s":{"a":0,"k":[100,100],"ix":3},"r":{"a":0,"k":0,"ix":6},"o":{"a":0,"k":100,"ix":7},"sk":{"a":0,"k":0,"ix":4},"sa":{"a":0,"k":0,"ix":5},"nm":"Transform"}],"nm":"Group 35","np":2,"cix":2,"bm":0,"ix":1,"mn":"ADBE Vector Group","hd":false},{"ty":"tr","p":{"a":0,"k":[333.696,244.281],"ix":2},"a":{"a":0,"k":[59.349,36.997],"ix":1},"s":{"a":0,"k":[450,450],"ix":3},"r":{"a":0,"k":0,"ix":6},"o":{"a":0,"k":100,"ix":7},"sk":{"a":0,"k":0,"ix":4},"sa":{"a":0,"k":0,"ix":5},"nm":"Transform"}],"nm":"Layer 7 Outlines - Group 335","np":1,"cix":2,"bm":0,"ix":11,"mn":"ADBE Vector Group","hd":false},{"ty":"gr","it":[{"ty":"gr","it":[{"ind":0,"ty":"sh","ix":1,"ks":{"a":0,"k":{"i":[[0,0],[0,0],[0,0],[0,0]],"o":[[0,0],[0,0],[0,0],[0,0]],"v":[[-3.5,-24],[-3.5,24],[3.5,24],[3.5,-21.333]],"c":true},"ix":2},"nm":"Path 1","mn":"ADBE Vector Shape - Group","hd":false},{"ty":"fl","c":{"a":0,"k":[0.740999996662,0.764999985695,0.847000002861,1],"ix":4,"x":"var $bm_rt;\ntry {\n    $bm_rt = thisComp.layer('Controller')('Effects')('Color 3')('ADBE Color Control-0001');\n} catch (e) {\n    $bm_rt = value;\n}"},"o":{"a":0,"k":100,"ix":5},"r":1,"bm":0,"nm":"Fill 1","mn":"ADBE Vector Graphic - Fill","hd":false},{"ty":"tr","p":{"a":0,"k":[60.749,38.331],"ix":2},"a":{"a":0,"k":[0,0],"ix":1},"s":{"a":0,"k":[100,100],"ix":3},"r":{"a":0,"k":0,"ix":6},"o":{"a":0,"k":100,"ix":7},"sk":{"a":0,"k":0,"ix":4},"sa":{"a":0,"k":0,"ix":5},"nm":"Transform"}],"nm":"Group 36","np":2,"cix":2,"bm":0,"ix":1,"mn":"ADBE Vector Group","hd":false},{"ty":"tr","p":{"a":0,"k":[339.996,250.281],"ix":2},"a":{"a":0,"k":[60.749,38.331],"ix":1},"s":{"a":0,"k":[450,450],"ix":3},"r":{"a":0,"k":0,"ix":6},"o":{"a":0,"k":100,"ix":7},"sk":{"a":0,"k":0,"ix":4},"sa":{"a":0,"k":0,"ix":5},"nm":"Transform"}],"nm":"Layer 7 Outlines - Group 336","np":1,"cix":2,"bm":0,"ix":12,"mn":"ADBE Vector Group","hd":false}],"ip":0,"op":150,"st":0,"ct":1,"bm":0},{"ddd":0,"ind":6,"ty":4,"nm":"Layer 7 Outlines - Group 37 :M :M","parent":7,"sr":1,"ks":{"o":{"a":0,"k":100,"ix":11},"r":{"a":0,"k":0,"ix":10},"p":{"a":0,"k":[243.277,244.276,0],"ix":2,"l":2},"a":{"a":0,"k":[243.277,244.276,0],"ix":1,"l":2},"s":{"a":0,"k":[100,100,100],"ix":6,"l":2}},"ao":0,"shapes":[{"ty":"gr","it":[{"ty":"gr","it":[{"ty":"gr","it":[{"ind":0,"ty":"sh","ix":1,"ks":{"a":0,"k":{"i":[[2.344,0],[0,-2.344],[-2.344,0],[0,2.344]],"o":[[-2.344,0],[0,2.344],[2.344,0],[0,-2.344]],"v":[[0,-4.25],[-4.25,0],[0,4.25],[4.25,0]],"c":true},"ix":2},"nm":"Path 1","mn":"ADBE Vector Shape - Group","hd":false},{"ind":1,"ty":"sh","ix":2,"ks":{"a":0,"k":{"i":[[3.171,0],[0,3.171],[-3.171,0],[0,-3.171]],"o":[[-3.171,0],[0,-3.171],[3.171,0],[0,3.171]],"v":[[0,5.75],[-5.75,0],[0,-5.75],[5.75,0]],"c":true},"ix":2},"nm":"Path 2","mn":"ADBE Vector Shape - Group","hd":false},{"ty":"mm","mm":1,"nm":"Merge Paths 1","mn":"ADBE Vector Filter - Merge","hd":false},{"ty":"fl","c":{"a":0,"k":[0.128999993205,0.211999997497,0.372999995947,1],"ix":4,"x":"var $bm_rt;\ntry {\n    $bm_rt = thisComp.layer('Controller')('Effects')('Color')('ADBE Color Control-0001');\n} catch (e) {\n    $bm_rt = value;\n}"},"o":{"a":0,"k":100,"ix":5},"r":1,"bm":0,"nm":"Fill 1","mn":"ADBE Vector Graphic - Fill","hd":false},{"ty":"tr","p":{"a":0,"k":[39.256,36.996],"ix":2},"a":{"a":0,"k":[0,0],"ix":1},"s":{"a":0,"k":[100,100],"ix":3},"r":{"a":0,"k":0,"ix":6},"o":{"a":0,"k":100,"ix":7},"sk":{"a":0,"k":0,"ix":4},"sa":{"a":0,"k":0,"ix":5},"nm":"Transform"}],"nm":"Group 37","np":4,"cix":2,"bm":0,"ix":1,"mn":"ADBE Vector Group","hd":false},{"ty":"tr","p":{"a":0,"k":[243.277,244.276],"ix":2},"a":{"a":0,"k":[39.256,36.996],"ix":1},"s":{"a":0,"k":[450,450],"ix":3},"r":{"a":0,"k":0,"ix":6},"o":{"a":0,"k":100,"ix":7},"sk":{"a":0,"k":0,"ix":4},"sa":{"a":0,"k":0,"ix":5},"nm":"Transform"}],"nm":"Layer 7 Outlines - Group 337","np":1,"cix":2,"bm":0,"ix":1,"mn":"ADBE Vector Group","hd":false},{"ty":"gr","it":[{"ty":"gr","it":[{"ind":0,"ty":"sh","ix":1,"ks":{"a":0,"k":{"i":[[1.282,0.905],[0,-0.371],[2.762,0],[0.815,0.575],[-2.39,0],[0,2.761]],"o":[[0.077,0.349],[0,2.762],[-1.073,0],[0.494,2.241],[2.762,0],[0,-1.688]],"v":[[2.814,-4.54],[2.938,-3.461],[-2.062,1.539],[-4.938,0.619],[-0.062,4.54],[4.938,-0.46]],"c":true},"ix":2},"nm":"Path 1","mn":"ADBE Vector Shape - Group","hd":false},{"ty":"fl","c":{"a":0,"k":[0.740999996662,0.764999985695,0.847000002861,1],"ix":4,"x":"var $bm_rt;\ntry {\n    $bm_rt = thisComp.layer('Controller')('Effects')('Color 3')('ADBE Color Control-0001');\n} catch (e) {\n    $bm_rt = value;\n}"},"o":{"a":0,"k":100,"ix":5},"r":1,"bm":0,"nm":"Fill 1","mn":"ADBE Vector Graphic - Fill","hd":false},{"ty":"tr","p":{"a":0,"k":[39.317,37.457],"ix":2},"a":{"a":0,"k":[0,0],"ix":1},"s":{"a":0,"k":[100,100],"ix":3},"r":{"a":0,"k":0,"ix":6},"o":{"a":0,"k":100,"ix":7},"sk":{"a":0,"k":0,"ix":4},"sa":{"a":0,"k":0,"ix":5},"nm":"Transform"}],"nm":"Group 38","np":2,"cix":2,"bm":0,"ix":1,"mn":"ADBE Vector Group","hd":false},{"ty":"tr","p":{"a":0,"k":[243.551,246.35],"ix":2},"a":{"a":0,"k":[39.317,37.457],"ix":1},"s":{"a":0,"k":[450,450],"ix":3},"r":{"a":0,"k":0,"ix":6},"o":{"a":0,"k":100,"ix":7},"sk":{"a":0,"k":0,"ix":4},"sa":{"a":0,"k":0,"ix":5},"nm":"Transform"}],"nm":"Layer 7 Outlines - Group 338","np":1,"cix":2,"bm":0,"ix":2,"mn":"ADBE Vector Group","hd":false},{"ty":"gr","it":[{"ty":"gr","it":[{"ind":0,"ty":"sh","ix":1,"ks":{"a":0,"k":{"i":[[2.762,0],[0,2.761],[-2.761,0],[0,-2.762]],"o":[[-2.761,0],[0,-2.762],[2.762,0],[0,2.761]],"v":[[0,5],[-5,0],[0,-5],[5,0]],"c":true},"ix":2},"nm":"Path 1","mn":"ADBE Vector Shape - Group","hd":false},{"ty":"fl","c":{"a":0,"k":[1,1,1,1],"ix":4,"x":"var $bm_rt;\ntry {\n    $bm_rt = thisComp.layer('Controller')('Effects')('Color 2')('ADBE Color Control-0001');\n} catch (e) {\n    $bm_rt = value;\n}"},"o":{"a":0,"k":100,"ix":5},"r":1,"bm":0,"nm":"Fill 1","mn":"ADBE Vector Graphic - Fill","hd":false},{"ty":"tr","p":{"a":0,"k":[39.255,36.997],"ix":2},"a":{"a":0,"k":[0,0],"ix":1},"s":{"a":0,"k":[100,100],"ix":3},"r":{"a":0,"k":0,"ix":6},"o":{"a":0,"k":100,"ix":7},"sk":{"a":0,"k":0,"ix":4},"sa":{"a":0,"k":0,"ix":5},"nm":"Transform"}],"nm":"Group 39","np":2,"cix":2,"bm":0,"ix":1,"mn":"ADBE Vector Group","hd":false},{"ty":"tr","p":{"a":0,"k":[243.272,244.28],"ix":2},"a":{"a":0,"k":[39.255,36.997],"ix":1},"s":{"a":0,"k":[450,450],"ix":3},"r":{"a":0,"k":0,"ix":6},"o":{"a":0,"k":100,"ix":7},"sk":{"a":0,"k":0,"ix":4},"sa":{"a":0,"k":0,"ix":5},"nm":"Transform"}],"nm":"Layer 7 Outlines - Group 339","np":1,"cix":2,"bm":0,"ix":3,"mn":"ADBE Vector Group","hd":false},{"ty":"tr","p":{"a":0,"k":[243.277,244.276],"ix":2},"a":{"a":0,"k":[243.277,244.276],"ix":1},"s":{"a":0,"k":[100,100],"ix":3},"r":{"a":0,"k":0,"ix":6},"o":{"a":0,"k":100,"ix":7},"sk":{"a":0,"k":0,"ix":4},"sa":{"a":0,"k":0,"ix":5},"nm":"Transform"}],"nm":"Layer 7 Outlines - Group 37 :M","np":3,"cix":2,"bm":0,"ix":1,"mn":"ADBE Vector Group","hd":false},{"ty":"gr","it":[{"ty":"gr","it":[{"ty":"gr","it":[{"ind":0,"ty":"sh","ix":1,"ks":{"a":0,"k":{"i":[[6.203,0],[0,-6.203],[-6.203,0],[0,6.203]],"o":[[-6.203,0],[0,6.203],[6.203,0],[0,-6.203]],"v":[[0,-11.25],[-11.25,0],[0,11.25],[11.25,0]],"c":true},"ix":2},"nm":"Path 1","mn":"ADBE Vector Shape - Group","hd":false},{"ind":1,"ty":"sh","ix":2,"ks":{"a":0,"k":{"i":[[7.03,0],[0,7.03],[-7.03,0],[0,-7.03]],"o":[[-7.03,0],[0,-7.03],[7.03,0],[0,7.03]],"v":[[0,12.75],[-12.75,0],[0,-12.75],[12.75,0]],"c":true},"ix":2},"nm":"Path 2","mn":"ADBE Vector Shape - Group","hd":false},{"ty":"mm","mm":1,"nm":"Merge Paths 1","mn":"ADBE Vector Filter - Merge","hd":false},{"ty":"fl","c":{"a":0,"k":[0.128999993205,0.211999997497,0.372999995947,1],"ix":4,"x":"var $bm_rt;\ntry {\n    $bm_rt = thisComp.layer('Controller')('Effects')('Color')('ADBE Color Control-0001');\n} catch (e) {\n    $bm_rt = value;\n}"},"o":{"a":0,"k":100,"ix":5},"r":1,"bm":0,"nm":"Fill 1","mn":"ADBE Vector Graphic - Fill","hd":false},{"ty":"tr","p":{"a":0,"k":[39.256,36.996],"ix":2},"a":{"a":0,"k":[0,0],"ix":1},"s":{"a":0,"k":[100,100],"ix":3},"r":{"a":0,"k":0,"ix":6},"o":{"a":0,"k":100,"ix":7},"sk":{"a":0,"k":0,"ix":4},"sa":{"a":0,"k":0,"ix":5},"nm":"Transform"}],"nm":"Group 40","np":4,"cix":2,"bm":0,"ix":1,"mn":"ADBE Vector Group","hd":false},{"ty":"tr","p":{"a":0,"k":[243.277,244.276],"ix":2},"a":{"a":0,"k":[39.256,36.996],"ix":1},"s":{"a":0,"k":[450,450],"ix":3},"r":{"a":0,"k":0,"ix":6},"o":{"a":0,"k":100,"ix":7},"sk":{"a":0,"k":0,"ix":4},"sa":{"a":0,"k":0,"ix":5},"nm":"Transform"}],"nm":"Layer 7 Outlines - Group 440","np":1,"cix":2,"bm":0,"ix":1,"mn":"ADBE Vector Group","hd":false},{"ty":"gr","it":[{"ty":"gr","it":[{"ind":0,"ty":"sh","ix":1,"ks":{"a":0,"k":{"i":[[3.112,2.168],[0,-2.547],[6.627,0],[1.943,1.354],[-4.08,0],[0,6.627]],"o":[[1.354,1.942],[0,6.628],[-2.547,0],[2.168,3.113],[6.628,0],[0,-4.081]],"v":[[5.772,-10.924],[7.923,-4.077],[-4.077,7.923],[-10.923,5.77],[-1.077,10.924],[10.923,-1.076]],"c":true},"ix":2},"nm":"Path 1","mn":"ADBE Vector Shape - Group","hd":false},{"ty":"fl","c":{"a":0,"k":[0.740999996662,0.764999985695,0.847000002861,1],"ix":4,"x":"var $bm_rt;\ntry {\n    $bm_rt = thisComp.layer('Controller')('Effects')('Color 3')('ADBE Color Control-0001');\n} catch (e) {\n    $bm_rt = value;\n}"},"o":{"a":0,"k":100,"ix":5},"r":1,"bm":0,"nm":"Fill 1","mn":"ADBE Vector Graphic - Fill","hd":false},{"ty":"tr","p":{"a":0,"k":[40.331,38.073],"ix":2},"a":{"a":0,"k":[0,0],"ix":1},"s":{"a":0,"k":[100,100],"ix":3},"r":{"a":0,"k":0,"ix":6},"o":{"a":0,"k":100,"ix":7},"sk":{"a":0,"k":0,"ix":4},"sa":{"a":0,"k":0,"ix":5},"nm":"Transform"}],"nm":"Group 41","np":2,"cix":2,"bm":0,"ix":1,"mn":"ADBE Vector Group","hd":false},{"ty":"tr","p":{"a":0,"k":[248.115,249.124],"ix":2},"a":{"a":0,"k":[40.331,38.073],"ix":1},"s":{"a":0,"k":[450,450],"ix":3},"r":{"a":0,"k":0,"ix":6},"o":{"a":0,"k":100,"ix":7},"sk":{"a":0,"k":0,"ix":4},"sa":{"a":0,"k":0,"ix":5},"nm":"Transform"}],"nm":"Layer 7 Outlines - Group 441","np":1,"cix":2,"bm":0,"ix":2,"mn":"ADBE Vector Group","hd":false},{"ty":"gr","it":[{"ty":"gr","it":[{"ind":0,"ty":"sh","ix":1,"ks":{"a":0,"k":{"i":[[6.628,0],[0,6.627],[-6.627,0],[0,-6.628]],"o":[[-6.627,0],[0,-6.628],[6.628,0],[0,6.627]],"v":[[0,12],[-12,0],[0,-12],[12,0]],"c":true},"ix":2},"nm":"Path 1","mn":"ADBE Vector Shape - Group","hd":false},{"ty":"fl","c":{"a":0,"k":[1,1,1,1],"ix":4,"x":"var $bm_rt;\ntry {\n    $bm_rt = thisComp.layer('Controller')('Effects')('Color 2')('ADBE Color Control-0001');\n} catch (e) {\n    $bm_rt = value;\n}"},"o":{"a":0,"k":100,"ix":5},"r":1,"bm":0,"nm":"Fill 1","mn":"ADBE Vector Graphic - Fill","hd":false},{"ty":"tr","p":{"a":0,"k":[39.255,36.997],"ix":2},"a":{"a":0,"k":[0,0],"ix":1},"s":{"a":0,"k":[100,100],"ix":3},"r":{"a":0,"k":0,"ix":6},"o":{"a":0,"k":100,"ix":7},"sk":{"a":0,"k":0,"ix":4},"sa":{"a":0,"k":0,"ix":5},"nm":"Transform"}],"nm":"Group 42","np":2,"cix":2,"bm":0,"ix":1,"mn":"ADBE Vector Group","hd":false},{"ty":"tr","p":{"a":0,"k":[243.272,244.28],"ix":2},"a":{"a":0,"k":[39.255,36.997],"ix":1},"s":{"a":0,"k":[450,450],"ix":3},"r":{"a":0,"k":0,"ix":6},"o":{"a":0,"k":100,"ix":7},"sk":{"a":0,"k":0,"ix":4},"sa":{"a":0,"k":0,"ix":5},"nm":"Transform"}],"nm":"Layer 7 Outlines - Group 442","np":1,"cix":2,"bm":0,"ix":3,"mn":"ADBE Vector Group","hd":false},{"ty":"tr","p":{"a":0,"k":[243.277,244.276],"ix":2},"a":{"a":0,"k":[243.277,244.276],"ix":1},"s":{"a":0,"k":[100,100],"ix":3},"r":{"a":0,"k":0,"ix":6},"o":{"a":0,"k":100,"ix":7},"sk":{"a":0,"k":0,"ix":4},"sa":{"a":0,"k":0,"ix":5},"nm":"Transform"}],"nm":"Layer 7 Outlines - Group 40 :M","np":3,"cix":2,"bm":0,"ix":2,"mn":"ADBE Vector Group","hd":false}],"ip":0,"op":150,"st":0,"ct":1,"bm":0},{"ddd":0,"ind":7,"ty":4,"nm":"Layer 7 Outlines - Group 43 :M","parent":2,"sr":1,"ks":{"o":{"a":0,"k":100,"ix":11},"r":{"a":0,"k":0,"ix":10},"p":{"a":0,"k":[50.827,12.708,0],"ix":2,"l":2},"a":{"a":0,"k":[243.241,244.276,0],"ix":1,"l":2},"s":{"a":1,"k":[{"i":{"x":[0.27,0.27,0.27],"y":[1,1,1]},"o":{"x":[0.73,0.73,0.73],"y":[0,0,0]},"t":0,"s":[100,100,100]},{"i":{"x":[0.27,0.27,0.27],"y":[1,1,1]},"o":{"x":[0.73,0.73,0.73],"y":[0,0,0]},"t":38,"s":[125,125,100]},{"i":{"x":[0.27,0.27,0.27],"y":[1,1,1]},"o":{"x":[0.73,0.73,0.73],"y":[0,0,0]},"t":75,"s":[100,100,100]},{"i":{"x":[0.27,0.27,0.27],"y":[1,1,1]},"o":{"x":[0.73,0.73,0.73],"y":[0,0,0]},"t":112,"s":[125,125,100]},{"t":150,"s":[100,100,100]}],"ix":6,"l":2}},"ao":0,"shapes":[{"ty":"gr","it":[{"ty":"gr","it":[{"ind":0,"ty":"sh","ix":1,"ks":{"a":0,"k":{"i":[[13.923,0],[0,-8.96],[-13.923,0],[0,8.96]],"o":[[-13.923,0],[0,8.96],[13.923,0],[0,-8.96]],"v":[[0,-16.25],[-25.25,0],[0,16.25],[25.25,0]],"c":true},"ix":2},"nm":"Path 1","mn":"ADBE Vector Shape - Group","hd":false},{"ind":1,"ty":"sh","ix":2,"ks":{"a":0,"k":{"i":[[14.75,0],[0,9.787],[-14.75,0],[0,-9.787]],"o":[[-14.75,0],[0,-9.787],[14.75,0],[0,9.787]],"v":[[0,17.75],[-26.75,0],[0,-17.75],[26.75,0]],"c":true},"ix":2},"nm":"Path 2","mn":"ADBE Vector Shape - Group","hd":false},{"ty":"mm","mm":1,"nm":"Merge Paths 1","mn":"ADBE Vector Filter - Merge","hd":false},{"ty":"fl","c":{"a":0,"k":[0.128999993205,0.211999997497,0.372999995947,1],"ix":4,"x":"var $bm_rt;\ntry {\n    $bm_rt = thisComp.layer('Controller')('Effects')('Color')('ADBE Color Control-0001');\n} catch (e) {\n    $bm_rt = value;\n}"},"o":{"a":0,"k":100,"ix":5},"r":1,"bm":0,"nm":"Fill 1","mn":"ADBE Vector Graphic - Fill","hd":false},{"ty":"tr","p":{"a":0,"k":[39.248,36.996],"ix":2},"a":{"a":0,"k":[0,0],"ix":1},"s":{"a":0,"k":[100,100],"ix":3},"r":{"a":0,"k":0,"ix":6},"o":{"a":0,"k":100,"ix":7},"sk":{"a":0,"k":0,"ix":4},"sa":{"a":0,"k":0,"ix":5},"nm":"Transform"}],"nm":"Group 43","np":4,"cix":2,"bm":0,"ix":1,"mn":"ADBE Vector Group","hd":false},{"ty":"tr","p":{"a":0,"k":[243.241,244.276],"ix":2},"a":{"a":0,"k":[39.248,36.996],"ix":1},"s":{"a":0,"k":[450,450],"ix":3},"r":{"a":0,"k":0,"ix":6},"o":{"a":0,"k":100,"ix":7},"sk":{"a":0,"k":0,"ix":4},"sa":{"a":0,"k":0,"ix":5},"nm":"Transform"}],"nm":"Layer 7 Outlines - Group 443","np":1,"cix":2,"bm":0,"ix":1,"mn":"ADBE Vector Group","hd":false},{"ty":"gr","it":[{"ty":"gr","it":[{"ind":0,"ty":"sh","ix":1,"ks":{"a":0,"k":{"i":[[0,9.298],[8.917,2.695],[0,-4.66],[8.458,-2.712]],"o":[[0,-6.844],[2.569,3.484],[0,9.359],[14.167,-0.145]],"v":[[12.793,-0.779],[-2.314,-16.214],[1.791,-3.779],[-12.793,16.214]],"c":true},"ix":2},"nm":"Path 1","mn":"ADBE Vector Shape - Group","hd":false},{"ty":"fl","c":{"a":0,"k":[0.740999996662,0.764999985695,0.847000002861,1],"ix":4,"x":"var $bm_rt;\ntry {\n    $bm_rt = thisComp.layer('Controller')('Effects')('Color 3')('ADBE Color Control-0001');\n} catch (e) {\n    $bm_rt = value;\n}"},"o":{"a":0,"k":100,"ix":5},"r":1,"bm":0,"nm":"Fill 1","mn":"ADBE Vector Graphic - Fill","hd":false},{"ty":"tr","p":{"a":0,"k":[52.456,37.775],"ix":2},"a":{"a":0,"k":[0,0],"ix":1},"s":{"a":0,"k":[100,100],"ix":3},"r":{"a":0,"k":0,"ix":6},"o":{"a":0,"k":100,"ix":7},"sk":{"a":0,"k":0,"ix":4},"sa":{"a":0,"k":0,"ix":5},"nm":"Transform"}],"nm":"Group 44","np":2,"cix":2,"bm":0,"ix":1,"mn":"ADBE Vector Group","hd":false},{"ty":"tr","p":{"a":0,"k":[302.675,247.782],"ix":2},"a":{"a":0,"k":[52.456,37.775],"ix":1},"s":{"a":0,"k":[450,450],"ix":3},"r":{"a":0,"k":0,"ix":6},"o":{"a":0,"k":100,"ix":7},"sk":{"a":0,"k":0,"ix":4},"sa":{"a":0,"k":0,"ix":5},"nm":"Transform"}],"nm":"Layer 7 Outlines - Group 444","np":1,"cix":2,"bm":0,"ix":2,"mn":"ADBE Vector Group","hd":false},{"ty":"gr","it":[{"ty":"gr","it":[{"ind":0,"ty":"sh","ix":1,"ks":{"a":0,"k":{"i":[[0,-9.39],[14.359,0],[0,9.389],[-14.359,0]],"o":[[0,9.389],[-14.359,0],[0,-9.39],[14.359,0]],"v":[[26,0],[0,17],[-26,0],[0,-17]],"c":true},"ix":2},"nm":"Path 1","mn":"ADBE Vector Shape - Group","hd":false},{"ty":"fl","c":{"a":0,"k":[1,1,1,1],"ix":4,"x":"var $bm_rt;\ntry {\n    $bm_rt = thisComp.layer('Controller')('Effects')('Color 2')('ADBE Color Control-0001');\n} catch (e) {\n    $bm_rt = value;\n}"},"o":{"a":0,"k":100,"ix":5},"r":1,"bm":0,"nm":"Fill 1","mn":"ADBE Vector Graphic - Fill","hd":false},{"ty":"tr","p":{"a":0,"k":[39.248,36.997],"ix":2},"a":{"a":0,"k":[0,0],"ix":1},"s":{"a":0,"k":[100,100],"ix":3},"r":{"a":0,"k":0,"ix":6},"o":{"a":0,"k":100,"ix":7},"sk":{"a":0,"k":0,"ix":4},"sa":{"a":0,"k":0,"ix":5},"nm":"Transform"}],"nm":"Group 45","np":2,"cix":2,"bm":0,"ix":1,"mn":"ADBE Vector Group","hd":false},{"ty":"tr","p":{"a":0,"k":[243.241,244.28],"ix":2},"a":{"a":0,"k":[39.248,36.997],"ix":1},"s":{"a":0,"k":[450,450],"ix":3},"r":{"a":0,"k":0,"ix":6},"o":{"a":0,"k":100,"ix":7},"sk":{"a":0,"k":0,"ix":4},"sa":{"a":0,"k":0,"ix":5},"nm":"Transform"}],"nm":"Layer 7 Outlines - Group 445","np":1,"cix":2,"bm":0,"ix":3,"mn":"ADBE Vector Group","hd":false},{"ty":"gr","it":[{"ty":"gr","it":[{"ind":0,"ty":"sh","ix":1,"ks":{"a":0,"k":{"i":[[13.923,0],[0,-13.923],[-13.923,0],[0,13.923]],"o":[[-13.923,0],[0,13.923],[13.923,0],[0,-13.923]],"v":[[0,-25.25],[-25.25,0],[0,25.25],[25.25,0]],"c":true},"ix":2},"nm":"Path 1","mn":"ADBE Vector Shape - Group","hd":false},{"ind":1,"ty":"sh","ix":2,"ks":{"a":0,"k":{"i":[[14.75,0],[0,14.75],[-14.75,0],[0,-14.75]],"o":[[-14.75,0],[0,-14.75],[14.75,0],[0,14.75]],"v":[[0,26.75],[-26.75,0],[0,-26.75],[26.75,0]],"c":true},"ix":2},"nm":"Path 2","mn":"ADBE Vector Shape - Group","hd":false},{"ty":"mm","mm":1,"nm":"Merge Paths 1","mn":"ADBE Vector Filter - Merge","hd":false},{"ty":"fl","c":{"a":0,"k":[0.128999993205,0.211999997497,0.372999995947,1],"ix":4,"x":"var $bm_rt;\ntry {\n    $bm_rt = thisComp.layer('Controller')('Effects')('Color')('ADBE Color Control-0001');\n} catch (e) {\n    $bm_rt = value;\n}"},"o":{"a":0,"k":100,"ix":5},"r":1,"bm":0,"nm":"Fill 1","mn":"ADBE Vector Graphic - Fill","hd":false},{"ty":"tr","p":{"a":0,"k":[39.248,36.996],"ix":2},"a":{"a":0,"k":[0,0],"ix":1},"s":{"a":0,"k":[100,100],"ix":3},"r":{"a":0,"k":0,"ix":6},"o":{"a":0,"k":100,"ix":7},"sk":{"a":0,"k":0,"ix":4},"sa":{"a":0,"k":0,"ix":5},"nm":"Transform"}],"nm":"Group 46","np":4,"cix":2,"bm":0,"ix":1,"mn":"ADBE Vector Group","hd":false},{"ty":"tr","p":{"a":0,"k":[243.241,244.276],"ix":2},"a":{"a":0,"k":[39.248,36.996],"ix":1},"s":{"a":0,"k":[450,450],"ix":3},"r":{"a":0,"k":0,"ix":6},"o":{"a":0,"k":100,"ix":7},"sk":{"a":0,"k":0,"ix":4},"sa":{"a":0,"k":0,"ix":5},"nm":"Transform"}],"nm":"Layer 7 Outlines - Group 446","np":1,"cix":2,"bm":0,"ix":4,"mn":"ADBE Vector Group","hd":false},{"ty":"gr","it":[{"ty":"gr","it":[{"ind":0,"ty":"sh","ix":1,"ks":{"a":0,"k":{"i":[[12.659,1.75],[0,-9.789],[14.36,0],[1.175,0.163],[-4.57,0],[0,14.36]],"o":[[7.994,4.435],[0,14.359],[-1.22,0],[3.732,2.07],[14.36,0],[0,-13.14]],"v":[[-3.111,-25.873],[10.296,-3.127],[-15.704,22.873],[-19.297,22.62],[-6.703,25.873],[19.297,-0.127]],"c":true},"ix":2},"nm":"Path 1","mn":"ADBE Vector Shape - Group","hd":false},{"ty":"fl","c":{"a":0,"k":[0.740999996662,0.764999985695,0.847000002861,1],"ix":4,"x":"var $bm_rt;\ntry {\n    $bm_rt = thisComp.layer('Controller')('Effects')('Color 3')('ADBE Color Control-0001');\n} catch (e) {\n    $bm_rt = value;\n}"},"o":{"a":0,"k":100,"ix":5},"r":1,"bm":0,"nm":"Fill 1","mn":"ADBE Vector Graphic - Fill","hd":false},{"ty":"tr","p":{"a":0,"k":[45.951,37.123],"ix":2},"a":{"a":0,"k":[0,0],"ix":1},"s":{"a":0,"k":[100,100],"ix":3},"r":{"a":0,"k":0,"ix":6},"o":{"a":0,"k":100,"ix":7},"sk":{"a":0,"k":0,"ix":4},"sa":{"a":0,"k":0,"ix":5},"nm":"Transform"}],"nm":"Group 47","np":2,"cix":2,"bm":0,"ix":1,"mn":"ADBE Vector Group","hd":false},{"ty":"tr","p":{"a":0,"k":[273.404,244.847],"ix":2},"a":{"a":0,"k":[45.951,37.123],"ix":1},"s":{"a":0,"k":[450,450],"ix":3},"r":{"a":0,"k":0,"ix":6},"o":{"a":0,"k":100,"ix":7},"sk":{"a":0,"k":0,"ix":4},"sa":{"a":0,"k":0,"ix":5},"nm":"Transform"}],"nm":"Layer 7 Outlines - Group 447","np":1,"cix":2,"bm":0,"ix":5,"mn":"ADBE Vector Group","hd":false},{"ty":"gr","it":[{"ty":"gr","it":[{"ind":0,"ty":"sh","ix":1,"ks":{"a":0,"k":{"i":[[0,-14.36],[14.359,0],[0,14.359],[-14.359,0]],"o":[[0,14.359],[-14.359,0],[0,-14.36],[14.359,0]],"v":[[26,0],[0,26],[-26,0],[0,-26]],"c":true},"ix":2},"nm":"Path 1","mn":"ADBE Vector Shape - Group","hd":false},{"ty":"fl","c":{"a":0,"k":[1,1,1,1],"ix":4,"x":"var $bm_rt;\ntry {\n    $bm_rt = thisComp.layer('Controller')('Effects')('Color 2')('ADBE Color Control-0001');\n} catch (e) {\n    $bm_rt = value;\n}"},"o":{"a":0,"k":100,"ix":5},"r":1,"bm":0,"nm":"Fill 1","mn":"ADBE Vector Graphic - Fill","hd":false},{"ty":"tr","p":{"a":0,"k":[39.248,36.997],"ix":2},"a":{"a":0,"k":[0,0],"ix":1},"s":{"a":0,"k":[100,100],"ix":3},"r":{"a":0,"k":0,"ix":6},"o":{"a":0,"k":100,"ix":7},"sk":{"a":0,"k":0,"ix":4},"sa":{"a":0,"k":0,"ix":5},"nm":"Transform"}],"nm":"Group 48","np":2,"cix":2,"bm":0,"ix":1,"mn":"ADBE Vector Group","hd":false},{"ty":"tr","p":{"a":0,"k":[243.241,244.28],"ix":2},"a":{"a":0,"k":[39.248,36.997],"ix":1},"s":{"a":0,"k":[450,450],"ix":3},"r":{"a":0,"k":0,"ix":6},"o":{"a":0,"k":100,"ix":7},"sk":{"a":0,"k":0,"ix":4},"sa":{"a":0,"k":0,"ix":5},"nm":"Transform"}],"nm":"Layer 7 Outlines - Group 448","np":1,"cix":2,"bm":0,"ix":6,"mn":"ADBE Vector Group","hd":false}],"ip":0,"op":150,"st":0,"ct":1,"bm":0},{"ddd":0,"ind":8,"ty":4,"nm":"Layer 7 Outlines - Group 1 :M","parent":2,"sr":1,"ks":{"o":{"a":0,"k":100,"ix":11},"r":{"a":0,"k":0,"ix":10},"p":{"a":0,"k":[45.767,12.713,0],"ix":2,"l":2},"a":{"a":0,"k":[238.181,244.28,0],"ix":1,"l":2},"s":{"a":0,"k":[100,100,100],"ix":6,"l":2}},"ao":0,"shapes":[{"ty":"gr","it":[{"ty":"gr","it":[{"ind":0,"ty":"sh","ix":1,"ks":{"a":0,"k":{"i":[[-0.414,0],[0,-0.414],[0.414,0],[0,0.414]],"o":[[0.414,0],[0,0.414],[-0.414,0],[0,-0.414]],"v":[[0,-0.75],[0.75,0],[0,0.75],[-0.75,0]],"c":true},"ix":2},"nm":"Path 1","mn":"ADBE Vector Shape - Group","hd":false},{"ty":"fl","c":{"a":0,"k":[0.128999993205,0.211999997497,0.372999995947,1],"ix":4,"x":"var $bm_rt;\ntry {\n    $bm_rt = thisComp.layer('Controller')('Effects')('Color')('ADBE Color Control-0001');\n} catch (e) {\n    $bm_rt = value;\n}"},"o":{"a":0,"k":100,"ix":5},"r":1,"bm":0,"nm":"Fill 1","mn":"ADBE Vector Graphic - Fill","hd":false},{"ty":"tr","p":{"a":0,"k":[33.998,6.997],"ix":2},"a":{"a":0,"k":[0,0],"ix":1},"s":{"a":0,"k":[100,100],"ix":3},"r":{"a":0,"k":0,"ix":6},"o":{"a":0,"k":100,"ix":7},"sk":{"a":0,"k":0,"ix":4},"sa":{"a":0,"k":0,"ix":5},"nm":"Transform"}],"nm":"Group 1","np":2,"cix":2,"bm":0,"ix":1,"mn":"ADBE Vector Group","hd":false},{"ty":"tr","p":{"a":0,"k":[219.616,109.28],"ix":2},"a":{"a":0,"k":[33.998,6.997],"ix":1},"s":{"a":1,"k":[{"i":{"x":[0.33,0.33],"y":[1,1]},"o":{"x":[0.67,0.67],"y":[0,0]},"t":0,"s":[450,450]},{"i":{"x":[0.833,0.833],"y":[1,1]},"o":{"x":[0.167,0.167],"y":[0,0]},"t":10,"s":[0,0]},{"i":{"x":[0.33,0.33],"y":[1,1]},"o":{"x":[0.67,0.67],"y":[0,0]},"t":65,"s":[0,0]},{"i":{"x":[0.33,0.33],"y":[1,1]},"o":{"x":[0.67,0.67],"y":[0,0]},"t":75,"s":[450,450]},{"i":{"x":[0.833,0.833],"y":[1,1]},"o":{"x":[0.167,0.167],"y":[0,0]},"t":85,"s":[0,0]},{"i":{"x":[0.33,0.33],"y":[1,1]},"o":{"x":[0.67,0.67],"y":[0,0]},"t":140,"s":[0,0]},{"t":150,"s":[450,450]}],"ix":3},"r":{"a":0,"k":0,"ix":6},"o":{"a":0,"k":100,"ix":7},"sk":{"a":0,"k":0,"ix":4},"sa":{"a":0,"k":0,"ix":5},"nm":"Transform"}],"nm":"Layer 7 Outlines - Group 1","np":1,"cix":2,"bm":0,"ix":1,"mn":"ADBE Vector Group","hd":false},{"ty":"gr","it":[{"ty":"gr","it":[{"ind":0,"ty":"sh","ix":1,"ks":{"a":0,"k":{"i":[[-0.414,0],[0,-0.414],[0.415,0],[0,0.414]],"o":[[0.415,0],[0,0.414],[-0.414,0],[0,-0.414]],"v":[[0,-0.75],[0.75,0],[0,0.75],[-0.75,0]],"c":true},"ix":2},"nm":"Path 1","mn":"ADBE Vector Shape - Group","hd":false},{"ty":"fl","c":{"a":0,"k":[0.128999993205,0.211999997497,0.372999995947,1],"ix":4,"x":"var $bm_rt;\ntry {\n    $bm_rt = thisComp.layer('Controller')('Effects')('Color')('ADBE Color Control-0001');\n} catch (e) {\n    $bm_rt = value;\n}"},"o":{"a":0,"k":100,"ix":5},"r":1,"bm":0,"nm":"Fill 1","mn":"ADBE Vector Graphic - Fill","hd":false},{"ty":"tr","p":{"a":0,"k":[39.998,6.997],"ix":2},"a":{"a":0,"k":[0,0],"ix":1},"s":{"a":0,"k":[100,100],"ix":3},"r":{"a":0,"k":0,"ix":6},"o":{"a":0,"k":100,"ix":7},"sk":{"a":0,"k":0,"ix":4},"sa":{"a":0,"k":0,"ix":5},"nm":"Transform"}],"nm":"Group 2","np":2,"cix":2,"bm":0,"ix":1,"mn":"ADBE Vector Group","hd":false},{"ty":"tr","p":{"a":0,"k":[246.616,109.28],"ix":2},"a":{"a":0,"k":[39.998,6.997],"ix":1},"s":{"a":1,"k":[{"i":{"x":[0.262,0.262],"y":[1,1]},"o":{"x":[0.504,0.504],"y":[0.193,0.193]},"t":0,"s":[432.335,432.335]},{"i":{"x":[0.833,0.833],"y":[1,1]},"o":{"x":[0.167,0.167],"y":[0,0]},"t":8,"s":[0,0]},{"i":{"x":[0.33,0.33],"y":[1,1]},"o":{"x":[0.67,0.67],"y":[0,0]},"t":63,"s":[0,0]},{"i":{"x":[0.33,0.33],"y":[1,1]},"o":{"x":[0.67,0.67],"y":[0,0]},"t":73,"s":[450,450]},{"i":{"x":[0.833,0.833],"y":[1,1]},"o":{"x":[0.167,0.167],"y":[0,0]},"t":83,"s":[0,0]},{"i":{"x":[0.33,0.33],"y":[1,1]},"o":{"x":[0.67,0.67],"y":[0,0]},"t":138,"s":[0,0]},{"i":{"x":[0.727,0.727],"y":[0.362,0.362]},"o":{"x":[0.399,0.399],"y":[0,0]},"t":148,"s":[450,450]},{"t":150,"s":[432.335,432.335]}],"ix":3},"r":{"a":0,"k":0,"ix":6},"o":{"a":0,"k":100,"ix":7},"sk":{"a":0,"k":0,"ix":4},"sa":{"a":0,"k":0,"ix":5},"nm":"Transform"}],"nm":"Layer 7 Outlines - Group 2","np":1,"cix":2,"bm":0,"ix":2,"mn":"ADBE Vector Group","hd":false},{"ty":"gr","it":[{"ty":"gr","it":[{"ind":0,"ty":"sh","ix":1,"ks":{"a":0,"k":{"i":[[-0.414,0],[0,-0.414],[0.414,0],[0,0.414]],"o":[[0.414,0],[0,0.414],[-0.414,0],[0,-0.414]],"v":[[0,-0.75],[0.75,0],[0,0.75],[-0.75,0]],"c":true},"ix":2},"nm":"Path 1","mn":"ADBE Vector Shape - Group","hd":false},{"ty":"fl","c":{"a":0,"k":[0.128999993205,0.211999997497,0.372999995947,1],"ix":4,"x":"var $bm_rt;\ntry {\n    $bm_rt = thisComp.layer('Controller')('Effects')('Color')('ADBE Color Control-0001');\n} catch (e) {\n    $bm_rt = value;\n}"},"o":{"a":0,"k":100,"ix":5},"r":1,"bm":0,"nm":"Fill 1","mn":"ADBE Vector Graphic - Fill","hd":false},{"ty":"tr","p":{"a":0,"k":[43.999,6.997],"ix":2},"a":{"a":0,"k":[0,0],"ix":1},"s":{"a":0,"k":[100,100],"ix":3},"r":{"a":0,"k":0,"ix":6},"o":{"a":0,"k":100,"ix":7},"sk":{"a":0,"k":0,"ix":4},"sa":{"a":0,"k":0,"ix":5},"nm":"Transform"}],"nm":"Group 3","np":2,"cix":2,"bm":0,"ix":1,"mn":"ADBE Vector Group","hd":false},{"ty":"tr","p":{"a":0,"k":[264.621,109.28],"ix":2},"a":{"a":0,"k":[43.999,6.997],"ix":1},"s":{"a":1,"k":[{"i":{"x":[0.242,0.242],"y":[1,1]},"o":{"x":[0.26,0.26],"y":[0.391,0.391]},"t":0,"s":[340.501,340.501]},{"i":{"x":[0.833,0.833],"y":[1,1]},"o":{"x":[0.167,0.167],"y":[0,0]},"t":6,"s":[0,0]},{"i":{"x":[0.33,0.33],"y":[1,1]},"o":{"x":[0.67,0.67],"y":[0,0]},"t":61,"s":[0,0]},{"i":{"x":[0.33,0.33],"y":[1,1]},"o":{"x":[0.67,0.67],"y":[0,0]},"t":71,"s":[450,450]},{"i":{"x":[0.833,0.833],"y":[1,1]},"o":{"x":[0.167,0.167],"y":[0,0]},"t":81,"s":[0,0]},{"i":{"x":[0.33,0.33],"y":[1,1]},"o":{"x":[0.67,0.67],"y":[0,0]},"t":136,"s":[0,0]},{"i":{"x":[0.816,0.816],"y":[0.424,0.424]},"o":{"x":[0.538,0.538],"y":[0,0]},"t":146,"s":[450,450]},{"t":150,"s":[340.501,340.501]}],"ix":3},"r":{"a":0,"k":0,"ix":6},"o":{"a":0,"k":100,"ix":7},"sk":{"a":0,"k":0,"ix":4},"sa":{"a":0,"k":0,"ix":5},"nm":"Transform"}],"nm":"Layer 7 Outlines - Group 3","np":1,"cix":2,"bm":0,"ix":3,"mn":"ADBE Vector Group","hd":false},{"ty":"gr","it":[{"ty":"gr","it":[{"ind":0,"ty":"sh","ix":1,"ks":{"a":0,"k":{"i":[[-0.414,0],[0,-0.414],[0.414,0],[0,0.414]],"o":[[0.414,0],[0,0.414],[-0.414,0],[0,-0.414]],"v":[[0,-0.75],[0.75,0],[0,0.75],[-0.75,0]],"c":true},"ix":2},"nm":"Path 1","mn":"ADBE Vector Shape - Group","hd":false},{"ty":"fl","c":{"a":0,"k":[0.128999993205,0.211999997497,0.372999995947,1],"ix":4,"x":"var $bm_rt;\ntry {\n    $bm_rt = thisComp.layer('Controller')('Effects')('Color')('ADBE Color Control-0001');\n} catch (e) {\n    $bm_rt = value;\n}"},"o":{"a":0,"k":100,"ix":5},"r":1,"bm":0,"nm":"Fill 1","mn":"ADBE Vector Graphic - Fill","hd":false},{"ty":"tr","p":{"a":0,"k":[46.999,6.997],"ix":2},"a":{"a":0,"k":[0,0],"ix":1},"s":{"a":0,"k":[100,100],"ix":3},"r":{"a":0,"k":0,"ix":6},"o":{"a":0,"k":100,"ix":7},"sk":{"a":0,"k":0,"ix":4},"sa":{"a":0,"k":0,"ix":5},"nm":"Transform"}],"nm":"Group 4","np":2,"cix":2,"bm":0,"ix":1,"mn":"ADBE Vector Group","hd":false},{"ty":"tr","p":{"a":0,"k":[278.121,109.28],"ix":2},"a":{"a":0,"k":[46.999,6.997],"ix":1},"s":{"a":1,"k":[{"i":{"x":[0.462,0.462],"y":[1,1]},"o":{"x":[0.184,0.184],"y":[0.576,0.576]},"t":0,"s":[109.499,109.499]},{"i":{"x":[0.833,0.833],"y":[1,1]},"o":{"x":[0.167,0.167],"y":[0,0]},"t":4,"s":[0,0]},{"i":{"x":[0.33,0.33],"y":[1,1]},"o":{"x":[0.67,0.67],"y":[0,0]},"t":59,"s":[0,0]},{"i":{"x":[0.33,0.33],"y":[1,1]},"o":{"x":[0.67,0.67],"y":[0,0]},"t":69,"s":[450,450]},{"i":{"x":[0.833,0.833],"y":[1,1]},"o":{"x":[0.167,0.167],"y":[0,0]},"t":79,"s":[0,0]},{"i":{"x":[0.33,0.33],"y":[1,1]},"o":{"x":[0.67,0.67],"y":[0,0]},"t":134,"s":[0,0]},{"i":{"x":[0.74,0.74],"y":[0.609,0.609]},"o":{"x":[0.758,0.758],"y":[0,0]},"t":144,"s":[450,450]},{"t":150,"s":[109.499,109.499]}],"ix":3},"r":{"a":0,"k":0,"ix":6},"o":{"a":0,"k":100,"ix":7},"sk":{"a":0,"k":0,"ix":4},"sa":{"a":0,"k":0,"ix":5},"nm":"Transform"}],"nm":"Layer 7 Outlines - Group 4","np":1,"cix":2,"bm":0,"ix":4,"mn":"ADBE Vector Group","hd":false},{"ty":"gr","it":[{"ty":"gr","it":[{"ty":"gr","it":[{"ind":0,"ty":"sh","ix":1,"ks":{"a":0,"k":{"i":[[0.414,0],[0,0],[0,0.414],[-0.414,0],[0,0],[0,-0.414]],"o":[[0,0],[-0.414,0],[0,-0.414],[0,0],[0.414,0],[0,0.414]],"v":[[2,0.75],[-2,0.75],[-2.75,0],[-2,-0.75],[2,-0.75],[2.75,0]],"c":true},"ix":2},"nm":"Path 1","mn":"ADBE Vector Shape - Group","hd":false},{"ty":"fl","c":{"a":0,"k":[0.128999993205,0.211999997497,0.372999995947,1],"ix":4,"x":"var $bm_rt;\ntry {\n    $bm_rt = thisComp.layer('Controller')('Effects')('Color')('ADBE Color Control-0001');\n} catch (e) {\n    $bm_rt = value;\n}"},"o":{"a":0,"k":100,"ix":5},"r":1,"bm":0,"nm":"Fill 1","mn":"ADBE Vector Graphic - Fill","hd":false},{"ty":"tr","p":{"a":0,"k":[53,6.997],"ix":2},"a":{"a":0,"k":[0,0],"ix":1},"s":{"a":0,"k":[100,100],"ix":3},"r":{"a":0,"k":0,"ix":6},"o":{"a":0,"k":100,"ix":7},"sk":{"a":0,"k":0,"ix":4},"sa":{"a":0,"k":0,"ix":5},"nm":"Transform"}],"nm":"Group 5","np":2,"cix":2,"bm":0,"ix":1,"mn":"ADBE Vector Group","hd":false},{"ty":"tr","p":{"a":0,"k":[305.125,109.28],"ix":2},"a":{"a":0,"k":[53,6.997],"ix":1},"s":{"a":0,"k":[450,450],"ix":3},"r":{"a":0,"k":0,"ix":6},"o":{"a":0,"k":100,"ix":7},"sk":{"a":0,"k":0,"ix":4},"sa":{"a":0,"k":0,"ix":5},"nm":"Transform"}],"nm":"Layer 7 Outlines - Group 5","np":1,"cix":2,"bm":0,"ix":1,"mn":"ADBE Vector Group","hd":false},{"ty":"gr","it":[{"ty":"gr","it":[{"ind":0,"ty":"sh","ix":1,"ks":{"a":0,"k":{"i":[[0.414,0],[0,0.414],[0,0],[-0.414,0],[0,-0.414],[0,0]],"o":[[-0.414,0],[0,0],[0,-0.414],[0.414,0],[0,0],[0,0.414]],"v":[[0,2.75],[-0.75,2],[-0.75,-2],[0,-2.75],[0.75,-2],[0.75,2]],"c":true},"ix":2},"nm":"Path 1","mn":"ADBE Vector Shape - Group","hd":false},{"ty":"fl","c":{"a":0,"k":[0.128999993205,0.211999997497,0.372999995947,1],"ix":4,"x":"var $bm_rt;\ntry {\n    $bm_rt = thisComp.layer('Controller')('Effects')('Color')('ADBE Color Control-0001');\n} catch (e) {\n    $bm_rt = value;\n}"},"o":{"a":0,"k":100,"ix":5},"r":1,"bm":0,"nm":"Fill 1","mn":"ADBE Vector Graphic - Fill","hd":false},{"ty":"tr","p":{"a":0,"k":[53,6.997],"ix":2},"a":{"a":0,"k":[0,0],"ix":1},"s":{"a":0,"k":[100,100],"ix":3},"r":{"a":0,"k":0,"ix":6},"o":{"a":0,"k":100,"ix":7},"sk":{"a":0,"k":0,"ix":4},"sa":{"a":0,"k":0,"ix":5},"nm":"Transform"}],"nm":"Group 6","np":2,"cix":2,"bm":0,"ix":1,"mn":"ADBE Vector Group","hd":false},{"ty":"tr","p":{"a":0,"k":[305.125,109.28],"ix":2},"a":{"a":0,"k":[53,6.997],"ix":1},"s":{"a":0,"k":[450,450],"ix":3},"r":{"a":0,"k":0,"ix":6},"o":{"a":0,"k":100,"ix":7},"sk":{"a":0,"k":0,"ix":4},"sa":{"a":0,"k":0,"ix":5},"nm":"Transform"}],"nm":"Layer 7 Outlines - Group 6","np":1,"cix":2,"bm":0,"ix":2,"mn":"ADBE Vector Group","hd":false},{"ty":"tr","p":{"a":0,"k":[305.125,109.28],"ix":2},"a":{"a":0,"k":[305.125,109.28],"ix":1},"s":{"a":1,"k":[{"i":{"x":[0.601,0.601],"y":[1,1]},"o":{"x":[0.273,0.273],"y":[0.638,0.638]},"t":0,"s":[3.926,3.926]},{"i":{"x":[0.833,0.833],"y":[1,1]},"o":{"x":[0.167,0.167],"y":[0,0]},"t":2,"s":[0,0]},{"i":{"x":[0.33,0.33],"y":[1,1]},"o":{"x":[0.67,0.67],"y":[0,0]},"t":57,"s":[0,0]},{"i":{"x":[0.33,0.33],"y":[1,1]},"o":{"x":[0.67,0.67],"y":[0,0]},"t":67,"s":[100,100]},{"i":{"x":[0.833,0.833],"y":[1,1]},"o":{"x":[0.167,0.167],"y":[0,0]},"t":77,"s":[0,0]},{"i":{"x":[0.33,0.33],"y":[1,1]},"o":{"x":[0.67,0.67],"y":[0,0]},"t":132,"s":[0,0]},{"i":{"x":[0.496,0.496],"y":[0.807,0.807]},"o":{"x":[0.738,0.738],"y":[0,0]},"t":142,"s":[100,100]},{"t":150,"s":[3.926,3.926]}],"ix":3},"r":{"a":0,"k":0,"ix":6},"o":{"a":0,"k":100,"ix":7},"sk":{"a":0,"k":0,"ix":4},"sa":{"a":0,"k":0,"ix":5},"nm":"Transform"}],"nm":"Layer 7 Outlines - Group 5 :M","np":2,"cix":2,"bm":0,"ix":5,"mn":"ADBE Vector Group","hd":false},{"ty":"gr","it":[{"ty":"gr","it":[{"ind":0,"ty":"sh","ix":1,"ks":{"a":0,"k":{"i":[[0.414,0],[0,0.414],[-0.414,0],[0,-0.414]],"o":[[-0.414,0],[0,-0.414],[0.414,0],[0,0.414]],"v":[[0,0.75],[-0.75,0],[0,-0.75],[0.75,0]],"c":true},"ix":2},"nm":"Path 1","mn":"ADBE Vector Shape - Group","hd":false},{"ty":"fl","c":{"a":0,"k":[0.128999993205,0.211999997497,0.372999995947,1],"ix":4,"x":"var $bm_rt;\ntry {\n    $bm_rt = thisComp.layer('Controller')('Effects')('Color')('ADBE Color Control-0001');\n} catch (e) {\n    $bm_rt = value;\n}"},"o":{"a":0,"k":100,"ix":5},"r":1,"bm":0,"nm":"Fill 1","mn":"ADBE Vector Graphic - Fill","hd":false},{"ty":"tr","p":{"a":0,"k":[42.248,66.997],"ix":2},"a":{"a":0,"k":[0,0],"ix":1},"s":{"a":0,"k":[100,100],"ix":3},"r":{"a":0,"k":0,"ix":6},"o":{"a":0,"k":100,"ix":7},"sk":{"a":0,"k":0,"ix":4},"sa":{"a":0,"k":0,"ix":5},"nm":"Transform"}],"nm":"Group 7","np":2,"cix":2,"bm":0,"ix":1,"mn":"ADBE Vector Group","hd":false},{"ty":"tr","p":{"a":0,"k":[256.741,379.28],"ix":2},"a":{"a":0,"k":[42.248,66.997],"ix":1},"s":{"a":1,"k":[{"i":{"x":[0.33,0.33],"y":[1,1]},"o":{"x":[0.67,0.67],"y":[0,0]},"t":0,"s":[450,450]},{"i":{"x":[0.833,0.833],"y":[1,1]},"o":{"x":[0.167,0.167],"y":[0,0]},"t":10,"s":[0,0]},{"i":{"x":[0.33,0.33],"y":[1,1]},"o":{"x":[0.67,0.67],"y":[0,0]},"t":65,"s":[0,0]},{"i":{"x":[0.33,0.33],"y":[1,1]},"o":{"x":[0.67,0.67],"y":[0,0]},"t":75,"s":[450,450]},{"i":{"x":[0.833,0.833],"y":[1,1]},"o":{"x":[0.167,0.167],"y":[0,0]},"t":85,"s":[0,0]},{"i":{"x":[0.33,0.33],"y":[1,1]},"o":{"x":[0.67,0.67],"y":[0,0]},"t":140,"s":[0,0]},{"t":150,"s":[450,450]}],"ix":3},"r":{"a":0,"k":0,"ix":6},"o":{"a":0,"k":100,"ix":7},"sk":{"a":0,"k":0,"ix":4},"sa":{"a":0,"k":0,"ix":5},"nm":"Transform"}],"nm":"Layer 7 Outlines - Group 7","np":1,"cix":2,"bm":0,"ix":6,"mn":"ADBE Vector Group","hd":false},{"ty":"gr","it":[{"ty":"gr","it":[{"ind":0,"ty":"sh","ix":1,"ks":{"a":0,"k":{"i":[[0.414,0],[0,0.414],[-0.415,0],[0,-0.414]],"o":[[-0.415,0],[0,-0.414],[0.414,0],[0,0.414]],"v":[[0,0.75],[-0.75,0],[0,-0.75],[0.75,0]],"c":true},"ix":2},"nm":"Path 1","mn":"ADBE Vector Shape - Group","hd":false},{"ty":"fl","c":{"a":0,"k":[0.128999993205,0.211999997497,0.372999995947,1],"ix":4,"x":"var $bm_rt;\ntry {\n    $bm_rt = thisComp.layer('Controller')('Effects')('Color')('ADBE Color Control-0001');\n} catch (e) {\n    $bm_rt = value;\n}"},"o":{"a":0,"k":100,"ix":5},"r":1,"bm":0,"nm":"Fill 1","mn":"ADBE Vector Graphic - Fill","hd":false},{"ty":"tr","p":{"a":0,"k":[36.248,66.997],"ix":2},"a":{"a":0,"k":[0,0],"ix":1},"s":{"a":0,"k":[100,100],"ix":3},"r":{"a":0,"k":0,"ix":6},"o":{"a":0,"k":100,"ix":7},"sk":{"a":0,"k":0,"ix":4},"sa":{"a":0,"k":0,"ix":5},"nm":"Transform"}],"nm":"Group 8","np":2,"cix":2,"bm":0,"ix":1,"mn":"ADBE Vector Group","hd":false},{"ty":"tr","p":{"a":0,"k":[229.741,379.28],"ix":2},"a":{"a":0,"k":[36.248,66.997],"ix":1},"s":{"a":1,"k":[{"i":{"x":[0.262,0.262],"y":[1,1]},"o":{"x":[0.504,0.504],"y":[0.193,0.193]},"t":0,"s":[432.335,432.335]},{"i":{"x":[0.833,0.833],"y":[1,1]},"o":{"x":[0.167,0.167],"y":[0,0]},"t":8,"s":[0,0]},{"i":{"x":[0.33,0.33],"y":[1,1]},"o":{"x":[0.67,0.67],"y":[0,0]},"t":63,"s":[0,0]},{"i":{"x":[0.33,0.33],"y":[1,1]},"o":{"x":[0.67,0.67],"y":[0,0]},"t":73,"s":[450,450]},{"i":{"x":[0.833,0.833],"y":[1,1]},"o":{"x":[0.167,0.167],"y":[0,0]},"t":83,"s":[0,0]},{"i":{"x":[0.33,0.33],"y":[1,1]},"o":{"x":[0.67,0.67],"y":[0,0]},"t":138,"s":[0,0]},{"i":{"x":[0.727,0.727],"y":[0.362,0.362]},"o":{"x":[0.399,0.399],"y":[0,0]},"t":148,"s":[450,450]},{"t":150,"s":[432.335,432.335]}],"ix":3},"r":{"a":0,"k":0,"ix":6},"o":{"a":0,"k":100,"ix":7},"sk":{"a":0,"k":0,"ix":4},"sa":{"a":0,"k":0,"ix":5},"nm":"Transform"}],"nm":"Layer 7 Outlines - Group 8","np":1,"cix":2,"bm":0,"ix":7,"mn":"ADBE Vector Group","hd":false},{"ty":"gr","it":[{"ty":"gr","it":[{"ind":0,"ty":"sh","ix":1,"ks":{"a":0,"k":{"i":[[0.414,0],[0,0.414],[-0.414,0],[0,-0.414]],"o":[[-0.414,0],[0,-0.414],[0.414,0],[0,0.414]],"v":[[0,0.75],[-0.75,0],[0,-0.75],[0.75,0]],"c":true},"ix":2},"nm":"Path 1","mn":"ADBE Vector Shape - Group","hd":false},{"ty":"fl","c":{"a":0,"k":[0.128999993205,0.211999997497,0.372999995947,1],"ix":4,"x":"var $bm_rt;\ntry {\n    $bm_rt = thisComp.layer('Controller')('Effects')('Color')('ADBE Color Control-0001');\n} catch (e) {\n    $bm_rt = value;\n}"},"o":{"a":0,"k":100,"ix":5},"r":1,"bm":0,"nm":"Fill 1","mn":"ADBE Vector Graphic - Fill","hd":false},{"ty":"tr","p":{"a":0,"k":[32.247,66.997],"ix":2},"a":{"a":0,"k":[0,0],"ix":1},"s":{"a":0,"k":[100,100],"ix":3},"r":{"a":0,"k":0,"ix":6},"o":{"a":0,"k":100,"ix":7},"sk":{"a":0,"k":0,"ix":4},"sa":{"a":0,"k":0,"ix":5},"nm":"Transform"}],"nm":"Group 9","np":2,"cix":2,"bm":0,"ix":1,"mn":"ADBE Vector Group","hd":false},{"ty":"tr","p":{"a":0,"k":[211.737,379.28],"ix":2},"a":{"a":0,"k":[32.247,66.997],"ix":1},"s":{"a":1,"k":[{"i":{"x":[0.242,0.242],"y":[1,1]},"o":{"x":[0.26,0.26],"y":[0.391,0.391]},"t":0,"s":[340.501,340.501]},{"i":{"x":[0.833,0.833],"y":[1,1]},"o":{"x":[0.167,0.167],"y":[0,0]},"t":6,"s":[0,0]},{"i":{"x":[0.33,0.33],"y":[1,1]},"o":{"x":[0.67,0.67],"y":[0,0]},"t":61,"s":[0,0]},{"i":{"x":[0.33,0.33],"y":[1,1]},"o":{"x":[0.67,0.67],"y":[0,0]},"t":71,"s":[450,450]},{"i":{"x":[0.833,0.833],"y":[1,1]},"o":{"x":[0.167,0.167],"y":[0,0]},"t":81,"s":[0,0]},{"i":{"x":[0.33,0.33],"y":[1,1]},"o":{"x":[0.67,0.67],"y":[0,0]},"t":136,"s":[0,0]},{"i":{"x":[0.816,0.816],"y":[0.424,0.424]},"o":{"x":[0.538,0.538],"y":[0,0]},"t":146,"s":[450,450]},{"t":150,"s":[340.501,340.501]}],"ix":3},"r":{"a":0,"k":0,"ix":6},"o":{"a":0,"k":100,"ix":7},"sk":{"a":0,"k":0,"ix":4},"sa":{"a":0,"k":0,"ix":5},"nm":"Transform"}],"nm":"Layer 7 Outlines - Group 9","np":1,"cix":2,"bm":0,"ix":8,"mn":"ADBE Vector Group","hd":false},{"ty":"gr","it":[{"ty":"gr","it":[{"ind":0,"ty":"sh","ix":1,"ks":{"a":0,"k":{"i":[[0.414,0],[0,0.414],[-0.414,0],[0,-0.414]],"o":[[-0.414,0],[0,-0.414],[0.414,0],[0,0.414]],"v":[[0,0.75],[-0.75,0],[0,-0.75],[0.75,0]],"c":true},"ix":2},"nm":"Path 1","mn":"ADBE Vector Shape - Group","hd":false},{"ty":"fl","c":{"a":0,"k":[0.128999993205,0.211999997497,0.372999995947,1],"ix":4,"x":"var $bm_rt;\ntry {\n    $bm_rt = thisComp.layer('Controller')('Effects')('Color')('ADBE Color Control-0001');\n} catch (e) {\n    $bm_rt = value;\n}"},"o":{"a":0,"k":100,"ix":5},"r":1,"bm":0,"nm":"Fill 1","mn":"ADBE Vector Graphic - Fill","hd":false},{"ty":"tr","p":{"a":0,"k":[29.247,66.997],"ix":2},"a":{"a":0,"k":[0,0],"ix":1},"s":{"a":0,"k":[100,100],"ix":3},"r":{"a":0,"k":0,"ix":6},"o":{"a":0,"k":100,"ix":7},"sk":{"a":0,"k":0,"ix":4},"sa":{"a":0,"k":0,"ix":5},"nm":"Transform"}],"nm":"Group 10","np":2,"cix":2,"bm":0,"ix":1,"mn":"ADBE Vector Group","hd":false},{"ty":"tr","p":{"a":0,"k":[198.237,379.28],"ix":2},"a":{"a":0,"k":[29.247,66.997],"ix":1},"s":{"a":1,"k":[{"i":{"x":[0.462,0.462],"y":[1,1]},"o":{"x":[0.184,0.184],"y":[0.576,0.576]},"t":0,"s":[109.499,109.499]},{"i":{"x":[0.833,0.833],"y":[1,1]},"o":{"x":[0.167,0.167],"y":[0,0]},"t":4,"s":[0,0]},{"i":{"x":[0.33,0.33],"y":[1,1]},"o":{"x":[0.67,0.67],"y":[0,0]},"t":59,"s":[0,0]},{"i":{"x":[0.33,0.33],"y":[1,1]},"o":{"x":[0.67,0.67],"y":[0,0]},"t":69,"s":[450,450]},{"i":{"x":[0.833,0.833],"y":[1,1]},"o":{"x":[0.167,0.167],"y":[0,0]},"t":79,"s":[0,0]},{"i":{"x":[0.33,0.33],"y":[1,1]},"o":{"x":[0.67,0.67],"y":[0,0]},"t":134,"s":[0,0]},{"i":{"x":[0.74,0.74],"y":[0.609,0.609]},"o":{"x":[0.758,0.758],"y":[0,0]},"t":144,"s":[450,450]},{"t":150,"s":[109.499,109.499]}],"ix":3},"r":{"a":0,"k":0,"ix":6},"o":{"a":0,"k":100,"ix":7},"sk":{"a":0,"k":0,"ix":4},"sa":{"a":0,"k":0,"ix":5},"nm":"Transform"}],"nm":"Layer 7 Outlines - Group 110","np":1,"cix":2,"bm":0,"ix":9,"mn":"ADBE Vector Group","hd":false},{"ty":"gr","it":[{"ty":"gr","it":[{"ty":"gr","it":[{"ind":0,"ty":"sh","ix":1,"ks":{"a":0,"k":{"i":[[0.414,0],[0,0],[0,0.414],[-0.414,0],[0,0],[0,-0.414]],"o":[[0,0],[-0.414,0],[0,-0.414],[0,0],[0.414,0],[0,0.414]],"v":[[2,0.75],[-2,0.75],[-2.75,0],[-2,-0.75],[2,-0.75],[2.75,0]],"c":true},"ix":2},"nm":"Path 1","mn":"ADBE Vector Shape - Group","hd":false},{"ty":"fl","c":{"a":0,"k":[0.128999993205,0.211999997497,0.372999995947,1],"ix":4,"x":"var $bm_rt;\ntry {\n    $bm_rt = thisComp.layer('Controller')('Effects')('Color')('ADBE Color Control-0001');\n} catch (e) {\n    $bm_rt = value;\n}"},"o":{"a":0,"k":100,"ix":5},"r":1,"bm":0,"nm":"Fill 1","mn":"ADBE Vector Graphic - Fill","hd":false},{"ty":"tr","p":{"a":0,"k":[23.247,66.997],"ix":2},"a":{"a":0,"k":[0,0],"ix":1},"s":{"a":0,"k":[100,100],"ix":3},"r":{"a":0,"k":0,"ix":6},"o":{"a":0,"k":100,"ix":7},"sk":{"a":0,"k":0,"ix":4},"sa":{"a":0,"k":0,"ix":5},"nm":"Transform"}],"nm":"Group 11","np":2,"cix":2,"bm":0,"ix":1,"mn":"ADBE Vector Group","hd":false},{"ty":"tr","p":{"a":0,"k":[171.237,379.28],"ix":2},"a":{"a":0,"k":[23.247,66.997],"ix":1},"s":{"a":0,"k":[450,450],"ix":3},"r":{"a":0,"k":0,"ix":6},"o":{"a":0,"k":100,"ix":7},"sk":{"a":0,"k":0,"ix":4},"sa":{"a":0,"k":0,"ix":5},"nm":"Transform"}],"nm":"Layer 7 Outlines - Group 111","np":1,"cix":2,"bm":0,"ix":1,"mn":"ADBE Vector Group","hd":false},{"ty":"gr","it":[{"ty":"gr","it":[{"ind":0,"ty":"sh","ix":1,"ks":{"a":0,"k":{"i":[[0.414,0],[0,0.414],[0,0],[-0.414,0],[0,-0.414],[0,0]],"o":[[-0.414,0],[0,0],[0,-0.414],[0.414,0],[0,0],[0,0.414]],"v":[[0,2.75],[-0.75,2],[-0.75,-2],[0,-2.75],[0.75,-2],[0.75,2]],"c":true},"ix":2},"nm":"Path 1","mn":"ADBE Vector Shape - Group","hd":false},{"ty":"fl","c":{"a":0,"k":[0.128999993205,0.211999997497,0.372999995947,1],"ix":4,"x":"var $bm_rt;\ntry {\n    $bm_rt = thisComp.layer('Controller')('Effects')('Color')('ADBE Color Control-0001');\n} catch (e) {\n    $bm_rt = value;\n}"},"o":{"a":0,"k":100,"ix":5},"r":1,"bm":0,"nm":"Fill 1","mn":"ADBE Vector Graphic - Fill","hd":false},{"ty":"tr","p":{"a":0,"k":[23.247,66.997],"ix":2},"a":{"a":0,"k":[0,0],"ix":1},"s":{"a":0,"k":[100,100],"ix":3},"r":{"a":0,"k":0,"ix":6},"o":{"a":0,"k":100,"ix":7},"sk":{"a":0,"k":0,"ix":4},"sa":{"a":0,"k":0,"ix":5},"nm":"Transform"}],"nm":"Group 12","np":2,"cix":2,"bm":0,"ix":1,"mn":"ADBE Vector Group","hd":false},{"ty":"tr","p":{"a":0,"k":[171.237,379.28],"ix":2},"a":{"a":0,"k":[23.247,66.997],"ix":1},"s":{"a":0,"k":[450,450],"ix":3},"r":{"a":0,"k":0,"ix":6},"o":{"a":0,"k":100,"ix":7},"sk":{"a":0,"k":0,"ix":4},"sa":{"a":0,"k":0,"ix":5},"nm":"Transform"}],"nm":"Layer 7 Outlines - Group 112","np":1,"cix":2,"bm":0,"ix":2,"mn":"ADBE Vector Group","hd":false},{"ty":"tr","p":{"a":0,"k":[171.237,379.28],"ix":2},"a":{"a":0,"k":[171.237,379.28],"ix":1},"s":{"a":1,"k":[{"i":{"x":[0.601,0.601],"y":[1,1]},"o":{"x":[0.273,0.273],"y":[0.638,0.638]},"t":0,"s":[3.926,3.926]},{"i":{"x":[0.833,0.833],"y":[1,1]},"o":{"x":[0.167,0.167],"y":[0,0]},"t":2,"s":[0,0]},{"i":{"x":[0.33,0.33],"y":[1,1]},"o":{"x":[0.67,0.67],"y":[0,0]},"t":57,"s":[0,0]},{"i":{"x":[0.33,0.33],"y":[1,1]},"o":{"x":[0.67,0.67],"y":[0,0]},"t":67,"s":[100,100]},{"i":{"x":[0.833,0.833],"y":[1,1]},"o":{"x":[0.167,0.167],"y":[0,0]},"t":77,"s":[0,0]},{"i":{"x":[0.33,0.33],"y":[1,1]},"o":{"x":[0.67,0.67],"y":[0,0]},"t":132,"s":[0,0]},{"i":{"x":[0.496,0.496],"y":[0.807,0.807]},"o":{"x":[0.738,0.738],"y":[0,0]},"t":142,"s":[100,100]},{"t":150,"s":[3.926,3.926]}],"ix":3},"r":{"a":0,"k":0,"ix":6},"o":{"a":0,"k":100,"ix":7},"sk":{"a":0,"k":0,"ix":4},"sa":{"a":0,"k":0,"ix":5},"nm":"Transform"}],"nm":"Layer 7 Outlines - Group 11 :M","np":2,"cix":2,"bm":0,"ix":10,"mn":"ADBE Vector Group","hd":false}],"ip":0,"op":150,"st":0,"ct":1,"bm":0},{"ddd":0,"ind":9,"ty":4,"nm":"Layer 7 Outlines - Group 49 :M","parent":2,"sr":1,"ks":{"o":{"a":0,"k":100,"ix":11},"r":{"a":0,"k":0,"ix":10},"p":{"a":0,"k":[51.734,18.314,0],"ix":2,"l":2},"a":{"a":0,"k":[244.148,249.881,0],"ix":1,"l":2},"s":{"a":0,"k":[100,100,100],"ix":6,"l":2}},"ao":0,"shapes":[{"ty":"gr","it":[{"ty":"gr","it":[{"ind":0,"ty":"sh","ix":1,"ks":{"a":0,"k":{"i":[[0,-11.046],[11.045,0],[0,11.046],[-11.046,0]],"o":[[0,11.046],[-11.046,0],[0,-11.046],[11.045,0]],"v":[[20,0],[0,20],[-20,0],[0,-20]],"c":true},"ix":2},"nm":"Path 1","mn":"ADBE Vector Shape - Group","hd":false},{"ty":"fl","c":{"a":0,"k":[0.909803926945,0.921568632126,0.92549020052,1],"ix":4,"x":"var $bm_rt;\ntry {\n    $bm_rt = thisComp.layer('Controller').effect('Color 4')('ADBE Color Control-0001');\n} catch (e) {\n    $bm_rt = value;\n}"},"o":{"a":0,"k":100,"ix":5},"r":1,"bm":0,"nm":"Fill 1","mn":"ADBE Vector Graphic - Fill","hd":false},{"ty":"tr","p":{"a":0,"k":[61.25,56.286],"ix":2},"a":{"a":0,"k":[0,0],"ix":1},"s":{"a":0,"k":[100,100],"ix":3},"r":{"a":0,"k":0,"ix":6},"o":{"a":0,"k":100,"ix":7},"sk":{"a":0,"k":0,"ix":4},"sa":{"a":0,"k":0,"ix":5},"nm":"Transform"}],"nm":"Group 49","np":2,"cix":2,"bm":0,"ix":1,"mn":"ADBE Vector Group","hd":false},{"ty":"tr","p":{"a":0,"k":[342.25,331.081],"ix":2},"a":{"a":0,"k":[61.25,56.286],"ix":1},"s":{"a":1,"k":[{"i":{"x":[0.63,0.63],"y":[1,1]},"o":{"x":[0.37,0.37],"y":[0,0]},"t":0,"s":[450,450]},{"i":{"x":[0.63,0.63],"y":[1,1]},"o":{"x":[0.37,0.37],"y":[0,0]},"t":60,"s":[735,735]},{"i":{"x":[0.63,0.63],"y":[1,1]},"o":{"x":[0.37,0.37],"y":[0,0]},"t":90,"s":[450,450]},{"i":{"x":[0.63,0.63],"y":[1,1]},"o":{"x":[0.37,0.37],"y":[0,0]},"t":120,"s":[735,735]},{"t":150,"s":[450,450]}],"ix":3},"r":{"a":0,"k":0,"ix":6},"o":{"a":0,"k":100,"ix":7},"sk":{"a":0,"k":0,"ix":4},"sa":{"a":0,"k":0,"ix":5},"nm":"Transform"}],"nm":"Layer 7 Outlines - Group 449","np":1,"cix":2,"bm":0,"ix":1,"mn":"ADBE Vector Group","hd":false},{"ty":"gr","it":[{"ty":"gr","it":[{"ind":0,"ty":"sh","ix":1,"ks":{"a":0,"k":{"i":[[0,-6.627],[6.627,0],[0,6.628],[-6.628,0]],"o":[[0,6.628],[-6.628,0],[0,-6.627],[6.627,0]],"v":[[12,0],[0,12],[-12,0],[0,-12]],"c":true},"ix":2},"nm":"Path 1","mn":"ADBE Vector Shape - Group","hd":false},{"ty":"fl","c":{"a":0,"k":[0.909803926945,0.921568632126,0.92549020052,1],"ix":4,"x":"var $bm_rt;\ntry {\n    $bm_rt = thisComp.layer('Controller')('Effects')('Color 4')('ADBE Color Control-0001');\n} catch (e) {\n    $bm_rt = value;\n}"},"o":{"a":0,"k":100,"ix":5},"r":1,"bm":0,"nm":"Fill 1","mn":"ADBE Vector Graphic - Fill","hd":false},{"ty":"tr","p":{"a":0,"k":[38.55,12.25],"ix":2},"a":{"a":0,"k":[0,0],"ix":1},"s":{"a":0,"k":[100,100],"ix":3},"r":{"a":0,"k":0,"ix":6},"o":{"a":0,"k":100,"ix":7},"sk":{"a":0,"k":0,"ix":4},"sa":{"a":0,"k":0,"ix":5},"nm":"Transform"}],"nm":"Group 50","np":2,"cix":2,"bm":0,"ix":1,"mn":"ADBE Vector Group","hd":false},{"ty":"tr","p":{"a":0,"k":[240.099,132.919],"ix":2},"a":{"a":0,"k":[38.55,12.25],"ix":1},"s":{"a":1,"k":[{"i":{"x":[0.63,0.63],"y":[1,1]},"o":{"x":[0.37,0.37],"y":[0,0]},"t":0,"s":[450,450]},{"i":{"x":[0.63,0.63],"y":[1,1]},"o":{"x":[0.37,0.37],"y":[0,0]},"t":45,"s":[735,735]},{"i":{"x":[0.63,0.63],"y":[1,1]},"o":{"x":[0.37,0.37],"y":[0,0]},"t":75,"s":[450,450]},{"i":{"x":[0.63,0.63],"y":[1,1]},"o":{"x":[0.37,0.37],"y":[0,0]},"t":105,"s":[735,735]},{"t":150,"s":[450,450]}],"ix":3},"r":{"a":0,"k":0,"ix":6},"o":{"a":0,"k":100,"ix":7},"sk":{"a":0,"k":0,"ix":4},"sa":{"a":0,"k":0,"ix":5},"nm":"Transform"}],"nm":"Layer 7 Outlines - Group 550","np":1,"cix":2,"bm":0,"ix":2,"mn":"ADBE Vector Group","hd":false},{"ty":"gr","it":[{"ty":"gr","it":[{"ind":0,"ty":"sh","ix":1,"ks":{"a":0,"k":{"i":[[0,-7.731],[7.731,0],[0,7.732],[-7.732,0]],"o":[[0,7.732],[-7.732,0],[0,-7.731],[7.731,0]],"v":[[14,0],[0,14],[-14,0],[0,-14]],"c":true},"ix":2},"nm":"Path 1","mn":"ADBE Vector Shape - Group","hd":false},{"ty":"fl","c":{"a":0,"k":[0.909803926945,0.921568632126,0.92549020052,1],"ix":4,"x":"var $bm_rt;\ntry {\n    $bm_rt = thisComp.layer('Controller')('Effects')('Color 4')('ADBE Color Control-0001');\n} catch (e) {\n    $bm_rt = value;\n}"},"o":{"a":0,"k":100,"ix":5},"r":1,"bm":0,"nm":"Fill 1","mn":"ADBE Vector Graphic - Fill","hd":false},{"ty":"tr","p":{"a":0,"k":[14.25,32.461],"ix":2},"a":{"a":0,"k":[0,0],"ix":1},"s":{"a":0,"k":[100,100],"ix":3},"r":{"a":0,"k":0,"ix":6},"o":{"a":0,"k":100,"ix":7},"sk":{"a":0,"k":0,"ix":4},"sa":{"a":0,"k":0,"ix":5},"nm":"Transform"}],"nm":"Group 51","np":2,"cix":2,"bm":0,"ix":1,"mn":"ADBE Vector Group","hd":false},{"ty":"tr","p":{"a":0,"k":[130.75,223.868],"ix":2},"a":{"a":0,"k":[14.25,32.461],"ix":1},"s":{"a":1,"k":[{"i":{"x":[0.63,0.63],"y":[1,1]},"o":{"x":[0.37,0.37],"y":[0,0]},"t":0,"s":[450,450]},{"i":{"x":[0.63,0.63],"y":[1,1]},"o":{"x":[0.37,0.37],"y":[0,0]},"t":30,"s":[735,735]},{"i":{"x":[0.63,0.63],"y":[1,1]},"o":{"x":[0.37,0.37],"y":[0,0]},"t":60,"s":[450,450]},{"i":{"x":[0.63,0.63],"y":[1,1]},"o":{"x":[0.37,0.37],"y":[0,0]},"t":90,"s":[735,735]},{"t":150,"s":[450,450]}],"ix":3},"r":{"a":0,"k":0,"ix":6},"o":{"a":0,"k":100,"ix":7},"sk":{"a":0,"k":0,"ix":4},"sa":{"a":0,"k":0,"ix":5},"nm":"Transform"}],"nm":"Layer 7 Outlines - Group 551","np":1,"cix":2,"bm":0,"ix":3,"mn":"ADBE Vector Group","hd":false}],"ip":0,"op":150,"st":0,"ct":1,"bm":0}],"markers":[]}