{"v":"5.9.6","fr":30,"ip":0,"op":150,"w":3840,"h":2160,"nm":"WEB MAINTENANCE","ddd":0,"assets":[],"layers":[{"ddd":0,"ind":1,"ty":3,"nm":"Null 18","sr":1,"ks":{"o":{"a":0,"k":0,"ix":11},"r":{"a":0,"k":0,"ix":10},"p":{"a":0,"k":[1925.687,1142.861,0],"ix":2,"l":2},"a":{"a":0,"k":[50,50,0],"ix":1,"l":2},"s":{"a":0,"k":[100,100,100],"ix":6,"l":2}},"ao":0,"ip":0,"op":150,"st":0,"bm":0},{"ddd":0,"ind":2,"ty":3,"nm":"Null 6","parent":1,"sr":1,"ks":{"o":{"a":0,"k":0,"ix":11},"r":{"a":0,"k":0,"ix":10},"p":{"a":0,"k":[50,50,0],"ix":2,"l":2},"a":{"a":0,"k":[50,50,0],"ix":1,"l":2},"s":{"a":0,"k":[430,430,100],"ix":6,"l":2}},"ao":0,"ip":0,"op":150,"st":0,"bm":0},{"ddd":0,"ind":4,"ty":4,"nm":"Layer 5 Outlines - Group 1 :M","parent":6,"sr":1,"ks":{"o":{"a":0,"k":100,"ix":11},"r":{"a":0,"k":0,"ix":10},"p":{"a":0,"k":[247.835,300.726,0],"ix":2,"l":2},"a":{"a":0,"k":[247.835,300.726,0],"ix":1,"l":2},"s":{"a":0,"k":[100,100,100],"ix":6,"l":2}},"ao":0,"shapes":[{"ty":"gr","it":[{"ty":"gr","it":[{"ind":0,"ty":"sh","ix":1,"ks":{"a":0,"k":{"i":[[4.273,0],[0,-4.273],[-4.273,0],[0,4.273]],"o":[[-4.273,0],[0,4.273],[4.273,0],[0,-4.273]],"v":[[0,-7.75],[-7.75,0],[0,7.75],[7.75,0]],"c":true},"ix":2},"nm":"Path 1","mn":"ADBE Vector Shape - Group","hd":false},{"ind":1,"ty":"sh","ix":2,"ks":{"a":0,"k":{"i":[[5.101,0],[0,5.101],[-5.101,0],[0,-5.101]],"o":[[-5.101,0],[0,-5.101],[5.101,0],[0,5.101]],"v":[[0,9.25],[-9.25,0],[0,-9.25],[9.25,0]],"c":true},"ix":2},"nm":"Path 2","mn":"ADBE Vector Shape - Group","hd":false},{"ty":"mm","mm":1,"nm":"Merge Paths 1","mn":"ADBE Vector Filter - Merge","hd":false},{"ty":"fl","c":{"a":0,"k":[0.128999993205,0.211999997497,0.372999995947,1],"ix":4,"x":"var $bm_rt;\ntry {\n    $bm_rt = thisComp.layer('Controller').effect('Color')('ADBE Color Control-0001');\n} catch (e) {\n    $bm_rt = value;\n}"},"o":{"a":0,"k":100,"ix":5},"r":1,"bm":0,"nm":"Fill 1","mn":"ADBE Vector Graphic - Fill","hd":false},{"ty":"tr","p":{"a":0,"k":[41.491,51.252],"ix":2},"a":{"a":0,"k":[0,0],"ix":1},"s":{"a":0,"k":[100,100],"ix":3},"r":{"a":0,"k":0,"ix":6},"o":{"a":0,"k":100,"ix":7},"sk":{"a":0,"k":0,"ix":4},"sa":{"a":0,"k":0,"ix":5},"nm":"Transform"}],"nm":"Group 1","np":4,"cix":2,"bm":0,"ix":1,"mn":"ADBE Vector Group","hd":false},{"ty":"tr","p":{"a":0,"k":[247.835,300.726],"ix":2},"a":{"a":0,"k":[41.491,51.252],"ix":1},"s":{"a":0,"k":[450,450],"ix":3},"r":{"a":0,"k":0,"ix":6},"o":{"a":0,"k":100,"ix":7},"sk":{"a":0,"k":0,"ix":4},"sa":{"a":0,"k":0,"ix":5},"nm":"Transform"}],"nm":"Layer 5 Outlines - Group 1","np":1,"cix":2,"bm":0,"ix":1,"mn":"ADBE Vector Group","hd":false},{"ty":"gr","it":[{"ty":"gr","it":[{"ind":0,"ty":"sh","ix":1,"ks":{"a":0,"k":{"i":[[2.502,1.479],[0,-1.576],[4.694,0],[1.266,0.748],[-3.118,0],[0,4.695]],"o":[[0.748,1.266],[0,4.695],[-1.578,0],[1.48,2.502],[4.694,0],[0,-3.118]],"v":[[3.722,-7.907],[4.908,-3.594],[-3.592,4.906],[-7.908,3.722],[-0.592,7.907],[7.908,-0.593]],"c":true},"ix":2},"nm":"Path 1","mn":"ADBE Vector Shape - Group","hd":false},{"ty":"fl","c":{"a":0,"k":[0.740999996662,0.764999985695,0.847000002861,1],"ix":4,"x":"var $bm_rt;\ntry {\n    $bm_rt = thisComp.layer('Controller').effect('Color 2')('ADBE Color Control-0001');\n} catch (e) {\n    $bm_rt = value;\n}"},"o":{"a":0,"k":100,"ix":5},"r":1,"bm":0,"nm":"Fill 1","mn":"ADBE Vector Graphic - Fill","hd":false},{"ty":"tr","p":{"a":0,"k":[42.084,51.844],"ix":2},"a":{"a":0,"k":[0,0],"ix":1},"s":{"a":0,"k":[100,100],"ix":3},"r":{"a":0,"k":0,"ix":6},"o":{"a":0,"k":100,"ix":7},"sk":{"a":0,"k":0,"ix":4},"sa":{"a":0,"k":0,"ix":5},"nm":"Transform"}],"nm":"Group 2","np":2,"cix":2,"bm":0,"ix":1,"mn":"ADBE Vector Group","hd":false},{"ty":"tr","p":{"a":0,"k":[250.502,303.392],"ix":2},"a":{"a":0,"k":[42.084,51.844],"ix":1},"s":{"a":0,"k":[450,450],"ix":3},"r":{"a":0,"k":0,"ix":6},"o":{"a":0,"k":100,"ix":7},"sk":{"a":0,"k":0,"ix":4},"sa":{"a":0,"k":0,"ix":5},"nm":"Transform"}],"nm":"Layer 5 Outlines - Group 2","np":1,"cix":2,"bm":0,"ix":2,"mn":"ADBE Vector Group","hd":false},{"ty":"gr","it":[{"ty":"gr","it":[{"ind":0,"ty":"sh","ix":1,"ks":{"a":0,"k":{"i":[[0,-4.694],[4.694,0],[0,4.694],[-4.694,0]],"o":[[0,4.694],[-4.694,0],[0,-4.694],[4.694,0]],"v":[[8.5,0],[0,8.5],[-8.5,0],[0,-8.5]],"c":true},"ix":2},"nm":"Path 1","mn":"ADBE Vector Shape - Group","hd":false},{"ty":"fl","c":{"a":0,"k":[1,1,1,1],"ix":4,"x":"var $bm_rt;\ntry {\n    $bm_rt = thisComp.layer('Controller').effect('Color 3')('ADBE Color Control-0001');\n} catch (e) {\n    $bm_rt = value;\n}"},"o":{"a":0,"k":100,"ix":5},"r":1,"bm":0,"nm":"Fill 1","mn":"ADBE Vector Graphic - Fill","hd":false},{"ty":"tr","p":{"a":0,"k":[41.491,51.252],"ix":2},"a":{"a":0,"k":[0,0],"ix":1},"s":{"a":0,"k":[100,100],"ix":3},"r":{"a":0,"k":0,"ix":6},"o":{"a":0,"k":100,"ix":7},"sk":{"a":0,"k":0,"ix":4},"sa":{"a":0,"k":0,"ix":5},"nm":"Transform"}],"nm":"Group 3","np":2,"cix":2,"bm":0,"ix":1,"mn":"ADBE Vector Group","hd":false},{"ty":"tr","p":{"a":0,"k":[247.835,300.726],"ix":2},"a":{"a":0,"k":[41.491,51.252],"ix":1},"s":{"a":0,"k":[450,450],"ix":3},"r":{"a":0,"k":0,"ix":6},"o":{"a":0,"k":100,"ix":7},"sk":{"a":0,"k":0,"ix":4},"sa":{"a":0,"k":0,"ix":5},"nm":"Transform"}],"nm":"Layer 5 Outlines - Group 3","np":1,"cix":2,"bm":0,"ix":3,"mn":"ADBE Vector Group","hd":false}],"ip":0,"op":150,"st":0,"ct":1,"bm":0},{"ddd":0,"ind":5,"ty":4,"nm":"Layer 5 Outlines - Group 4 :M","parent":6,"sr":1,"ks":{"o":{"a":0,"k":100,"ix":11},"r":{"a":1,"k":[{"i":{"x":[0.833],"y":[0.833]},"o":{"x":[0.167],"y":[0.167]},"t":0,"s":[0]},{"t":150,"s":[720]}],"ix":10},"p":{"a":0,"k":[247.835,300.728,0],"ix":2,"l":2},"a":{"a":0,"k":[247.835,300.728,0],"ix":1,"l":2},"s":{"a":0,"k":[100,100,100],"ix":6,"l":2}},"ao":0,"shapes":[{"ty":"gr","it":[{"ty":"gr","it":[{"ind":0,"ty":"sh","ix":1,"ks":{"a":0,"k":{"i":[[-0.261,0],[-0.088,-0.035],[-0.947,-0.144],[0,-0.371],[0,0],[-0.055,0],[0,0],[0,0.056],[0,0],[-0.367,0.055],[-0.915,0.356],[-0.186,-0.322],[0,0],[-0.04,0.022],[0,0],[0.023,0.041],[0,0],[-0.288,0.232],[-0.609,0.758],[-0.322,-0.187],[0,0],[-0.027,0.049],[0,0],[0.048,0.028],[0,0],[-0.135,0.345],[-0.144,0.949],[-0.371,0],[0,0],[0,0.056],[0,0],[0.055,0],[0,0],[0.056,0.367],[0.356,0.914],[-0.321,0.186],[0,0],[0.028,0.048],[0,0],[0,0],[0,0],[0.231,0.29],[0.758,0.609],[-0.185,0.321],[0,0],[0.041,0.024],[0,0],[0.028,-0.048],[0,0],[0.344,0.134],[0.951,0.145],[0,0.371],[0,0],[0.055,0],[0,0],[0,-0.054],[0,0],[0.366,-0.056],[0.911,-0.355],[0.184,0.321],[0,0],[0.048,-0.029],[0,0],[0,0],[0,0],[0.289,-0.232],[0.606,-0.756],[0.321,0.186],[0,0],[0.024,-0.04],[0,0],[-0.048,-0.028],[0,0],[0.134,-0.344],[0.144,-0.95],[0.371,0],[0,0],[0,-0.054],[0,0],[-0.055,0],[0,0],[-0.056,-0.366],[-0.356,-0.912],[0.321,-0.186],[0,0],[-0.027,-0.048],[0,0],[-0.048,0.027],[0,0],[-0.232,-0.288],[-0.755,-0.605],[0.185,-0.32],[0,0],[0,0],[0,0],[-0.023,0.04],[0,0]],"o":[[0.091,0],[0.915,0.356],[0.367,0.055],[0,0],[0,0.056],[0,0],[0.055,0],[0,0],[0,-0.371],[0.947,-0.144],[0.341,-0.137],[0,0],[0.023,0.04],[0,0],[0.041,-0.023],[0,0],[-0.185,-0.32],[0.755,-0.605],[0.232,-0.288],[0,0],[0.047,0.027],[0,0],[0.028,-0.048],[0,0],[-0.321,-0.186],[0.356,-0.914],[0.056,-0.367],[0,0],[0.055,0],[0,0],[0,-0.054],[0,0],[-0.371,0],[-0.144,-0.948],[-0.135,-0.344],[0,0],[0.047,-0.028],[0,0],[-0.001,0],[0,0],[-0.322,0.186],[-0.606,-0.755],[-0.289,-0.231],[0,0],[0.023,-0.041],[0,0],[-0.047,-0.026],[0,0],[-0.186,0.321],[-0.911,-0.355],[-0.367,-0.056],[0,0],[0,-0.054],[0,0],[-0.055,0],[0,0],[0,0.371],[-0.952,0.145],[-0.346,0.134],[0,0],[-0.028,-0.048],[0,0],[0,0],[0,0],[0.185,0.321],[-0.758,0.609],[-0.233,0.288],[0,0],[-0.041,-0.022],[0,0],[-0.027,0.048],[0,0],[0.321,0.186],[-0.356,0.912],[-0.056,0.366],[0,0],[-0.055,0],[0,0],[0,0.056],[0,0],[0.371,0],[0.144,0.951],[0.134,0.345],[0,0],[-0.047,0.028],[0,0],[0.028,0.047],[0,0],[0.322,-0.187],[0.608,0.758],[0.288,0.232],[0,0],[0,0],[0,0],[0.041,0.022],[0,0],[0.137,-0.238]],"v":[[-5.091,12.317],[-4.819,12.369],[-2.013,13.123],[-1.375,13.864],[-1.375,16.149],[-1.275,16.25],[1.275,16.25],[1.375,16.149],[1.375,13.864],[2.013,13.123],[4.819,12.369],[5.741,12.692],[6.884,14.673],[7.02,14.71],[9.229,13.435],[9.266,13.298],[8.121,11.315],[8.301,10.355],[10.356,8.3],[11.316,8.121],[13.299,9.265],[13.435,9.229],[14.71,7.02],[14.673,6.883],[12.693,5.74],[12.369,4.818],[13.123,2.012],[13.865,1.375],[16.15,1.375],[16.25,1.274],[16.25,-1.276],[16.15,-1.375],[13.865,-1.375],[13.123,-2.013],[12.369,-4.819],[12.693,-5.741],[14.674,-6.884],[14.71,-7.021],[13.435,-9.23],[13.299,-9.266],[11.316,-8.121],[10.356,-8.302],[8.301,-10.357],[8.121,-11.317],[9.266,-13.299],[9.229,-13.436],[7.021,-14.711],[6.884,-14.674],[5.741,-12.694],[4.819,-12.37],[2.012,-13.124],[1.375,-13.866],[1.375,-16.151],[1.275,-16.25],[-1.275,-16.25],[-1.375,-16.151],[-1.375,-13.866],[-2.012,-13.124],[-4.819,-12.37],[-5.74,-12.694],[-6.884,-14.674],[-7.021,-14.711],[-9.229,-13.436],[-9.266,-13.299],[-8.121,-11.317],[-8.301,-10.357],[-10.356,-8.301],[-11.316,-8.121],[-13.299,-9.266],[-13.436,-9.23],[-14.711,-7.021],[-14.673,-6.884],[-12.693,-5.741],[-12.369,-4.819],[-13.123,-2.012],[-13.865,-1.375],[-16.15,-1.375],[-16.25,-1.276],[-16.25,1.274],[-16.15,1.375],[-13.865,1.375],[-13.123,2.011],[-12.369,4.818],[-12.693,5.74],[-14.674,6.883],[-14.711,7.02],[-13.436,9.229],[-13.299,9.265],[-11.316,8.121],[-10.356,8.3],[-8.301,10.355],[-8.121,11.315],[-9.266,13.298],[-9.229,13.435],[-7.021,14.71],[-6.884,14.673],[-5.74,12.692]],"c":true},"ix":2},"nm":"Path 1","mn":"ADBE Vector Shape - Group","hd":false},{"ind":1,"ty":"sh","ix":2,"ks":{"a":0,"k":{"i":[[0.882,0],[0,0],[0,0.883],[0,0],[0.62,0.211],[0,0],[0.413,-0.111],[0.371,0.215],[0,0],[0.111,0.413],[-0.213,0.371],[0,0],[0.429,0.488],[0,0],[0.441,0.764],[0,0],[-0.763,0.442],[0,0],[0.126,0.633],[0,0],[0,0.883],[0,0],[-0.882,0],[0,0],[-0.211,0.617],[0,0],[-0.441,0.763],[0,0],[-0.412,0.11],[-0.371,-0.214],[0,0],[-0.488,0.429],[0,0],[-0.111,0.413],[-0.37,0.213],[0,0],[-0.442,-0.764],[0,0],[-0.634,0.126],[0,0],[-0.882,0],[0,0],[0,-0.882],[0,0],[-0.618,-0.21],[0,0],[-0.763,-0.439],[0,0],[-0.111,-0.413],[0.214,-0.37],[0,0],[-0.428,-0.488],[0,0],[-0.415,-0.111],[-0.213,-0.37],[0,0],[0.764,-0.443],[0,0],[-0.125,-0.634],[0,0],[0,-0.882],[0,0],[0.882,0],[0,0],[0.211,-0.618],[0,0],[0.442,-0.763],[0,0],[0.765,0.441],[0,0],[0.487,-0.427],[0,0],[0.11,-0.413],[0.37,-0.213],[0,0],[0.414,0.111],[0.214,0.371],[0,0],[0.633,-0.126],[0,0]],"o":[[0,0],[-0.882,0],[0,0],[-0.633,-0.126],[0,0],[-0.214,0.371],[-0.411,0.111],[0,0],[-0.37,-0.213],[-0.111,-0.413],[0,0],[-0.487,-0.428],[0,0],[-0.766,0.441],[0,0],[-0.441,-0.763],[0,0],[-0.211,-0.617],[0,0],[-0.882,0],[0,0],[0,-0.882],[0,0],[0.126,-0.634],[0,0],[-0.764,-0.443],[0,0],[0.214,-0.37],[0.413,-0.11],[0,0],[0.428,-0.487],[0,0],[-0.213,-0.37],[0.111,-0.413],[0,0],[0.763,-0.441],[0,0],[0.618,-0.21],[0,0],[0,-0.882],[0,0],[0.882,0],[0,0],[0.635,0.126],[0,0],[0.442,-0.763],[0,0],[0.37,0.213],[0.11,0.413],[0,0],[0.488,0.429],[0,0],[0.369,-0.214],[0.413,0.11],[0,0],[0.442,0.763],[0,0],[0.211,0.618],[0,0],[0.882,0],[0,0],[0,0.883],[0,0],[-0.125,0.633],[0,0],[0.764,0.442],[0,0],[-0.44,0.764],[0,0],[-0.429,0.488],[0,0],[0.214,0.371],[-0.111,0.413],[0,0],[-0.37,0.215],[-0.413,-0.111],[0,0],[-0.619,0.211],[0,0],[0,0.883]],"v":[[1.275,17.75],[-1.275,17.75],[-2.875,16.149],[-2.875,14.494],[-4.757,13.988],[-5.585,15.423],[-6.557,16.169],[-7.772,16.008],[-9.979,14.734],[-10.725,13.763],[-10.565,12.548],[-9.735,11.11],[-11.111,9.734],[-12.549,10.564],[-14.735,9.979],[-16.009,7.77],[-15.425,5.585],[-13.988,4.755],[-14.495,2.875],[-16.15,2.875],[-17.75,1.274],[-17.75,-1.276],[-16.15,-2.875],[-14.495,-2.875],[-13.988,-4.756],[-15.424,-5.585],[-16.009,-7.771],[-14.735,-9.98],[-13.763,-10.725],[-12.548,-10.565],[-11.111,-9.735],[-9.735,-11.112],[-10.565,-12.549],[-10.725,-13.764],[-9.979,-14.735],[-7.771,-16.01],[-5.585,-15.424],[-4.757,-13.99],[-2.875,-14.495],[-2.875,-16.151],[-1.275,-17.75],[1.275,-17.75],[2.875,-16.151],[2.875,-14.495],[4.757,-13.99],[5.585,-15.424],[7.77,-16.01],[9.979,-14.735],[10.725,-13.763],[10.565,-12.549],[9.735,-11.112],[11.111,-9.735],[12.549,-10.565],[13.763,-10.725],[14.734,-9.98],[16.009,-7.771],[15.424,-5.585],[13.989,-4.756],[14.494,-2.875],[16.15,-2.875],[17.75,-1.276],[17.75,1.274],[16.15,2.875],[14.494,2.875],[13.989,4.755],[15.424,5.585],[16.009,7.77],[14.734,9.979],[12.549,10.564],[11.111,9.734],[9.735,11.11],[10.565,12.548],[10.725,13.762],[9.979,14.734],[7.771,16.008],[6.557,16.169],[5.585,15.423],[4.757,13.988],[2.875,14.494],[2.875,16.149]],"c":true},"ix":2},"nm":"Path 2","mn":"ADBE Vector Shape - Group","hd":false},{"ty":"mm","mm":1,"nm":"Merge Paths 1","mn":"ADBE Vector Filter - Merge","hd":false},{"ty":"fl","c":{"a":0,"k":[0.128999993205,0.211999997497,0.372999995947,1],"ix":4,"x":"var $bm_rt;\ntry {\n    $bm_rt = thisComp.layer('Controller')('Effects')('Color')('ADBE Color Control-0001');\n} catch (e) {\n    $bm_rt = value;\n}"},"o":{"a":0,"k":100,"ix":5},"r":1,"bm":0,"nm":"Fill 1","mn":"ADBE Vector Graphic - Fill","hd":false},{"ty":"tr","p":{"a":0,"k":[41.491,51.252],"ix":2},"a":{"a":0,"k":[0,0],"ix":1},"s":{"a":0,"k":[100,100],"ix":3},"r":{"a":0,"k":0,"ix":6},"o":{"a":0,"k":100,"ix":7},"sk":{"a":0,"k":0,"ix":4},"sa":{"a":0,"k":0,"ix":5},"nm":"Transform"}],"nm":"Group 4","np":4,"cix":2,"bm":0,"ix":1,"mn":"ADBE Vector Group","hd":false},{"ty":"tr","p":{"a":0,"k":[247.835,300.728],"ix":2},"a":{"a":0,"k":[41.491,51.252],"ix":1},"s":{"a":0,"k":[450,450],"ix":3},"r":{"a":0,"k":0,"ix":6},"o":{"a":0,"k":100,"ix":7},"sk":{"a":0,"k":0,"ix":4},"sa":{"a":0,"k":0,"ix":5},"nm":"Transform"}],"nm":"Layer 5 Outlines - Group 4","np":1,"cix":2,"bm":0,"ix":1,"mn":"ADBE Vector Group","hd":false},{"ty":"gr","it":[{"ty":"gr","it":[{"ind":0,"ty":"sh","ix":1,"ks":{"a":0,"k":{"i":[[0.47,0],[0,0],[0.368,0.945],[0,0],[0.235,0.407],[0,0],[0.407,-0.234],[0,0],[0.061,0.072],[0,-2.126],[8.284,0],[1.833,0.798],[-0.074,-0.058],[0,0],[-0.407,-0.235],[0,0],[-0.235,0.406],[0,0],[-1.03,-0.156],[0,0],[-0.469,0],[0,0],[0,0.47],[0,0],[-0.943,0.369],[0,0],[-0.407,0.236],[0,0],[0.234,0.406],[0,0],[-0.643,0.799],[0,0],[-0.234,0.407],[0,0],[0.407,0.235],[0,0],[-0.156,1.03],[0,0],[0,0.47],[0,0]],"o":[[0,0],[-0.156,-1.03],[0,0],[0.407,-0.235],[0,0],[-0.234,-0.407],[0,0],[-0.059,-0.073],[0.798,1.833],[0,8.285],[-2.127,0],[0.072,0.06],[0,0],[-0.235,0.406],[0,0],[0.406,0.236],[0,0],[0.944,0.369],[0,0],[0,0.47],[0,0],[0.47,0],[0,0],[1.031,-0.156],[0,0],[0.235,0.406],[0,0],[0.406,-0.235],[0,0],[0.8,-0.642],[0,0],[0.407,0.234],[0,0],[0.235,-0.407],[0,0],[0.368,-0.945],[0,0],[0.47,0],[0,0],[0,-0.47]],"v":[[12.725,-5.55],[10.44,-5.55],[9.643,-8.517],[11.624,-9.66],[11.935,-10.821],[10.66,-13.029],[9.499,-13.341],[7.516,-12.196],[7.328,-12.405],[8.575,-6.426],[-6.425,8.574],[-12.405,7.328],[-12.195,7.515],[-13.34,9.499],[-13.029,10.66],[-10.82,11.934],[-9.659,11.624],[-8.516,9.642],[-5.55,10.439],[-5.55,12.724],[-4.7,13.575],[-2.15,13.575],[-1.3,12.724],[-1.3,10.439],[1.666,9.642],[2.81,11.624],[3.971,11.934],[6.18,10.66],[6.491,9.499],[5.346,7.515],[7.516,5.346],[9.499,6.49],[10.66,6.179],[11.935,3.971],[11.624,2.809],[9.643,1.666],[10.44,-1.3],[12.725,-1.3],[13.575,-2.151],[13.575,-4.7]],"c":true},"ix":2},"nm":"Path 1","mn":"ADBE Vector Shape - Group","hd":false},{"ty":"fl","c":{"a":0,"k":[0.740999996662,0.764999985695,0.847000002861,1],"ix":4,"x":"var $bm_rt;\ntry {\n    $bm_rt = thisComp.layer('Controller')('Effects')('Color 2')('ADBE Color Control-0001');\n} catch (e) {\n    $bm_rt = value;\n}"},"o":{"a":0,"k":100,"ix":5},"r":1,"bm":0,"nm":"Fill 1","mn":"ADBE Vector Graphic - Fill","hd":false},{"ty":"tr","p":{"a":0,"k":[44.916,54.677],"ix":2},"a":{"a":0,"k":[0,0],"ix":1},"s":{"a":0,"k":[100,100],"ix":3},"r":{"a":0,"k":0,"ix":6},"o":{"a":0,"k":100,"ix":7},"sk":{"a":0,"k":0,"ix":4},"sa":{"a":0,"k":0,"ix":5},"nm":"Transform"}],"nm":"Group 5","np":2,"cix":2,"bm":0,"ix":1,"mn":"ADBE Vector Group","hd":false},{"ty":"tr","p":{"a":0,"k":[263.518,316.41],"ix":2},"a":{"a":0,"k":[44.976,54.737],"ix":1},"s":{"a":0,"k":[450,450],"ix":3},"r":{"a":0,"k":0,"ix":6},"o":{"a":0,"k":100,"ix":7},"sk":{"a":0,"k":0,"ix":4},"sa":{"a":0,"k":0,"ix":5},"nm":"Transform"}],"nm":"Layer 5 Outlines - Group 5","np":1,"cix":2,"bm":0,"ix":2,"mn":"ADBE Vector Group","hd":false},{"ty":"gr","it":[{"ty":"gr","it":[{"ind":0,"ty":"sh","ix":1,"ks":{"a":0,"k":{"i":[[0.47,0],[0,0],[0.368,0.944],[0,0],[0.235,0.407],[0,0],[0.407,-0.234],[0,0],[0.8,0.642],[0,0],[0.406,0.234],[0,0],[0.235,-0.407],[0,0],[1.031,0.157],[0,0],[0.47,0],[0,0],[0,-0.47],[0,0],[0.944,-0.369],[0,0],[0.406,-0.235],[0,0],[-0.235,-0.407],[0,0],[0.643,-0.8],[0,0],[0.235,-0.407],[0,0],[-0.406,-0.235],[0,0],[0.157,-1.03],[0,0],[0,-0.47],[0,0],[-0.469,0],[0,0],[-0.368,-0.945],[0,0],[-0.235,-0.407],[0,0],[-0.406,0.234],[0,0],[-0.8,-0.642],[0,0],[-0.407,-0.235],[0,0],[-0.235,0.406],[0,0],[-1.03,-0.156],[0,0],[-0.469,0],[0,0],[0,0.47],[0,0],[-0.943,0.369],[0,0],[-0.407,0.236],[0,0],[0.234,0.406],[0,0],[-0.643,0.799],[0,0],[-0.234,0.407],[0,0],[0.407,0.235],[0,0],[-0.156,1.03],[0,0],[0,0.47],[0,0]],"o":[[0,0],[-0.156,-1.03],[0,0],[0.407,-0.235],[0,0],[-0.234,-0.407],[0,0],[-0.642,-0.8],[0,0],[0.234,-0.407],[0,0],[-0.407,-0.235],[0,0],[-0.943,-0.369],[0,0],[0,-0.47],[0,0],[-0.469,0],[0,0],[-1.03,0.157],[0,0],[-0.235,-0.407],[0,0],[-0.407,0.234],[0,0],[-0.8,0.642],[0,0],[-0.406,-0.234],[0,0],[-0.235,0.407],[0,0],[-0.368,0.944],[0,0],[-0.469,0],[0,0],[0,0.47],[0,0],[0.157,1.03],[0,0],[-0.406,0.235],[0,0],[0.235,0.407],[0,0],[0.642,0.799],[0,0],[-0.235,0.406],[0,0],[0.406,0.236],[0,0],[0.944,0.369],[0,0],[0,0.47],[0,0],[0.47,0],[0,0],[1.031,-0.156],[0,0],[0.235,0.406],[0,0],[0.406,-0.235],[0,0],[0.8,-0.642],[0,0],[0.407,0.234],[0,0],[0.235,-0.407],[0,0],[0.368,-0.945],[0,0],[0.47,0],[0,0],[0,-0.47]],"v":[[16.15,-2.125],[13.865,-2.125],[13.068,-5.091],[15.049,-6.235],[15.36,-7.396],[14.085,-9.604],[12.924,-9.916],[10.941,-8.771],[8.771,-10.941],[9.916,-12.924],[9.605,-14.085],[7.396,-15.36],[6.235,-15.049],[5.091,-13.068],[2.125,-13.865],[2.125,-16.15],[1.275,-17],[-1.275,-17],[-2.125,-16.15],[-2.125,-13.865],[-5.091,-13.068],[-6.234,-15.049],[-7.395,-15.36],[-9.604,-14.085],[-9.915,-12.924],[-8.77,-10.941],[-10.941,-8.771],[-12.924,-9.916],[-14.085,-9.604],[-15.36,-7.396],[-15.049,-6.235],[-13.068,-5.091],[-13.865,-2.125],[-16.15,-2.125],[-17,-1.275],[-17,1.274],[-16.15,2.125],[-13.865,2.125],[-13.068,5.091],[-15.049,6.234],[-15.36,7.396],[-14.085,9.604],[-12.924,9.915],[-10.94,8.771],[-8.77,10.94],[-9.915,12.924],[-9.604,14.085],[-7.395,15.359],[-6.234,15.049],[-5.091,13.067],[-2.125,13.864],[-2.125,16.149],[-1.275,17],[1.275,17],[2.125,16.149],[2.125,13.864],[5.091,13.067],[6.235,15.049],[7.396,15.359],[9.605,14.085],[9.916,12.924],[8.771,10.94],[10.941,8.771],[12.924,9.915],[14.085,9.604],[15.36,7.396],[15.049,6.234],[13.068,5.091],[13.865,2.125],[16.15,2.125],[17,1.274],[17,-1.275]],"c":true},"ix":2},"nm":"Path 1","mn":"ADBE Vector Shape - Group","hd":false},{"ty":"fl","c":{"a":0,"k":[1,1,1,1],"ix":4,"x":"var $bm_rt;\ntry {\n    $bm_rt = thisComp.layer('Controller')('Effects')('Color 3')('ADBE Color Control-0001');\n} catch (e) {\n    $bm_rt = value;\n}"},"o":{"a":0,"k":100,"ix":5},"r":1,"bm":0,"nm":"Fill 1","mn":"ADBE Vector Graphic - Fill","hd":false},{"ty":"tr","p":{"a":0,"k":[41.491,51.252],"ix":2},"a":{"a":0,"k":[0,0],"ix":1},"s":{"a":0,"k":[100,100],"ix":3},"r":{"a":0,"k":0,"ix":6},"o":{"a":0,"k":100,"ix":7},"sk":{"a":0,"k":0,"ix":4},"sa":{"a":0,"k":0,"ix":5},"nm":"Transform"}],"nm":"Group 6","np":2,"cix":2,"bm":0,"ix":1,"mn":"ADBE Vector Group","hd":false},{"ty":"tr","p":{"a":0,"k":[247.834,300.726],"ix":2},"a":{"a":0,"k":[41.491,51.252],"ix":1},"s":{"a":0,"k":[450,450],"ix":3},"r":{"a":0,"k":0,"ix":6},"o":{"a":0,"k":100,"ix":7},"sk":{"a":0,"k":0,"ix":4},"sa":{"a":0,"k":0,"ix":5},"nm":"Transform"}],"nm":"Layer 5 Outlines - Group 6","np":1,"cix":2,"bm":0,"ix":3,"mn":"ADBE Vector Group","hd":false}],"ip":0,"op":150,"st":0,"ct":1,"bm":0},{"ddd":0,"ind":6,"ty":4,"nm":"Layer 5 Outlines - Group 7 :M","parent":8,"sr":1,"ks":{"o":{"a":0,"k":100,"ix":11},"r":{"a":0,"k":0,"ix":10},"p":{"a":1,"k":[{"i":{"x":0.53,"y":1},"o":{"x":0.47,"y":0},"t":5,"s":[247.874,300.726,0],"to":[0,4.833,0],"ti":[0,0,0]},{"i":{"x":0.53,"y":1},"o":{"x":0.47,"y":0},"t":30,"s":[247.874,329.726,0],"to":[0,0,0],"ti":[0,0,0]},{"i":{"x":0.53,"y":1},"o":{"x":0.47,"y":0},"t":55,"s":[247.874,300.726,0],"to":[0,0,0],"ti":[0,0,0]},{"i":{"x":0.53,"y":1},"o":{"x":0.47,"y":0},"t":80,"s":[247.874,329.726,0],"to":[0,0,0],"ti":[0,0,0]},{"i":{"x":0.53,"y":1},"o":{"x":0.47,"y":0},"t":105,"s":[247.874,300.726,0],"to":[0,0,0],"ti":[0,0,0]},{"i":{"x":0.53,"y":1},"o":{"x":0.47,"y":0},"t":130,"s":[247.874,329.726,0],"to":[0,0,0],"ti":[0,4.833,0]},{"t":150,"s":[247.874,300.726,0]}],"ix":2,"l":2},"a":{"a":0,"k":[247.874,300.726,0],"ix":1,"l":2},"s":{"a":0,"k":[100,100,100],"ix":6,"l":2}},"ao":0,"shapes":[{"ty":"gr","it":[{"ty":"gr","it":[{"ind":0,"ty":"sh","ix":1,"ks":{"a":0,"k":{"i":[[0,0],[0,-5.101],[0,0],[-5.101,0],[0,0],[0,5.101],[0,0],[5.101,0]],"o":[[-5.101,0],[0,0],[0,5.101],[0,0],[5.101,0],[0,0],[0,-5.101],[0,0]],"v":[[-12,-21.25],[-21.25,-12],[-21.25,12],[-12,21.25],[12,21.25],[21.25,12],[21.25,-12],[12,-21.25]],"c":true},"ix":2},"nm":"Path 1","mn":"ADBE Vector Shape - Group","hd":false},{"ind":1,"ty":"sh","ix":2,"ks":{"a":0,"k":{"i":[[5.928,0],[0,0],[0,5.928],[0,0],[-5.928,0],[0,0],[0,-5.928],[0,0]],"o":[[0,0],[-5.928,0],[0,0],[0,-5.928],[0,0],[5.928,0],[0,0],[0,5.928]],"v":[[12,22.75],[-12,22.75],[-22.75,12],[-22.75,-12],[-12,-22.75],[12,-22.75],[22.75,-12],[22.75,12]],"c":true},"ix":2},"nm":"Path 2","mn":"ADBE Vector Shape - Group","hd":false},{"ty":"mm","mm":1,"nm":"Merge Paths 1","mn":"ADBE Vector Filter - Merge","hd":false},{"ty":"fl","c":{"a":0,"k":[0.128999993205,0.211999997497,0.372999995947,1],"ix":4,"x":"var $bm_rt;\ntry {\n    $bm_rt = thisComp.layer('Controller')('Effects')('Color')('ADBE Color Control-0001');\n} catch (e) {\n    $bm_rt = value;\n}"},"o":{"a":0,"k":100,"ix":5},"r":1,"bm":0,"nm":"Fill 1","mn":"ADBE Vector Graphic - Fill","hd":false},{"ty":"tr","p":{"a":0,"k":[41.5,51.252],"ix":2},"a":{"a":0,"k":[0,0],"ix":1},"s":{"a":0,"k":[100,100],"ix":3},"r":{"a":0,"k":0,"ix":6},"o":{"a":0,"k":100,"ix":7},"sk":{"a":0,"k":0,"ix":4},"sa":{"a":0,"k":0,"ix":5},"nm":"Transform"}],"nm":"Group 7","np":4,"cix":2,"bm":0,"ix":1,"mn":"ADBE Vector Group","hd":false},{"ty":"tr","p":{"a":0,"k":[247.874,300.726],"ix":2},"a":{"a":0,"k":[41.5,51.252],"ix":1},"s":{"a":0,"k":[450,450],"ix":3},"r":{"a":0,"k":0,"ix":6},"o":{"a":0,"k":100,"ix":7},"sk":{"a":0,"k":0,"ix":4},"sa":{"a":0,"k":0,"ix":5},"nm":"Transform"}],"nm":"Layer 5 Outlines - Group 7","np":1,"cix":2,"bm":0,"ix":1,"mn":"ADBE Vector Group","hd":false},{"ty":"gr","it":[{"ty":"gr","it":[{"ind":0,"ty":"sh","ix":1,"ks":{"a":0,"k":{"i":[[3.866,0],[0,0],[0,-5.523],[0,0],[-3.866,0],[0,0],[0,9.941],[0,0]],"o":[[0,0],[-5.523,0],[0,0],[0,3.866],[0,0],[9.941,0],[0,0],[0,-3.866]],"v":[[13.5,-20.499],[-10.5,-20.499],[-20.5,-10.499],[-20.5,13.499],[-13.5,20.499],[2.5,20.499],[20.5,2.499],[20.5,-13.499]],"c":true},"ix":2},"nm":"Path 1","mn":"ADBE Vector Shape - Group","hd":false},{"ty":"fl","c":{"a":0,"k":[1,1,1,1],"ix":4,"x":"var $bm_rt;\ntry {\n    $bm_rt = thisComp.layer('Controller')('Effects')('Color 3')('ADBE Color Control-0001');\n} catch (e) {\n    $bm_rt = value;\n}"},"o":{"a":0,"k":100,"ix":5},"r":1,"bm":0,"nm":"Fill 1","mn":"ADBE Vector Graphic - Fill","hd":false},{"ty":"tr","p":{"a":0,"k":[40,49.751],"ix":2},"a":{"a":0,"k":[0,0],"ix":1},"s":{"a":0,"k":[100,100],"ix":3},"r":{"a":0,"k":0,"ix":6},"o":{"a":0,"k":100,"ix":7},"sk":{"a":0,"k":0,"ix":4},"sa":{"a":0,"k":0,"ix":5},"nm":"Transform"}],"nm":"Group 8","np":2,"cix":2,"bm":0,"ix":1,"mn":"ADBE Vector Group","hd":false},{"ty":"tr","p":{"a":0,"k":[241.124,293.974],"ix":2},"a":{"a":0,"k":[40,49.751],"ix":1},"s":{"a":0,"k":[450,450],"ix":3},"r":{"a":0,"k":0,"ix":6},"o":{"a":0,"k":100,"ix":7},"sk":{"a":0,"k":0,"ix":4},"sa":{"a":0,"k":0,"ix":5},"nm":"Transform"}],"nm":"Layer 5 Outlines - Group 8","np":1,"cix":2,"bm":0,"ix":2,"mn":"ADBE Vector Group","hd":false},{"ty":"gr","it":[{"ty":"gr","it":[{"ind":0,"ty":"sh","ix":1,"ks":{"a":0,"k":{"i":[[5.523,0],[0,0],[0,-5.523],[0,0],[-5.523,0],[0,0],[0,5.522],[0,0]],"o":[[0,0],[-5.523,0],[0,0],[0,5.522],[0,0],[5.523,0],[0,0],[0,-5.523]],"v":[[12,-22],[-12,-22],[-22,-12],[-22,12],[-12,22],[12,22],[22,12],[22,-12]],"c":true},"ix":2},"nm":"Path 1","mn":"ADBE Vector Shape - Group","hd":false},{"ty":"fl","c":{"a":0,"k":[0.740999996662,0.764999985695,0.847000002861,1],"ix":4,"x":"var $bm_rt;\ntry {\n    $bm_rt = thisComp.layer('Controller')('Effects')('Color 2')('ADBE Color Control-0001');\n} catch (e) {\n    $bm_rt = value;\n}"},"o":{"a":0,"k":100,"ix":5},"r":1,"bm":0,"nm":"Fill 1","mn":"ADBE Vector Graphic - Fill","hd":false},{"ty":"tr","p":{"a":0,"k":[41.5,51.252],"ix":2},"a":{"a":0,"k":[0,0],"ix":1},"s":{"a":0,"k":[100,100],"ix":3},"r":{"a":0,"k":0,"ix":6},"o":{"a":0,"k":100,"ix":7},"sk":{"a":0,"k":0,"ix":4},"sa":{"a":0,"k":0,"ix":5},"nm":"Transform"}],"nm":"Group 9","np":2,"cix":2,"bm":0,"ix":1,"mn":"ADBE Vector Group","hd":false},{"ty":"tr","p":{"a":0,"k":[247.874,300.726],"ix":2},"a":{"a":0,"k":[41.5,51.252],"ix":1},"s":{"a":0,"k":[450,450],"ix":3},"r":{"a":0,"k":0,"ix":6},"o":{"a":0,"k":100,"ix":7},"sk":{"a":0,"k":0,"ix":4},"sa":{"a":0,"k":0,"ix":5},"nm":"Transform"}],"nm":"Layer 5 Outlines - Group 9","np":1,"cix":2,"bm":0,"ix":3,"mn":"ADBE Vector Group","hd":false}],"ip":0,"op":150,"st":0,"ct":1,"bm":0},{"ddd":0,"ind":7,"ty":4,"nm":"Layer 5 Outlines - Group 10 :M :M","parent":8,"sr":1,"ks":{"o":{"a":0,"k":100,"ix":11},"r":{"a":0,"k":0,"ix":10},"p":{"a":0,"k":[247.88,251.226,0],"ix":2,"l":2},"a":{"a":0,"k":[247.88,251.226,0],"ix":1,"l":2},"s":{"a":0,"k":[100,100,100],"ix":6,"l":2}},"ao":0,"shapes":[{"ty":"gr","it":[{"ty":"gr","it":[{"ty":"gr","it":[{"ind":0,"ty":"sh","ix":1,"ks":{"a":0,"k":{"i":[[0.414,0],[0,0.414],[0,0],[-0.414,0],[0,-0.414],[0,0]],"o":[[-0.414,0],[0,0],[0,-0.414],[0.414,0],[0,0],[0,0.414]],"v":[[0,1.9],[-0.75,1.15],[-0.75,-1.15],[0,-1.9],[0.75,-1.15],[0.75,1.15]],"c":true},"ix":2},"nm":"Path 1","mn":"ADBE Vector Shape - Group","hd":false},{"ty":"fl","c":{"a":0,"k":[0.128999993205,0.211999997497,0.372999995947,1],"ix":4,"x":"var $bm_rt;\ntry {\n    $bm_rt = thisComp.layer('Controller')('Effects')('Color')('ADBE Color Control-0001');\n} catch (e) {\n    $bm_rt = value;\n}"},"o":{"a":0,"k":100,"ix":5},"r":1,"bm":0,"nm":"Fill 1","mn":"ADBE Vector Graphic - Fill","hd":false},{"ty":"tr","p":{"a":0,"k":[69.501,26.402],"ix":2},"a":{"a":0,"k":[0,0],"ix":1},"s":{"a":0,"k":[100,100],"ix":3},"r":{"a":0,"k":0,"ix":6},"o":{"a":0,"k":100,"ix":7},"sk":{"a":0,"k":0,"ix":4},"sa":{"a":0,"k":0,"ix":5},"nm":"Transform"}],"nm":"Group 10","np":2,"cix":2,"bm":0,"ix":1,"mn":"ADBE Vector Group","hd":false},{"ty":"tr","p":{"a":0,"k":[373.879,188.9],"ix":2},"a":{"a":0,"k":[69.501,26.402],"ix":1},"s":{"a":0,"k":[450,450],"ix":3},"r":{"a":0,"k":0,"ix":6},"o":{"a":0,"k":100,"ix":7},"sk":{"a":0,"k":0,"ix":4},"sa":{"a":0,"k":0,"ix":5},"nm":"Transform"}],"nm":"Layer 5 Outlines - Group 110","np":1,"cix":2,"bm":0,"ix":1,"mn":"ADBE Vector Group","hd":false},{"ty":"gr","it":[{"ty":"gr","it":[{"ind":0,"ty":"sh","ix":1,"ks":{"a":0,"k":{"i":[[0.414,0],[0,0.414],[0,0],[-0.414,0],[0,-0.414],[0,0]],"o":[[-0.414,0],[0,0],[0,-0.414],[0.414,0],[0,0],[0,0.414]],"v":[[0,6.6],[-0.75,5.85],[-0.75,-5.85],[0,-6.6],[0.75,-5.85],[0.75,5.85]],"c":true},"ix":2},"nm":"Path 1","mn":"ADBE Vector Shape - Group","hd":false},{"ty":"fl","c":{"a":0,"k":[0.128999993205,0.211999997497,0.372999995947,1],"ix":4,"x":"var $bm_rt;\ntry {\n    $bm_rt = thisComp.layer('Controller')('Effects')('Color')('ADBE Color Control-0001');\n} catch (e) {\n    $bm_rt = value;\n}"},"o":{"a":0,"k":100,"ix":5},"r":1,"bm":0,"nm":"Fill 1","mn":"ADBE Vector Graphic - Fill","hd":false},{"ty":"tr","p":{"a":0,"k":[69.501,37.402],"ix":2},"a":{"a":0,"k":[0,0],"ix":1},"s":{"a":0,"k":[100,100],"ix":3},"r":{"a":0,"k":0,"ix":6},"o":{"a":0,"k":100,"ix":7},"sk":{"a":0,"k":0,"ix":4},"sa":{"a":0,"k":0,"ix":5},"nm":"Transform"}],"nm":"Group 11","np":2,"cix":2,"bm":0,"ix":1,"mn":"ADBE Vector Group","hd":false},{"ty":"tr","p":{"a":0,"k":[373.879,238.399],"ix":2},"a":{"a":0,"k":[69.501,37.402],"ix":1},"s":{"a":0,"k":[450,450],"ix":3},"r":{"a":0,"k":0,"ix":6},"o":{"a":0,"k":100,"ix":7},"sk":{"a":0,"k":0,"ix":4},"sa":{"a":0,"k":0,"ix":5},"nm":"Transform"}],"nm":"Layer 5 Outlines - Group 111","np":1,"cix":2,"bm":0,"ix":2,"mn":"ADBE Vector Group","hd":false},{"ty":"tr","p":{"a":1,"k":[{"i":{"x":0.53,"y":1},"o":{"x":0.47,"y":0},"t":0,"s":[373.879,224.224],"to":[0,2.5],"ti":[0,0]},{"i":{"x":0.53,"y":1},"o":{"x":0.47,"y":0},"t":25,"s":[373.879,239.224],"to":[0,0],"ti":[0,0]},{"i":{"x":0.53,"y":1},"o":{"x":0.47,"y":0},"t":50,"s":[373.879,224.224],"to":[0,0],"ti":[0,0]},{"i":{"x":0.53,"y":1},"o":{"x":0.47,"y":0},"t":75,"s":[373.879,239.224],"to":[0,0],"ti":[0,0]},{"i":{"x":0.53,"y":1},"o":{"x":0.47,"y":0},"t":100,"s":[373.879,224.224],"to":[0,0],"ti":[0,0]},{"i":{"x":0.53,"y":1},"o":{"x":0.47,"y":0},"t":125,"s":[373.879,239.224],"to":[0,0],"ti":[0,2.5]},{"t":150,"s":[373.879,224.224]}],"ix":2},"a":{"a":0,"k":[373.879,224.224],"ix":1},"s":{"a":0,"k":[100,100],"ix":3},"r":{"a":0,"k":0,"ix":6},"o":{"a":0,"k":100,"ix":7},"sk":{"a":0,"k":0,"ix":4},"sa":{"a":0,"k":0,"ix":5},"nm":"Transform"}],"nm":"Layer 5 Outlines - Group 10 :M","np":2,"cix":2,"bm":0,"ix":1,"mn":"ADBE Vector Group","hd":false},{"ty":"gr","it":[{"ty":"gr","it":[{"ty":"gr","it":[{"ind":0,"ty":"sh","ix":1,"ks":{"a":0,"k":{"i":[[0.414,0],[0,0.414],[0,0],[-0.414,0],[0,-0.414],[0,0]],"o":[[-0.414,0],[0,0],[0,-0.414],[0.414,0],[0,0],[0,0.414]],"v":[[0,1.9],[-0.75,1.15],[-0.75,-1.15],[0,-1.9],[0.75,-1.15],[0.75,1.15]],"c":true},"ix":2},"nm":"Path 1","mn":"ADBE Vector Shape - Group","hd":false},{"ty":"fl","c":{"a":0,"k":[0.128999993205,0.211999997497,0.372999995947,1],"ix":4,"x":"var $bm_rt;\ntry {\n    $bm_rt = thisComp.layer('Controller')('Effects')('Color')('ADBE Color Control-0001');\n} catch (e) {\n    $bm_rt = value;\n}"},"o":{"a":0,"k":100,"ix":5},"r":1,"bm":0,"nm":"Fill 1","mn":"ADBE Vector Graphic - Fill","hd":false},{"ty":"tr","p":{"a":0,"k":[13.502,40.403],"ix":2},"a":{"a":0,"k":[0,0],"ix":1},"s":{"a":0,"k":[100,100],"ix":3},"r":{"a":0,"k":0,"ix":6},"o":{"a":0,"k":100,"ix":7},"sk":{"a":0,"k":0,"ix":4},"sa":{"a":0,"k":0,"ix":5},"nm":"Transform"}],"nm":"Group 12","np":2,"cix":2,"bm":0,"ix":1,"mn":"ADBE Vector Group","hd":false},{"ty":"tr","p":{"a":0,"k":[121.881,251.905],"ix":2},"a":{"a":0,"k":[13.502,40.403],"ix":1},"s":{"a":0,"k":[450,450],"ix":3},"r":{"a":0,"k":0,"ix":6},"o":{"a":0,"k":100,"ix":7},"sk":{"a":0,"k":0,"ix":4},"sa":{"a":0,"k":0,"ix":5},"nm":"Transform"}],"nm":"Layer 5 Outlines - Group 112","np":1,"cix":2,"bm":0,"ix":1,"mn":"ADBE Vector Group","hd":false},{"ty":"gr","it":[{"ty":"gr","it":[{"ind":0,"ty":"sh","ix":1,"ks":{"a":0,"k":{"i":[[0.414,0],[0,0.414],[0,0],[-0.414,0],[0,-0.414],[0,0]],"o":[[-0.414,0],[0,0],[0,-0.414],[0.414,0],[0,0],[0,0.414]],"v":[[0,5.599],[-0.75,4.849],[-0.75,-4.849],[0,-5.599],[0.75,-4.849],[0.75,4.849]],"c":true},"ix":2},"nm":"Path 1","mn":"ADBE Vector Shape - Group","hd":false},{"ty":"fl","c":{"a":0,"k":[0.128999993205,0.211999997497,0.372999995947,1],"ix":4,"x":"var $bm_rt;\ntry {\n    $bm_rt = thisComp.layer('Controller')('Effects')('Color')('ADBE Color Control-0001');\n} catch (e) {\n    $bm_rt = value;\n}"},"o":{"a":0,"k":100,"ix":5},"r":1,"bm":0,"nm":"Fill 1","mn":"ADBE Vector Graphic - Fill","hd":false},{"ty":"tr","p":{"a":0,"k":[13.502,50.403],"ix":2},"a":{"a":0,"k":[0,0],"ix":1},"s":{"a":0,"k":[100,100],"ix":3},"r":{"a":0,"k":0,"ix":6},"o":{"a":0,"k":100,"ix":7},"sk":{"a":0,"k":0,"ix":4},"sa":{"a":0,"k":0,"ix":5},"nm":"Transform"}],"nm":"Group 13","np":2,"cix":2,"bm":0,"ix":1,"mn":"ADBE Vector Group","hd":false},{"ty":"tr","p":{"a":0,"k":[121.881,296.906],"ix":2},"a":{"a":0,"k":[13.502,50.403],"ix":1},"s":{"a":0,"k":[450,450],"ix":3},"r":{"a":0,"k":0,"ix":6},"o":{"a":0,"k":100,"ix":7},"sk":{"a":0,"k":0,"ix":4},"sa":{"a":0,"k":0,"ix":5},"nm":"Transform"}],"nm":"Layer 5 Outlines - Group 113","np":1,"cix":2,"bm":0,"ix":2,"mn":"ADBE Vector Group","hd":false},{"ty":"tr","p":{"a":1,"k":[{"i":{"x":0.53,"y":1},"o":{"x":0.47,"y":0},"t":0,"s":[121.881,282.728],"to":[0,1.667],"ti":[0,0]},{"i":{"x":0.53,"y":1},"o":{"x":0.47,"y":0},"t":25,"s":[121.881,292.728],"to":[0,0],"ti":[0,0]},{"i":{"x":0.53,"y":1},"o":{"x":0.47,"y":0},"t":50,"s":[121.881,282.728],"to":[0,0],"ti":[0,0]},{"i":{"x":0.53,"y":1},"o":{"x":0.47,"y":0},"t":75,"s":[121.881,292.728],"to":[0,0],"ti":[0,0]},{"i":{"x":0.53,"y":1},"o":{"x":0.47,"y":0},"t":100,"s":[121.881,282.728],"to":[0,0],"ti":[0,0]},{"i":{"x":0.53,"y":1},"o":{"x":0.47,"y":0},"t":125,"s":[121.881,292.728],"to":[0,0],"ti":[0,1.667]},{"t":150,"s":[121.881,282.728]}],"ix":2},"a":{"a":0,"k":[121.881,282.728],"ix":1},"s":{"a":0,"k":[100,100],"ix":3},"r":{"a":0,"k":0,"ix":6},"o":{"a":0,"k":100,"ix":7},"sk":{"a":0,"k":0,"ix":4},"sa":{"a":0,"k":0,"ix":5},"nm":"Transform"}],"nm":"Layer 5 Outlines - Group 12 :M","np":2,"cix":2,"bm":0,"ix":2,"mn":"ADBE Vector Group","hd":false}],"ip":0,"op":150,"st":0,"ct":1,"bm":0},{"ddd":0,"ind":8,"ty":4,"nm":"Layer 5 Outlines - Group 14 :M","parent":2,"sr":1,"ks":{"o":{"a":0,"k":100,"ix":11},"r":{"a":0,"k":0,"ix":10},"p":{"a":1,"k":[{"i":{"x":0.53,"y":1},"o":{"x":0.47,"y":0},"t":0,"s":[42.187,34.861,0],"to":[0,6,0],"ti":[0,0,0]},{"i":{"x":0.53,"y":1},"o":{"x":0.47,"y":0},"t":25,"s":[42.187,70.861,0],"to":[0,0,0],"ti":[0,0,0]},{"i":{"x":0.53,"y":1},"o":{"x":0.47,"y":0},"t":50,"s":[42.187,34.861,0],"to":[0,0,0],"ti":[0,0,0]},{"i":{"x":0.53,"y":1},"o":{"x":0.47,"y":0},"t":75,"s":[42.187,70.861,0],"to":[0,0,0],"ti":[0,0,0]},{"i":{"x":0.53,"y":1},"o":{"x":0.47,"y":0},"t":100,"s":[42.187,34.861,0],"to":[0,0,0],"ti":[0,0,0]},{"i":{"x":0.53,"y":1},"o":{"x":0.47,"y":0},"t":125,"s":[42.187,70.861,0],"to":[0,0,0],"ti":[0,6,0]},{"t":150,"s":[42.187,34.861,0]}],"ix":2,"l":2},"a":{"a":0,"k":[247.874,237.722,0],"ix":1,"l":2},"s":{"a":0,"k":[100,100,100],"ix":6,"l":2}},"ao":0,"shapes":[{"ty":"gr","it":[{"ty":"gr","it":[{"ind":0,"ty":"sh","ix":1,"ks":{"a":0,"k":{"i":[[0,0],[0,0],[-0.689,0],[0,0],[0,0.689],[0,0]],"o":[[0,0],[0,0.689],[0,0],[0.689,0],[0,0],[0,0]],"v":[[-31.251,-22.25],[-31.251,21],[-30.001,22.25],[30.001,22.25],[31.251,21],[31.251,-22.25]],"c":true},"ix":2},"nm":"Path 1","mn":"ADBE Vector Shape - Group","hd":false},{"ind":1,"ty":"sh","ix":2,"ks":{"a":0,"k":{"i":[[1.516,0],[0,0],[0,1.517],[0,0],[-0.414,0],[0,0],[0,-0.414],[0,0]],"o":[[0,0],[-1.516,0],[0,0],[0,-0.414],[0,0],[0.414,0],[0,0],[0,1.517]],"v":[[30.001,23.75],[-30.001,23.75],[-32.751,21],[-32.751,-23],[-32.001,-23.75],[32.001,-23.75],[32.751,-23],[32.751,21]],"c":true},"ix":2},"nm":"Path 2","mn":"ADBE Vector Shape - Group","hd":false},{"ty":"mm","mm":1,"nm":"Merge Paths 1","mn":"ADBE Vector Filter - Merge","hd":false},{"ty":"fl","c":{"a":0,"k":[0.128999993205,0.211999997497,0.372999995947,1],"ix":4,"x":"var $bm_rt;\ntry {\n    $bm_rt = thisComp.layer('Controller')('Effects')('Color')('ADBE Color Control-0001');\n} catch (e) {\n    $bm_rt = value;\n}"},"o":{"a":0,"k":100,"ix":5},"r":1,"bm":0,"nm":"Fill 1","mn":"ADBE Vector Graphic - Fill","hd":false},{"ty":"tr","p":{"a":0,"k":[41.5,42.251],"ix":2},"a":{"a":0,"k":[0,0],"ix":1},"s":{"a":0,"k":[100,100],"ix":3},"r":{"a":0,"k":0,"ix":6},"o":{"a":0,"k":100,"ix":7},"sk":{"a":0,"k":0,"ix":4},"sa":{"a":0,"k":0,"ix":5},"nm":"Transform"}],"nm":"Group 14","np":4,"cix":2,"bm":0,"ix":1,"mn":"ADBE Vector Group","hd":false},{"ty":"tr","p":{"a":0,"k":[247.874,260.222],"ix":2},"a":{"a":0,"k":[41.5,42.251],"ix":1},"s":{"a":0,"k":[450,450],"ix":3},"r":{"a":0,"k":0,"ix":6},"o":{"a":0,"k":100,"ix":7},"sk":{"a":0,"k":0,"ix":4},"sa":{"a":0,"k":0,"ix":5},"nm":"Transform"}],"nm":"Layer 5 Outlines - Group 114","np":1,"cix":2,"bm":0,"ix":1,"mn":"ADBE Vector Group","hd":false},{"ty":"gr","it":[{"ty":"gr","it":[{"ind":0,"ty":"sh","ix":1,"ks":{"a":0,"k":{"i":[[0,0],[0,0],[0,0],[0,0],[0,2.209]],"o":[[0,0],[0,0],[0,0],[2.209,0],[0,0]],"v":[[29,-19.999],[-29,-19.999],[-29,19.999],[25,19.999],[29,15.999]],"c":true},"ix":2},"nm":"Path 1","mn":"ADBE Vector Shape - Group","hd":false},{"ty":"fl","c":{"a":0,"k":[1,1,1,1],"ix":4,"x":"var $bm_rt;\ntry {\n    $bm_rt = thisComp.layer('Controller')('Effects')('Color 3')('ADBE Color Control-0001');\n} catch (e) {\n    $bm_rt = value;\n}"},"o":{"a":0,"k":100,"ix":5},"r":1,"bm":0,"nm":"Fill 1","mn":"ADBE Vector Graphic - Fill","hd":false},{"ty":"tr","p":{"a":0,"k":[38.501,39.25],"ix":2},"a":{"a":0,"k":[0,0],"ix":1},"s":{"a":0,"k":[100,100],"ix":3},"r":{"a":0,"k":0,"ix":6},"o":{"a":0,"k":100,"ix":7},"sk":{"a":0,"k":0,"ix":4},"sa":{"a":0,"k":0,"ix":5},"nm":"Transform"}],"nm":"Group 15","np":2,"cix":2,"bm":0,"ix":1,"mn":"ADBE Vector Group","hd":false},{"ty":"tr","p":{"a":0,"k":[234.379,246.72],"ix":2},"a":{"a":0,"k":[38.501,39.25],"ix":1},"s":{"a":0,"k":[450,450],"ix":3},"r":{"a":0,"k":0,"ix":6},"o":{"a":0,"k":100,"ix":7},"sk":{"a":0,"k":0,"ix":4},"sa":{"a":0,"k":0,"ix":5},"nm":"Transform"}],"nm":"Layer 5 Outlines - Group 115","np":1,"cix":2,"bm":0,"ix":2,"mn":"ADBE Vector Group","hd":false},{"ty":"gr","it":[{"ty":"gr","it":[{"ind":0,"ty":"sh","ix":1,"ks":{"a":0,"k":{"i":[[0,0],[0,0],[0,0],[-1.104,0],[0,0],[0,1.104]],"o":[[0,0],[0,0],[0,1.104],[0,0],[1.105,0],[0,0]],"v":[[32.001,-23],[-32.001,-23],[-32.001,21],[-30.001,23],[30.001,23],[32.001,21]],"c":true},"ix":2},"nm":"Path 1","mn":"ADBE Vector Shape - Group","hd":false},{"ty":"fl","c":{"a":0,"k":[0.740999996662,0.764999985695,0.847000002861,1],"ix":4,"x":"var $bm_rt;\ntry {\n    $bm_rt = thisComp.layer('Controller')('Effects')('Color 2')('ADBE Color Control-0001');\n} catch (e) {\n    $bm_rt = value;\n}"},"o":{"a":0,"k":100,"ix":5},"r":1,"bm":0,"nm":"Fill 1","mn":"ADBE Vector Graphic - Fill","hd":false},{"ty":"tr","p":{"a":0,"k":[41.5,42.251],"ix":2},"a":{"a":0,"k":[0,0],"ix":1},"s":{"a":0,"k":[100,100],"ix":3},"r":{"a":0,"k":0,"ix":6},"o":{"a":0,"k":100,"ix":7},"sk":{"a":0,"k":0,"ix":4},"sa":{"a":0,"k":0,"ix":5},"nm":"Transform"}],"nm":"Group 16","np":2,"cix":2,"bm":0,"ix":1,"mn":"ADBE Vector Group","hd":false},{"ty":"tr","p":{"a":0,"k":[247.874,260.222],"ix":2},"a":{"a":0,"k":[41.5,42.251],"ix":1},"s":{"a":0,"k":[450,450],"ix":3},"r":{"a":0,"k":0,"ix":6},"o":{"a":0,"k":100,"ix":7},"sk":{"a":0,"k":0,"ix":4},"sa":{"a":0,"k":0,"ix":5},"nm":"Transform"}],"nm":"Layer 5 Outlines - Group 116","np":1,"cix":2,"bm":0,"ix":3,"mn":"ADBE Vector Group","hd":false},{"ty":"gr","it":[{"ty":"gr","it":[{"ind":0,"ty":"sh","ix":1,"ks":{"a":0,"k":{"i":[[0,0],[0,0],[0,0],[0.689,0],[0,0],[0,-0.689]],"o":[[0,0],[0,0],[0,-0.689],[0,0],[-0.689,0],[0,0]],"v":[[-31.25,4.25],[31.25,4.25],[31.25,-3],[30,-4.25],[-30,-4.25],[-31.25,-3]],"c":true},"ix":2},"nm":"Path 1","mn":"ADBE Vector Shape - Group","hd":false},{"ind":1,"ty":"sh","ix":2,"ks":{"a":0,"k":{"i":[[0.414,0],[0,0],[0,0.414],[0,0],[-1.517,0],[0,0],[0,-1.517],[0,0]],"o":[[0,0],[-0.414,0],[0,0],[0,-1.517],[0,0],[1.517,0],[0,0],[0,0.414]],"v":[[32,5.75],[-32,5.75],[-32.75,5],[-32.75,-3],[-30,-5.75],[30,-5.75],[32.75,-3],[32.75,5]],"c":true},"ix":2},"nm":"Path 2","mn":"ADBE Vector Shape - Group","hd":false},{"ty":"mm","mm":1,"nm":"Merge Paths 1","mn":"ADBE Vector Filter - Merge","hd":false},{"ty":"fl","c":{"a":0,"k":[0.128999993205,0.211999997497,0.372999995947,1],"ix":4,"x":"var $bm_rt;\ntry {\n    $bm_rt = thisComp.layer('Controller')('Effects')('Color')('ADBE Color Control-0001');\n} catch (e) {\n    $bm_rt = value;\n}"},"o":{"a":0,"k":100,"ix":5},"r":1,"bm":0,"nm":"Fill 1","mn":"ADBE Vector Graphic - Fill","hd":false},{"ty":"tr","p":{"a":0,"k":[41.501,14.251],"ix":2},"a":{"a":0,"k":[0,0],"ix":1},"s":{"a":0,"k":[100,100],"ix":3},"r":{"a":0,"k":0,"ix":6},"o":{"a":0,"k":100,"ix":7},"sk":{"a":0,"k":0,"ix":4},"sa":{"a":0,"k":0,"ix":5},"nm":"Transform"}],"nm":"Group 17","np":4,"cix":2,"bm":0,"ix":1,"mn":"ADBE Vector Group","hd":false},{"ty":"tr","p":{"a":0,"k":[247.879,134.222],"ix":2},"a":{"a":0,"k":[41.501,14.251],"ix":1},"s":{"a":0,"k":[450,450],"ix":3},"r":{"a":0,"k":0,"ix":6},"o":{"a":0,"k":100,"ix":7},"sk":{"a":0,"k":0,"ix":4},"sa":{"a":0,"k":0,"ix":5},"nm":"Transform"}],"nm":"Layer 5 Outlines - Group 117","np":1,"cix":2,"bm":0,"ix":4,"mn":"ADBE Vector Group","hd":false},{"ty":"gr","it":[{"ty":"gr","it":[{"ind":0,"ty":"sh","ix":1,"ks":{"a":0,"k":{"i":[[0.27,0],[0.18,0.18],[0,0.271],[-0.19,0.19],[-0.37,-0.369],[0,-0.26],[0.19,-0.19]],"o":[[-0.26,0],[-0.19,-0.19],[0,-0.26],[0.37,-0.369],[0.19,0.19],[0,0.271],[-0.18,0.18]],"v":[[0,1.04],[-0.7,0.751],[-1,0.04],[-0.7,-0.671],[0.71,-0.671],[1,0.04],[0.71,0.751]],"c":true},"ix":2},"nm":"Path 1","mn":"ADBE Vector Shape - Group","hd":false},{"ty":"fl","c":{"a":0,"k":[0.128999993205,0.211999997497,0.372999995947,1],"ix":4,"x":"var $bm_rt;\ntry {\n    $bm_rt = thisComp.layer('Controller')('Effects')('Color')('ADBE Color Control-0001');\n} catch (e) {\n    $bm_rt = value;\n}"},"o":{"a":0,"k":100,"ix":5},"r":1,"bm":0,"nm":"Fill 1","mn":"ADBE Vector Graphic - Fill","hd":false},{"ty":"tr","p":{"a":0,"k":[55.496,14.21],"ix":2},"a":{"a":0,"k":[0,0],"ix":1},"s":{"a":0,"k":[100,100],"ix":3},"r":{"a":0,"k":0,"ix":6},"o":{"a":0,"k":100,"ix":7},"sk":{"a":0,"k":0,"ix":4},"sa":{"a":0,"k":0,"ix":5},"nm":"Transform"}],"nm":"Group 18","np":2,"cix":2,"bm":0,"ix":1,"mn":"ADBE Vector Group","hd":false},{"ty":"tr","p":{"a":0,"k":[310.857,134.247],"ix":2},"a":{"a":0,"k":[55.496,14.257],"ix":1},"s":{"a":0,"k":[450,450],"ix":3},"r":{"a":0,"k":0,"ix":6},"o":{"a":0,"k":100,"ix":7},"sk":{"a":0,"k":0,"ix":4},"sa":{"a":0,"k":0,"ix":5},"nm":"Transform"}],"nm":"Layer 5 Outlines - Group 118","np":1,"cix":2,"bm":0,"ix":5,"mn":"ADBE Vector Group","hd":false},{"ty":"gr","it":[{"ty":"gr","it":[{"ind":0,"ty":"sh","ix":1,"ks":{"a":0,"k":{"i":[[0,0.551],[-0.55,0],[0,-0.55],[0.56,0]],"o":[[0,-0.55],[0.56,0],[0,0.551],[-0.55,0]],"v":[[-0.995,0],[-0.005,-1],[0.995,0],[-0.005,1]],"c":true},"ix":2},"nm":"Path 1","mn":"ADBE Vector Shape - Group","hd":false},{"ty":"fl","c":{"a":0,"k":[0.128999993205,0.211999997497,0.372999995947,1],"ix":4,"x":"var $bm_rt;\ntry {\n    $bm_rt = thisComp.layer('Controller')('Effects')('Color')('ADBE Color Control-0001');\n} catch (e) {\n    $bm_rt = value;\n}"},"o":{"a":0,"k":100,"ix":5},"r":1,"bm":0,"nm":"Fill 1","mn":"ADBE Vector Graphic - Fill","hd":false},{"ty":"tr","p":{"a":0,"k":[61.501,14.25],"ix":2},"a":{"a":0,"k":[0,0],"ix":1},"s":{"a":0,"k":[100,100],"ix":3},"r":{"a":0,"k":0,"ix":6},"o":{"a":0,"k":100,"ix":7},"sk":{"a":0,"k":0,"ix":4},"sa":{"a":0,"k":0,"ix":5},"nm":"Transform"}],"nm":"Group 19","np":2,"cix":2,"bm":0,"ix":1,"mn":"ADBE Vector Group","hd":false},{"ty":"tr","p":{"a":0,"k":[337.88,134.217],"ix":2},"a":{"a":0,"k":[61.501,14.25],"ix":1},"s":{"a":0,"k":[450,450],"ix":3},"r":{"a":0,"k":0,"ix":6},"o":{"a":0,"k":100,"ix":7},"sk":{"a":0,"k":0,"ix":4},"sa":{"a":0,"k":0,"ix":5},"nm":"Transform"}],"nm":"Layer 5 Outlines - Group 119","np":1,"cix":2,"bm":0,"ix":6,"mn":"ADBE Vector Group","hd":false},{"ty":"gr","it":[{"ty":"gr","it":[{"ind":0,"ty":"sh","ix":1,"ks":{"a":0,"k":{"i":[[0.27,0],[0.18,0.18],[0,0.261],[-0.19,0.19],[-0.37,-0.369],[0,-0.26],[0.19,-0.19]],"o":[[-0.26,0],[-0.19,-0.19],[0,-0.26],[0.37,-0.369],[0.19,0.19],[0,0.261],[-0.18,0.18]],"v":[[-0.005,1.04],[-0.705,0.751],[-1.005,0.04],[-0.705,-0.671],[0.705,-0.671],[1.005,0.04],[0.705,0.751]],"c":true},"ix":2},"nm":"Path 1","mn":"ADBE Vector Shape - Group","hd":false},{"ty":"fl","c":{"a":0,"k":[0.128999993205,0.211999997497,0.372999995947,1],"ix":4,"x":"var $bm_rt;\ntry {\n    $bm_rt = thisComp.layer('Controller')('Effects')('Color')('ADBE Color Control-0001');\n} catch (e) {\n    $bm_rt = value;\n}"},"o":{"a":0,"k":100,"ix":5},"r":1,"bm":0,"nm":"Fill 1","mn":"ADBE Vector Graphic - Fill","hd":false},{"ty":"tr","p":{"a":0,"k":[67.501,14.21],"ix":2},"a":{"a":0,"k":[0,0],"ix":1},"s":{"a":0,"k":[100,100],"ix":3},"r":{"a":0,"k":0,"ix":6},"o":{"a":0,"k":100,"ix":7},"sk":{"a":0,"k":0,"ix":4},"sa":{"a":0,"k":0,"ix":5},"nm":"Transform"}],"nm":"Group 20","np":2,"cix":2,"bm":0,"ix":1,"mn":"ADBE Vector Group","hd":false},{"ty":"tr","p":{"a":0,"k":[364.879,134.247],"ix":2},"a":{"a":0,"k":[67.501,14.257],"ix":1},"s":{"a":0,"k":[450,450],"ix":3},"r":{"a":0,"k":0,"ix":6},"o":{"a":0,"k":100,"ix":7},"sk":{"a":0,"k":0,"ix":4},"sa":{"a":0,"k":0,"ix":5},"nm":"Transform"}],"nm":"Layer 5 Outlines - Group 220","np":1,"cix":2,"bm":0,"ix":7,"mn":"ADBE Vector Group","hd":false},{"ty":"gr","it":[{"ty":"gr","it":[{"ind":0,"ty":"sh","ix":1,"ks":{"a":0,"k":{"i":[[3.866,0],[0,0],[0,0],[-1.104,0],[0,0]],"o":[[0,0],[0,0],[0,-1.104],[0,0],[0,3.866]],"v":[[22.001,3.5],[-29.001,3.5],[-29.001,-1.5],[-27.001,-3.5],[29.001,-3.5]],"c":true},"ix":2},"nm":"Path 1","mn":"ADBE Vector Shape - Group","hd":false},{"ty":"fl","c":{"a":0,"k":[1,1,1,1],"ix":4,"x":"var $bm_rt;\ntry {\n    $bm_rt = thisComp.layer('Controller')('Effects')('Color 3')('ADBE Color Control-0001');\n} catch (e) {\n    $bm_rt = value;\n}"},"o":{"a":0,"k":100,"ix":5},"r":1,"bm":0,"nm":"Fill 1","mn":"ADBE Vector Graphic - Fill","hd":false},{"ty":"tr","p":{"a":0,"k":[38.5,12.751],"ix":2},"a":{"a":0,"k":[0,0],"ix":1},"s":{"a":0,"k":[100,100],"ix":3},"r":{"a":0,"k":0,"ix":6},"o":{"a":0,"k":100,"ix":7},"sk":{"a":0,"k":0,"ix":4},"sa":{"a":0,"k":0,"ix":5},"nm":"Transform"}],"nm":"Group 21","np":2,"cix":2,"bm":0,"ix":1,"mn":"ADBE Vector Group","hd":false},{"ty":"tr","p":{"a":0,"k":[234.374,127.472],"ix":2},"a":{"a":0,"k":[38.5,12.751],"ix":1},"s":{"a":0,"k":[450,450],"ix":3},"r":{"a":0,"k":0,"ix":6},"o":{"a":0,"k":100,"ix":7},"sk":{"a":0,"k":0,"ix":4},"sa":{"a":0,"k":0,"ix":5},"nm":"Transform"}],"nm":"Layer 5 Outlines - Group 221","np":1,"cix":2,"bm":0,"ix":8,"mn":"ADBE Vector Group","hd":false},{"ty":"gr","it":[{"ty":"gr","it":[{"ind":0,"ty":"sh","ix":1,"ks":{"a":0,"k":{"i":[[0,0],[0,0],[0,0],[-1.104,0],[0,0],[0,-1.104]],"o":[[0,0],[0,0],[0,-1.104],[0,0],[1.105,0],[0,0]],"v":[[32,5],[-32,5],[-32,-3],[-30,-5],[30,-5],[32,-3]],"c":true},"ix":2},"nm":"Path 1","mn":"ADBE Vector Shape - Group","hd":false},{"ty":"fl","c":{"a":0,"k":[0.740999996662,0.764999985695,0.847000002861,1],"ix":4,"x":"var $bm_rt;\ntry {\n    $bm_rt = thisComp.layer('Controller')('Effects')('Color 2')('ADBE Color Control-0001');\n} catch (e) {\n    $bm_rt = value;\n}"},"o":{"a":0,"k":100,"ix":5},"r":1,"bm":0,"nm":"Fill 1","mn":"ADBE Vector Graphic - Fill","hd":false},{"ty":"tr","p":{"a":0,"k":[41.501,14.251],"ix":2},"a":{"a":0,"k":[0,0],"ix":1},"s":{"a":0,"k":[100,100],"ix":3},"r":{"a":0,"k":0,"ix":6},"o":{"a":0,"k":100,"ix":7},"sk":{"a":0,"k":0,"ix":4},"sa":{"a":0,"k":0,"ix":5},"nm":"Transform"}],"nm":"Group 22","np":2,"cix":2,"bm":0,"ix":1,"mn":"ADBE Vector Group","hd":false},{"ty":"tr","p":{"a":0,"k":[247.879,134.222],"ix":2},"a":{"a":0,"k":[41.501,14.251],"ix":1},"s":{"a":0,"k":[450,450],"ix":3},"r":{"a":0,"k":0,"ix":6},"o":{"a":0,"k":100,"ix":7},"sk":{"a":0,"k":0,"ix":4},"sa":{"a":0,"k":0,"ix":5},"nm":"Transform"}],"nm":"Layer 5 Outlines - Group 222","np":1,"cix":2,"bm":0,"ix":9,"mn":"ADBE Vector Group","hd":false}],"ip":0,"op":150,"st":0,"ct":1,"bm":0},{"ddd":0,"ind":9,"ty":4,"nm":"Layer 5 Outlines - Group 23 :M","parent":2,"sr":1,"ks":{"o":{"a":0,"k":100,"ix":11},"r":{"a":0,"k":0,"ix":10},"p":{"a":0,"k":[57.813,65.139,0],"ix":2,"l":2},"a":{"a":0,"k":[263.5,268,0],"ix":1,"l":2},"s":{"a":0,"k":[100,100,100],"ix":6,"l":2}},"ao":0,"shapes":[{"ty":"gr","it":[{"ty":"gr","it":[{"ind":0,"ty":"sh","ix":1,"ks":{"a":0,"k":{"i":[[0,-11.046],[11.046,0],[0,11.045],[-11.046,0]],"o":[[0,11.045],[-11.046,0],[0,-11.046],[11.046,0]],"v":[[20,0],[0,20],[-20,0],[0,-20]],"c":true},"ix":2},"nm":"Path 1","mn":"ADBE Vector Shape - Group","hd":false},{"ty":"fl","c":{"a":0,"k":[0.910000026226,0.92199999094,0.925000011921,1],"ix":4,"x":"var $bm_rt;\ntry {\n    $bm_rt = thisComp.layer('Controller').effect('Color 4')('ADBE Color Control-0001');\n} catch (e) {\n    $bm_rt = value;\n}"},"o":{"a":0,"k":100,"ix":5},"r":1,"bm":0,"nm":"Fill 1","mn":"ADBE Vector Graphic - Fill","hd":false},{"ty":"tr","p":{"a":0,"k":[20.25,20.25],"ix":2},"a":{"a":0,"k":[0,0],"ix":1},"s":{"a":0,"k":[100,100],"ix":3},"r":{"a":0,"k":0,"ix":6},"o":{"a":0,"k":100,"ix":7},"sk":{"a":0,"k":0,"ix":4},"sa":{"a":0,"k":0,"ix":5},"nm":"Transform"}],"nm":"Group 23","np":2,"cix":2,"bm":0,"ix":1,"mn":"ADBE Vector Group","hd":false},{"ty":"tr","p":{"a":0,"k":[152.249,161.217],"ix":2},"a":{"a":0,"k":[20.25,20.25],"ix":1},"s":{"a":1,"k":[{"i":{"x":[0.63,0.63],"y":[1,1]},"o":{"x":[0.37,0.37],"y":[0,0]},"t":0,"s":[0,0]},{"i":{"x":[0.63,0.63],"y":[1,1]},"o":{"x":[0.37,0.37],"y":[0,0]},"t":33,"s":[731,731]},{"i":{"x":[0.63,0.63],"y":[1,1]},"o":{"x":[0.37,0.37],"y":[0,0]},"t":78,"s":[175,175]},{"i":{"x":[0.63,0.63],"y":[1,1]},"o":{"x":[0.37,0.37],"y":[0,0]},"t":105,"s":[545,545]},{"t":149,"s":[0,0]}],"ix":3},"r":{"a":0,"k":0,"ix":6},"o":{"a":0,"k":100,"ix":7},"sk":{"a":0,"k":0,"ix":4},"sa":{"a":0,"k":0,"ix":5},"nm":"Transform"}],"nm":"Layer 5 Outlines - Group 223","np":1,"cix":2,"bm":0,"ix":1,"mn":"ADBE Vector Group","hd":false},{"ty":"gr","it":[{"ty":"gr","it":[{"ind":0,"ty":"sh","ix":1,"ks":{"a":0,"k":{"i":[[0,-6.628],[6.628,0],[0,6.627],[-6.627,0]],"o":[[0,6.627],[-6.627,0],[0,-6.628],[6.628,0]],"v":[[12,0],[0,12],[-12,0],[0,-12]],"c":true},"ix":2},"nm":"Path 1","mn":"ADBE Vector Shape - Group","hd":false},{"ty":"fl","c":{"a":0,"k":[0.910000026226,0.92199999094,0.925000011921,1],"ix":4,"x":"var $bm_rt;\ntry {\n    $bm_rt = thisComp.layer('Controller')('Effects')('Color 4')('ADBE Color Control-0001');\n} catch (e) {\n    $bm_rt = value;\n}"},"o":{"a":0,"k":100,"ix":5},"r":1,"bm":0,"nm":"Fill 1","mn":"ADBE Vector Graphic - Fill","hd":false},{"ty":"tr","p":{"a":0,"k":[26.582,67.709],"ix":2},"a":{"a":0,"k":[0,0],"ix":1},"s":{"a":0,"k":[100,100],"ix":3},"r":{"a":0,"k":0,"ix":6},"o":{"a":0,"k":100,"ix":7},"sk":{"a":0,"k":0,"ix":4},"sa":{"a":0,"k":0,"ix":5},"nm":"Transform"}],"nm":"Group 24","np":2,"cix":2,"bm":0,"ix":1,"mn":"ADBE Vector Group","hd":false},{"ty":"tr","p":{"a":0,"k":[180.743,374.783],"ix":2},"a":{"a":0,"k":[26.582,67.709],"ix":1},"s":{"a":1,"k":[{"i":{"x":[0.63,0.63],"y":[1,1]},"o":{"x":[0.37,0.37],"y":[0,0]},"t":0,"s":[0,0]},{"i":{"x":[0.63,0.63],"y":[1,1]},"o":{"x":[0.37,0.37],"y":[0,0]},"t":45,"s":[731,731]},{"i":{"x":[0.63,0.63],"y":[1,1]},"o":{"x":[0.37,0.37],"y":[0,0]},"t":90,"s":[175,175]},{"i":{"x":[0.63,0.63],"y":[1,1]},"o":{"x":[0.37,0.37],"y":[0,0]},"t":117,"s":[545,545]},{"t":149,"s":[0,0]}],"ix":3},"r":{"a":0,"k":0,"ix":6},"o":{"a":0,"k":100,"ix":7},"sk":{"a":0,"k":0,"ix":4},"sa":{"a":0,"k":0,"ix":5},"nm":"Transform"}],"nm":"Layer 5 Outlines - Group 224","np":1,"cix":2,"bm":0,"ix":2,"mn":"ADBE Vector Group","hd":false},{"ty":"gr","it":[{"ty":"gr","it":[{"ind":0,"ty":"sh","ix":1,"ks":{"a":0,"k":{"i":[[0,-7.731],[7.732,0],[0,7.732],[-7.732,0]],"o":[[0,7.732],[-7.732,0],[0,-7.731],[7.732,0]],"v":[[14,0],[0,14],[-14,0],[0,-14]],"c":true},"ix":2},"nm":"Path 1","mn":"ADBE Vector Shape - Group","hd":false},{"ty":"fl","c":{"a":0,"k":[0.910000026226,0.92199999094,0.925000011921,1],"ix":4,"x":"var $bm_rt;\ntry {\n    $bm_rt = thisComp.layer('Controller')('Effects')('Color 4')('ADBE Color Control-0001');\n} catch (e) {\n    $bm_rt = value;\n}"},"o":{"a":0,"k":100,"ix":5},"r":1,"bm":0,"nm":"Fill 1","mn":"ADBE Vector Graphic - Fill","hd":false},{"ty":"tr","p":{"a":0,"k":[69.695,46.272],"ix":2},"a":{"a":0,"k":[0,0],"ix":1},"s":{"a":0,"k":[100,100],"ix":3},"r":{"a":0,"k":0,"ix":6},"o":{"a":0,"k":100,"ix":7},"sk":{"a":0,"k":0,"ix":4},"sa":{"a":0,"k":0,"ix":5},"nm":"Transform"}],"nm":"Group 25","np":2,"cix":2,"bm":0,"ix":1,"mn":"ADBE Vector Group","hd":false},{"ty":"tr","p":{"a":0,"k":[374.751,278.319],"ix":2},"a":{"a":0,"k":[69.695,46.272],"ix":1},"s":{"a":1,"k":[{"i":{"x":[0.63,0.63],"y":[1,1]},"o":{"x":[0.37,0.37],"y":[0,0]},"t":0,"s":[0,0]},{"i":{"x":[0.63,0.63],"y":[1,1]},"o":{"x":[0.37,0.37],"y":[0,0]},"t":52,"s":[731,731]},{"i":{"x":[0.63,0.63],"y":[1,1]},"o":{"x":[0.37,0.37],"y":[0,0]},"t":97,"s":[175,175]},{"i":{"x":[0.63,0.63],"y":[1,1]},"o":{"x":[0.37,0.37],"y":[0,0]},"t":124,"s":[545,545]},{"t":149,"s":[0,0]}],"ix":3},"r":{"a":0,"k":0,"ix":6},"o":{"a":0,"k":100,"ix":7},"sk":{"a":0,"k":0,"ix":4},"sa":{"a":0,"k":0,"ix":5},"nm":"Transform"}],"nm":"Layer 5 Outlines - Group 225","np":1,"cix":2,"bm":0,"ix":3,"mn":"ADBE Vector Group","hd":false}],"ip":0,"op":150,"st":0,"ct":1,"bm":0}],"markers":[]}