{"v":"5.6.6","ip":0,"op":1,"fr":60,"w":576,"h":512,"layers":[{"ind":476,"nm":"surface1300","ao":0,"ip":0,"op":60,"st":0,"ty":4,"ks":{"ty":"tr","o":{"k":100},"r":{"k":0},"p":{"k":[0,0]},"a":{"k":[0,0]},"s":{"k":[133.33,133.33]},"sk":{"k":0},"sa":{"k":0}},"shapes":[{"ty":"gr","hd":false,"nm":"surface1300","it":[{"ty":"gr","hd":false,"it":[{"ty":"sh","ks":{"k":{"i":[[0,0],[17.62,4.74],[0,0],[31.94,-8.61],[4.71,-17.74],[0,0],[-8.56,-32.15],[-17.62,-4.74],[0,0],[-31.94,8.61],[-4.71,17.74],[0,0],[8.56,32.15]],"o":[[-4.71,-17.74],[-31.94,-8.61],[0,0],[-17.62,4.74],[-8.56,32.15],[0,0],[4.71,17.74],[31.94,8.61],[0,0],[17.62,-4.74],[8.56,-32.15],[0,0],[0,0]],"v":[[412.24,93.06],[376.03,56.61],[216,48],[55.97,56.61],[19.76,93.06],[11.2,192.29],[19.76,291.52],[55.97,327.39],[216,336],[376.03,327.39],[412.24,291.52],[420.8,192.29],[412.24,93.06]],"c":true}}},{"ty":"sh","ks":{"k":{"i":[[0,0],[0,0],[0,0]],"o":[[0,0],[0,0],[0,0]],"v":[[174.11,253.2],[174.11,131.39],[281.16,192.29]],"c":true}}},{"ty":"fl","o":{"k":100},"c":{"k":[0,0,0,1]}},{"ty":"tr","o":{"k":100},"r":{"k":0},"p":{"k":[0,0]},"a":{"k":[0,0]},"s":{"k":[100,100]},"sk":{"k":0},"sa":{"k":0},"hd":false}]},{"ty":"tr","o":{"k":100},"r":{"k":0},"p":{"k":[0,0]},"a":{"k":[0,0]},"s":{"k":[100,100]},"sk":{"k":0},"sa":{"k":0},"hd":false}]}]}],"meta":{"g":"LF SVG to Lottie"}}