{"v":"5.9.6","fr":30,"ip":0,"op":150,"w":3840,"h":2160,"nm":"WEB DESIGN STAGE","ddd":0,"assets":[],"layers":[{"ddd":0,"ind":1,"ty":3,"nm":"Null 18","sr":1,"ks":{"o":{"a":0,"k":0,"ix":11},"r":{"a":0,"k":0,"ix":10},"p":{"a":0,"k":[1919.998,1267.45,0],"ix":2,"l":2},"a":{"a":0,"k":[50,50,0],"ix":1,"l":2},"s":{"a":0,"k":[100,100,100],"ix":6,"l":2}},"ao":0,"ip":0,"op":150,"st":0,"bm":0},{"ddd":0,"ind":2,"ty":3,"nm":"Null 6","parent":1,"sr":1,"ks":{"o":{"a":0,"k":0,"ix":11},"r":{"a":0,"k":0,"ix":10},"p":{"a":0,"k":[50,50,0],"ix":2,"l":2},"a":{"a":0,"k":[50,50,0],"ix":1,"l":2},"s":{"a":0,"k":[430,430,100],"ix":6,"l":2}},"ao":0,"ip":0,"op":150,"st":0,"bm":0},{"ddd":0,"ind":4,"ty":4,"nm":"Layer 5 Outlines - Group 1 :M","parent":5,"sr":1,"ks":{"o":{"a":0,"k":100,"ix":11},"r":{"a":0,"k":0,"ix":10},"p":{"a":0,"k":[159.365,272.509,0],"ix":2,"l":2},"a":{"a":0,"k":[159.365,272.509,0],"ix":1,"l":2},"s":{"a":1,"k":[{"i":{"x":[0.64,0.64,0.64],"y":[1,1,1]},"o":{"x":[0.36,0.36,0.36],"y":[0,0,0]},"t":25,"s":[0,0,100]},{"i":{"x":[0.64,0.64,0.64],"y":[1,1,1]},"o":{"x":[0.36,0.36,0.36],"y":[0,0,0]},"t":35,"s":[100,100,100]},{"t":45,"s":[0,0,100]}],"ix":6,"l":2}},"ao":0,"shapes":[{"ty":"gr","it":[{"ty":"gr","it":[{"ind":0,"ty":"sh","ix":1,"ks":{"a":0,"k":{"i":[[0.414,0],[0,0.414],[0,0],[-0.414,0],[0,-0.414],[0,0]],"o":[[-0.414,0],[0,0],[0,-0.414],[0.414,0],[0,0],[0,0.414]],"v":[[0,2.75],[-0.75,2],[-0.75,-2],[0,-2.75],[0.75,-2],[0.75,2]],"c":true},"ix":2},"nm":"Path 1","mn":"ADBE Vector Shape - Group","hd":false},{"ty":"fl","c":{"a":0,"k":[0.128999993205,0.211999997497,0.372999995947,1],"ix":4,"x":"var $bm_rt;\ntry {\n    $bm_rt = thisComp.layer('Controller').effect('Color')('ADBE Color Control-0001');\n} catch (e) {\n    $bm_rt = value;\n}"},"o":{"a":0,"k":100,"ix":5},"r":1,"bm":0,"nm":"Fill 1","mn":"ADBE Vector Graphic - Fill","hd":false},{"ty":"tr","p":{"a":0,"k":[19.802,44.13],"ix":2},"a":{"a":0,"k":[0,0],"ix":1},"s":{"a":0,"k":[100,100],"ix":3},"r":{"a":0,"k":0,"ix":6},"o":{"a":0,"k":100,"ix":7},"sk":{"a":0,"k":0,"ix":4},"sa":{"a":0,"k":0,"ix":5},"nm":"Transform"}],"nm":"Group 1","np":2,"cix":2,"bm":0,"ix":1,"mn":"ADBE Vector Group","hd":false},{"ty":"tr","p":{"a":0,"k":[159.365,272.509],"ix":2},"a":{"a":0,"k":[19.802,44.13],"ix":1},"s":{"a":0,"k":[450,450],"ix":3},"r":{"a":0,"k":0,"ix":6},"o":{"a":0,"k":100,"ix":7},"sk":{"a":0,"k":0,"ix":4},"sa":{"a":0,"k":0,"ix":5},"nm":"Transform"}],"nm":"Layer 5 Outlines - Group 1","np":1,"cix":2,"bm":0,"ix":1,"mn":"ADBE Vector Group","hd":false},{"ty":"gr","it":[{"ty":"gr","it":[{"ind":0,"ty":"sh","ix":1,"ks":{"a":0,"k":{"i":[[0.414,0],[0,0],[0,0.414],[-0.414,0],[0,0],[0,-0.414]],"o":[[0,0],[-0.414,0],[0,-0.414],[0,0],[0.414,0],[0,0.414]],"v":[[2,0.75],[-2,0.75],[-2.75,0],[-2,-0.75],[2,-0.75],[2.75,0]],"c":true},"ix":2},"nm":"Path 1","mn":"ADBE Vector Shape - Group","hd":false},{"ty":"fl","c":{"a":0,"k":[0.128999993205,0.211999997497,0.372999995947,1],"ix":4,"x":"var $bm_rt;\ntry {\n    $bm_rt = thisComp.layer('Controller')('Effects')('Color')('ADBE Color Control-0001');\n} catch (e) {\n    $bm_rt = value;\n}"},"o":{"a":0,"k":100,"ix":5},"r":1,"bm":0,"nm":"Fill 1","mn":"ADBE Vector Graphic - Fill","hd":false},{"ty":"tr","p":{"a":0,"k":[19.802,44.13],"ix":2},"a":{"a":0,"k":[0,0],"ix":1},"s":{"a":0,"k":[100,100],"ix":3},"r":{"a":0,"k":0,"ix":6},"o":{"a":0,"k":100,"ix":7},"sk":{"a":0,"k":0,"ix":4},"sa":{"a":0,"k":0,"ix":5},"nm":"Transform"}],"nm":"Group 2","np":2,"cix":2,"bm":0,"ix":1,"mn":"ADBE Vector Group","hd":false},{"ty":"tr","p":{"a":0,"k":[159.365,272.509],"ix":2},"a":{"a":0,"k":[19.802,44.13],"ix":1},"s":{"a":0,"k":[450,450],"ix":3},"r":{"a":0,"k":0,"ix":6},"o":{"a":0,"k":100,"ix":7},"sk":{"a":0,"k":0,"ix":4},"sa":{"a":0,"k":0,"ix":5},"nm":"Transform"}],"nm":"Layer 5 Outlines - Group 2","np":1,"cix":2,"bm":0,"ix":2,"mn":"ADBE Vector Group","hd":false}],"ip":0,"op":150,"st":0,"ct":1,"bm":0},{"ddd":0,"ind":5,"ty":4,"nm":"Layer 5 Outlines - Group 9 :M","parent":13,"sr":1,"ks":{"o":{"a":0,"k":100,"ix":11},"r":{"a":0,"k":0,"ix":10},"p":{"a":0,"k":[161.604,256.75,0],"ix":2,"l":2},"a":{"a":0,"k":[161.604,256.75,0],"ix":1,"l":2},"s":{"a":1,"k":[{"i":{"x":[0.64,0.64,0.64],"y":[1,1,1]},"o":{"x":[0.36,0.36,0.36],"y":[0,0,0]},"t":5,"s":[0,0,100]},{"i":{"x":[0.64,0.64,0.64],"y":[1,1,1]},"o":{"x":[0.36,0.36,0.36],"y":[0,0,0]},"t":20,"s":[115,115,100]},{"i":{"x":[0.64,0.64,0.64],"y":[1,1,1]},"o":{"x":[0.36,0.36,0.36],"y":[0,0,0]},"t":35,"s":[90,90,100]},{"i":{"x":[0.46,0.46,0.46],"y":[1,1,1]},"o":{"x":[0.167,0.167,0.167],"y":[0,0,0]},"t":50,"s":[100,100,100]},{"i":{"x":[0.46,0.46,0.46],"y":[1,1,1]},"o":{"x":[0.54,0.54,0.54],"y":[0,0,0]},"t":80,"s":[100,100,100]},{"i":{"x":[0.46,0.46,0.46],"y":[1,1,1]},"o":{"x":[0.54,0.54,0.54],"y":[0,0,0]},"t":95,"s":[115,115,100]},{"t":110,"s":[0,0,100]}],"ix":6,"l":2}},"ao":0,"shapes":[{"ty":"gr","it":[{"ty":"gr","it":[{"ind":0,"ty":"sh","ix":1,"ks":{"a":0,"k":{"i":[[0,0],[0,-0.138],[0,0],[-0.138,0],[0,0],[0,0.138],[0,0],[0.138,0]],"o":[[-0.138,0],[0,0],[0,0.138],[0,0],[0.138,0],[0,0],[0,-0.138],[0,0]],"v":[[-5.499,-12.75],[-5.749,-12.5],[-5.749,12.5],[-5.499,12.75],[5.499,12.75],[5.749,12.5],[5.749,-12.5],[5.499,-12.75]],"c":true},"ix":2},"nm":"Path 1","mn":"ADBE Vector Shape - Group","hd":false},{"ind":1,"ty":"sh","ix":2,"ks":{"a":0,"k":{"i":[[0.965,0],[0,0],[0,0.965],[0,0],[-0.965,0],[0,0],[0,-0.965],[0,0]],"o":[[0,0],[-0.965,0],[0,0],[0,-0.965],[0,0],[0.965,0],[0,0],[0,0.965]],"v":[[5.499,14.25],[-5.499,14.25],[-7.249,12.5],[-7.249,-12.5],[-5.499,-14.25],[5.499,-14.25],[7.249,-12.5],[7.249,12.5]],"c":true},"ix":2},"nm":"Path 2","mn":"ADBE Vector Shape - Group","hd":false},{"ty":"mm","mm":1,"nm":"Merge Paths 1","mn":"ADBE Vector Filter - Merge","hd":false},{"ty":"fl","c":{"a":0,"k":[0.128999993205,0.211999997497,0.372999995947,1],"ix":4,"x":"var $bm_rt;\ntry {\n    $bm_rt = thisComp.layer('Controller')('Effects')('Color')('ADBE Color Control-0001');\n} catch (e) {\n    $bm_rt = value;\n}"},"o":{"a":0,"k":100,"ix":5},"r":1,"bm":0,"nm":"Fill 1","mn":"ADBE Vector Graphic - Fill","hd":false},{"ty":"tr","p":{"a":0,"k":[20.3,40.628],"ix":2},"a":{"a":0,"k":[0,0],"ix":1},"s":{"a":0,"k":[100,100],"ix":3},"r":{"a":0,"k":0,"ix":6},"o":{"a":0,"k":100,"ix":7},"sk":{"a":0,"k":0,"ix":4},"sa":{"a":0,"k":0,"ix":5},"nm":"Transform"}],"nm":"Group 9","np":4,"cix":2,"bm":0,"ix":1,"mn":"ADBE Vector Group","hd":false},{"ty":"tr","p":{"a":0,"k":[161.604,256.75],"ix":2},"a":{"a":0,"k":[20.3,40.628],"ix":1},"s":{"a":0,"k":[450,450],"ix":3},"r":{"a":0,"k":0,"ix":6},"o":{"a":0,"k":100,"ix":7},"sk":{"a":0,"k":0,"ix":4},"sa":{"a":0,"k":0,"ix":5},"nm":"Transform"}],"nm":"Layer 5 Outlines - Group 9","np":1,"cix":2,"bm":0,"ix":1,"mn":"ADBE Vector Group","hd":false},{"ty":"gr","it":[{"ty":"gr","it":[{"ind":0,"ty":"sh","ix":1,"ks":{"a":0,"k":{"i":[[0,0],[0,0],[0,-0.553],[0,0],[0,0],[0,0.553]],"o":[[0,0],[-0.552,0],[0,0],[0,0],[0.552,0],[0,0]],"v":[[4.999,-12.499],[-3.999,-12.499],[-4.999,-11.499],[-4.999,12.499],[3.999,12.499],[4.999,11.499]],"c":true},"ix":2},"nm":"Path 1","mn":"ADBE Vector Shape - Group","hd":false},{"ty":"fl","c":{"a":0,"k":[1,1,1,1],"ix":4,"x":"var $bm_rt;\ntry {\n    $bm_rt = thisComp.layer('Controller').effect('Color 2')('ADBE Color Control-0001');\n} catch (e) {\n    $bm_rt = value;\n}"},"o":{"a":0,"k":100,"ix":5},"r":1,"bm":0,"nm":"Fill 1","mn":"ADBE Vector Graphic - Fill","hd":false},{"ty":"tr","p":{"a":0,"k":[18.8,39.628],"ix":2},"a":{"a":0,"k":[0,0],"ix":1},"s":{"a":0,"k":[100,100],"ix":3},"r":{"a":0,"k":0,"ix":6},"o":{"a":0,"k":100,"ix":7},"sk":{"a":0,"k":0,"ix":4},"sa":{"a":0,"k":0,"ix":5},"nm":"Transform"}],"nm":"Group 10","np":2,"cix":2,"bm":0,"ix":1,"mn":"ADBE Vector Group","hd":false},{"ty":"tr","p":{"a":0,"k":[154.856,252.252],"ix":2},"a":{"a":0,"k":[18.8,39.628],"ix":1},"s":{"a":0,"k":[450,450],"ix":3},"r":{"a":0,"k":0,"ix":6},"o":{"a":0,"k":100,"ix":7},"sk":{"a":0,"k":0,"ix":4},"sa":{"a":0,"k":0,"ix":5},"nm":"Transform"}],"nm":"Layer 5 Outlines - Group 110","np":1,"cix":2,"bm":0,"ix":2,"mn":"ADBE Vector Group","hd":false},{"ty":"gr","it":[{"ty":"gr","it":[{"ind":0,"ty":"sh","ix":1,"ks":{"a":0,"k":{"i":[[0.552,0],[0,0],[0,-0.553],[0,0],[-0.553,0],[0,0],[0,0.553],[0,0]],"o":[[0,0],[-0.553,0],[0,0],[0,0.553],[0,0],[0.552,0],[0,0],[0,-0.553]],"v":[[5.5,-13.499],[-5.5,-13.499],[-6.5,-12.499],[-6.5,12.499],[-5.5,13.499],[5.5,13.499],[6.5,12.499],[6.5,-12.499]],"c":true},"ix":2},"nm":"Path 1","mn":"ADBE Vector Shape - Group","hd":false},{"ty":"fl","c":{"a":0,"k":[0.740999996662,0.764999985695,0.847000002861,1],"ix":4,"x":"var $bm_rt;\ntry {\n    $bm_rt = thisComp.layer('Controller').effect('Color 3')('ADBE Color Control-0001');\n} catch (e) {\n    $bm_rt = value;\n}"},"o":{"a":0,"k":100,"ix":5},"r":1,"bm":0,"nm":"Fill 1","mn":"ADBE Vector Graphic - Fill","hd":false},{"ty":"tr","p":{"a":0,"k":[20.3,40.628],"ix":2},"a":{"a":0,"k":[0,0],"ix":1},"s":{"a":0,"k":[100,100],"ix":3},"r":{"a":0,"k":0,"ix":6},"o":{"a":0,"k":100,"ix":7},"sk":{"a":0,"k":0,"ix":4},"sa":{"a":0,"k":0,"ix":5},"nm":"Transform"}],"nm":"Group 11","np":2,"cix":2,"bm":0,"ix":1,"mn":"ADBE Vector Group","hd":false},{"ty":"tr","p":{"a":0,"k":[161.606,256.752],"ix":2},"a":{"a":0,"k":[20.3,40.628],"ix":1},"s":{"a":0,"k":[450,450],"ix":3},"r":{"a":0,"k":0,"ix":6},"o":{"a":0,"k":100,"ix":7},"sk":{"a":0,"k":0,"ix":4},"sa":{"a":0,"k":0,"ix":5},"nm":"Transform"}],"nm":"Layer 5 Outlines - Group 111","np":1,"cix":2,"bm":0,"ix":3,"mn":"ADBE Vector Group","hd":false}],"ip":0,"op":150,"st":0,"ct":1,"bm":0},{"ddd":0,"ind":6,"ty":4,"nm":"Layer 5 Outlines - Group 5 :M","parent":8,"sr":1,"ks":{"o":{"a":0,"k":100,"ix":11},"r":{"a":0,"k":0,"ix":10},"p":{"a":0,"k":[240.372,146.496,0],"ix":2,"l":2},"a":{"a":0,"k":[240.372,146.496,0],"ix":1,"l":2},"s":{"a":1,"k":[{"i":{"x":[0.64,0.64,0.64],"y":[1,1,1]},"o":{"x":[0.36,0.36,0.36],"y":[0,0,0]},"t":33,"s":[0,0,100]},{"i":{"x":[0.64,0.64,0.64],"y":[1,1,1]},"o":{"x":[0.36,0.36,0.36],"y":[0,0,0]},"t":43,"s":[100,100,100]},{"t":53,"s":[0,0,100]}],"ix":6,"l":2}},"ao":0,"shapes":[{"ty":"gr","it":[{"ty":"gr","it":[{"ind":0,"ty":"sh","ix":1,"ks":{"a":0,"k":{"i":[[0.414,0],[0,0.414],[0,0],[-0.414,0],[0,-0.414],[0,0]],"o":[[-0.414,0],[0,0],[0,-0.414],[0.414,0],[0,0],[0,0.414]],"v":[[0,2.75],[-0.75,2],[-0.75,-2],[0,-2.75],[0.75,-2],[0.75,2]],"c":true},"ix":2},"nm":"Path 1","mn":"ADBE Vector Shape - Group","hd":false},{"ty":"fl","c":{"a":0,"k":[0.128999993205,0.211999997497,0.372999995947,1],"ix":4,"x":"var $bm_rt;\ntry {\n    $bm_rt = thisComp.layer('Controller')('Effects')('Color')('ADBE Color Control-0001');\n} catch (e) {\n    $bm_rt = value;\n}"},"o":{"a":0,"k":100,"ix":5},"r":1,"bm":0,"nm":"Fill 1","mn":"ADBE Vector Graphic - Fill","hd":false},{"ty":"tr","p":{"a":0,"k":[37.804,16.127],"ix":2},"a":{"a":0,"k":[0,0],"ix":1},"s":{"a":0,"k":[100,100],"ix":3},"r":{"a":0,"k":0,"ix":6},"o":{"a":0,"k":100,"ix":7},"sk":{"a":0,"k":0,"ix":4},"sa":{"a":0,"k":0,"ix":5},"nm":"Transform"}],"nm":"Group 5","np":2,"cix":2,"bm":0,"ix":1,"mn":"ADBE Vector Group","hd":false},{"ty":"tr","p":{"a":0,"k":[240.372,146.496],"ix":2},"a":{"a":0,"k":[37.804,16.127],"ix":1},"s":{"a":0,"k":[450,450],"ix":3},"r":{"a":0,"k":0,"ix":6},"o":{"a":0,"k":100,"ix":7},"sk":{"a":0,"k":0,"ix":4},"sa":{"a":0,"k":0,"ix":5},"nm":"Transform"}],"nm":"Layer 5 Outlines - Group 5","np":1,"cix":2,"bm":0,"ix":1,"mn":"ADBE Vector Group","hd":false},{"ty":"gr","it":[{"ty":"gr","it":[{"ind":0,"ty":"sh","ix":1,"ks":{"a":0,"k":{"i":[[0.414,0],[0,0],[0,0.414],[-0.414,0],[0,0],[0,-0.414]],"o":[[0,0],[-0.414,0],[0,-0.414],[0,0],[0.414,0],[0,0.414]],"v":[[2,0.75],[-2,0.75],[-2.75,0],[-2,-0.75],[2,-0.75],[2.75,0]],"c":true},"ix":2},"nm":"Path 1","mn":"ADBE Vector Shape - Group","hd":false},{"ty":"fl","c":{"a":0,"k":[0.128999993205,0.211999997497,0.372999995947,1],"ix":4,"x":"var $bm_rt;\ntry {\n    $bm_rt = thisComp.layer('Controller')('Effects')('Color')('ADBE Color Control-0001');\n} catch (e) {\n    $bm_rt = value;\n}"},"o":{"a":0,"k":100,"ix":5},"r":1,"bm":0,"nm":"Fill 1","mn":"ADBE Vector Graphic - Fill","hd":false},{"ty":"tr","p":{"a":0,"k":[37.804,16.127],"ix":2},"a":{"a":0,"k":[0,0],"ix":1},"s":{"a":0,"k":[100,100],"ix":3},"r":{"a":0,"k":0,"ix":6},"o":{"a":0,"k":100,"ix":7},"sk":{"a":0,"k":0,"ix":4},"sa":{"a":0,"k":0,"ix":5},"nm":"Transform"}],"nm":"Group 6","np":2,"cix":2,"bm":0,"ix":1,"mn":"ADBE Vector Group","hd":false},{"ty":"tr","p":{"a":0,"k":[240.372,146.496],"ix":2},"a":{"a":0,"k":[37.804,16.127],"ix":1},"s":{"a":0,"k":[450,450],"ix":3},"r":{"a":0,"k":0,"ix":6},"o":{"a":0,"k":100,"ix":7},"sk":{"a":0,"k":0,"ix":4},"sa":{"a":0,"k":0,"ix":5},"nm":"Transform"}],"nm":"Layer 5 Outlines - Group 6","np":1,"cix":2,"bm":0,"ix":2,"mn":"ADBE Vector Group","hd":false}],"ip":0,"op":150,"st":0,"ct":1,"bm":0},{"ddd":0,"ind":7,"ty":4,"nm":"Layer 5 Outlines - Group 7 :M","parent":8,"sr":1,"ks":{"o":{"a":0,"k":100,"ix":11},"r":{"a":0,"k":0,"ix":10},"p":{"a":0,"k":[181.867,132.996,0],"ix":2,"l":2},"a":{"a":0,"k":[181.867,132.996,0],"ix":1,"l":2},"s":{"a":1,"k":[{"i":{"x":[0.64,0.64,0.64],"y":[1,1,1]},"o":{"x":[0.36,0.36,0.36],"y":[0,0,0]},"t":30,"s":[0,0,100]},{"i":{"x":[0.64,0.64,0.64],"y":[1,1,1]},"o":{"x":[0.36,0.36,0.36],"y":[0,0,0]},"t":40,"s":[100,100,100]},{"t":50,"s":[0,0,100]}],"ix":6,"l":2}},"ao":0,"shapes":[{"ty":"gr","it":[{"ty":"gr","it":[{"ind":0,"ty":"sh","ix":1,"ks":{"a":0,"k":{"i":[[0.414,0],[0,0.414],[0,0],[-0.414,0],[0,-0.414],[0,0]],"o":[[-0.414,0],[0,0],[0,-0.414],[0.414,0],[0,0],[0,0.414]],"v":[[0,2.75],[-0.75,2],[-0.75,-2],[0,-2.75],[0.75,-2],[0.75,2]],"c":true},"ix":2},"nm":"Path 1","mn":"ADBE Vector Shape - Group","hd":false},{"ty":"fl","c":{"a":0,"k":[0.128999993205,0.211999997497,0.372999995947,1],"ix":4,"x":"var $bm_rt;\ntry {\n    $bm_rt = thisComp.layer('Controller')('Effects')('Color')('ADBE Color Control-0001');\n} catch (e) {\n    $bm_rt = value;\n}"},"o":{"a":0,"k":100,"ix":5},"r":1,"bm":0,"nm":"Fill 1","mn":"ADBE Vector Graphic - Fill","hd":false},{"ty":"tr","p":{"a":0,"k":[24.803,13.127],"ix":2},"a":{"a":0,"k":[0,0],"ix":1},"s":{"a":0,"k":[100,100],"ix":3},"r":{"a":0,"k":0,"ix":6},"o":{"a":0,"k":100,"ix":7},"sk":{"a":0,"k":0,"ix":4},"sa":{"a":0,"k":0,"ix":5},"nm":"Transform"}],"nm":"Group 7","np":2,"cix":2,"bm":0,"ix":1,"mn":"ADBE Vector Group","hd":false},{"ty":"tr","p":{"a":0,"k":[181.867,132.996],"ix":2},"a":{"a":0,"k":[24.803,13.127],"ix":1},"s":{"a":0,"k":[450,450],"ix":3},"r":{"a":0,"k":0,"ix":6},"o":{"a":0,"k":100,"ix":7},"sk":{"a":0,"k":0,"ix":4},"sa":{"a":0,"k":0,"ix":5},"nm":"Transform"}],"nm":"Layer 5 Outlines - Group 7","np":1,"cix":2,"bm":0,"ix":1,"mn":"ADBE Vector Group","hd":false},{"ty":"gr","it":[{"ty":"gr","it":[{"ind":0,"ty":"sh","ix":1,"ks":{"a":0,"k":{"i":[[0.414,0],[0,0],[0,0.414],[-0.414,0],[0,0],[0,-0.414]],"o":[[0,0],[-0.414,0],[0,-0.414],[0,0],[0.414,0],[0,0.414]],"v":[[2,0.75],[-2,0.75],[-2.75,0],[-2,-0.75],[2,-0.75],[2.75,0]],"c":true},"ix":2},"nm":"Path 1","mn":"ADBE Vector Shape - Group","hd":false},{"ty":"fl","c":{"a":0,"k":[0.128999993205,0.211999997497,0.372999995947,1],"ix":4,"x":"var $bm_rt;\ntry {\n    $bm_rt = thisComp.layer('Controller')('Effects')('Color')('ADBE Color Control-0001');\n} catch (e) {\n    $bm_rt = value;\n}"},"o":{"a":0,"k":100,"ix":5},"r":1,"bm":0,"nm":"Fill 1","mn":"ADBE Vector Graphic - Fill","hd":false},{"ty":"tr","p":{"a":0,"k":[24.803,13.127],"ix":2},"a":{"a":0,"k":[0,0],"ix":1},"s":{"a":0,"k":[100,100],"ix":3},"r":{"a":0,"k":0,"ix":6},"o":{"a":0,"k":100,"ix":7},"sk":{"a":0,"k":0,"ix":4},"sa":{"a":0,"k":0,"ix":5},"nm":"Transform"}],"nm":"Group 8","np":2,"cix":2,"bm":0,"ix":1,"mn":"ADBE Vector Group","hd":false},{"ty":"tr","p":{"a":0,"k":[181.867,132.996],"ix":2},"a":{"a":0,"k":[24.803,13.127],"ix":1},"s":{"a":0,"k":[450,450],"ix":3},"r":{"a":0,"k":0,"ix":6},"o":{"a":0,"k":100,"ix":7},"sk":{"a":0,"k":0,"ix":4},"sa":{"a":0,"k":0,"ix":5},"nm":"Transform"}],"nm":"Layer 5 Outlines - Group 8","np":1,"cix":2,"bm":0,"ix":2,"mn":"ADBE Vector Group","hd":false}],"ip":0,"op":150,"st":0,"ct":1,"bm":0},{"ddd":0,"ind":8,"ty":4,"nm":"Layer 5 Outlines - Group 12 :M","parent":13,"sr":1,"ks":{"o":{"a":0,"k":100,"ix":11},"r":{"a":0,"k":0,"ix":10},"p":{"a":0,"k":[244.863,141.991,0],"ix":2,"l":2},"a":{"a":0,"k":[244.863,141.991,0],"ix":1,"l":2},"s":{"a":1,"k":[{"i":{"x":[0.64,0.64,0.64],"y":[1,1,1]},"o":{"x":[0.36,0.36,0.36],"y":[0,0,0]},"t":10,"s":[0,0,100]},{"i":{"x":[0.64,0.64,0.64],"y":[1,1,1]},"o":{"x":[0.36,0.36,0.36],"y":[0,0,0]},"t":25,"s":[115,115,100]},{"i":{"x":[0.64,0.64,0.64],"y":[1,1,1]},"o":{"x":[0.36,0.36,0.36],"y":[0,0,0]},"t":40,"s":[90,90,100]},{"i":{"x":[0.46,0.46,0.46],"y":[1,1,1]},"o":{"x":[0.167,0.167,0.167],"y":[0,0,0]},"t":55,"s":[100,100,100]},{"i":{"x":[0.46,0.46,0.46],"y":[1,1,1]},"o":{"x":[0.54,0.54,0.54],"y":[0,0,0]},"t":90,"s":[100,100,100]},{"i":{"x":[0.46,0.46,0.46],"y":[1,1,1]},"o":{"x":[0.54,0.54,0.54],"y":[0,0,0]},"t":105,"s":[115,115,100]},{"t":120,"s":[0,0,100]}],"ix":6,"l":2}},"ao":0,"shapes":[{"ty":"gr","it":[{"ty":"gr","it":[{"ind":0,"ty":"sh","ix":1,"ks":{"a":0,"k":{"i":[[0,0],[0,-0.138],[0,0],[-0.138,0],[0,0],[0,0.138],[0,0],[0.138,0]],"o":[[-0.138,0],[0,0],[0,0.138],[0,0],[0.138,0],[0,0],[0,-0.138],[0,0]],"v":[[-24,-6.25],[-24.25,-6],[-24.25,6],[-24,6.25],[24,6.25],[24.25,6],[24.25,-6],[24,-6.25]],"c":true},"ix":2},"nm":"Path 1","mn":"ADBE Vector Shape - Group","hd":false},{"ind":1,"ty":"sh","ix":2,"ks":{"a":0,"k":{"i":[[0.965,0],[0,0],[0,0.965],[0,0],[-0.965,0],[0,0],[0,-0.965],[0,0]],"o":[[0,0],[-0.965,0],[0,0],[0,-0.965],[0,0],[0.965,0],[0,0],[0,0.965]],"v":[[24,7.75],[-24,7.75],[-25.75,6],[-25.75,-6],[-24,-7.75],[24,-7.75],[25.75,-6],[25.75,6]],"c":true},"ix":2},"nm":"Path 2","mn":"ADBE Vector Shape - Group","hd":false},{"ty":"mm","mm":1,"nm":"Merge Paths 1","mn":"ADBE Vector Filter - Merge","hd":false},{"ty":"fl","c":{"a":0,"k":[0.128999993205,0.211999997497,0.372999995947,1],"ix":4,"x":"var $bm_rt;\ntry {\n    $bm_rt = thisComp.layer('Controller')('Effects')('Color')('ADBE Color Control-0001');\n} catch (e) {\n    $bm_rt = value;\n}"},"o":{"a":0,"k":100,"ix":5},"r":1,"bm":0,"nm":"Fill 1","mn":"ADBE Vector Graphic - Fill","hd":false},{"ty":"tr","p":{"a":0,"k":[38.802,15.126],"ix":2},"a":{"a":0,"k":[0,0],"ix":1},"s":{"a":0,"k":[100,100],"ix":3},"r":{"a":0,"k":0,"ix":6},"o":{"a":0,"k":100,"ix":7},"sk":{"a":0,"k":0,"ix":4},"sa":{"a":0,"k":0,"ix":5},"nm":"Transform"}],"nm":"Group 12","np":4,"cix":2,"bm":0,"ix":1,"mn":"ADBE Vector Group","hd":false},{"ty":"tr","p":{"a":0,"k":[244.863,141.991],"ix":2},"a":{"a":0,"k":[38.802,15.126],"ix":1},"s":{"a":0,"k":[450,450],"ix":3},"r":{"a":0,"k":0,"ix":6},"o":{"a":0,"k":100,"ix":7},"sk":{"a":0,"k":0,"ix":4},"sa":{"a":0,"k":0,"ix":5},"nm":"Transform"}],"nm":"Layer 5 Outlines - Group 112","np":1,"cix":2,"bm":0,"ix":1,"mn":"ADBE Vector Group","hd":false},{"ty":"gr","it":[{"ty":"gr","it":[{"ind":0,"ty":"sh","ix":1,"ks":{"a":0,"k":{"i":[[0,0],[0,0],[0,-0.553],[0,0],[0,0],[0,0.553]],"o":[[0,0],[-0.552,0],[0,0],[0,0],[0.552,0],[0,0]],"v":[[23.5,-5.999],[-22.5,-5.999],[-23.5,-4.999],[-23.5,5.999],[22.5,5.999],[23.5,4.999]],"c":true},"ix":2},"nm":"Path 1","mn":"ADBE Vector Shape - Group","hd":false},{"ty":"fl","c":{"a":0,"k":[1,1,1,1],"ix":4,"x":"var $bm_rt;\ntry {\n    $bm_rt = thisComp.layer('Controller')('Effects')('Color 2')('ADBE Color Control-0001');\n} catch (e) {\n    $bm_rt = value;\n}"},"o":{"a":0,"k":100,"ix":5},"r":1,"bm":0,"nm":"Fill 1","mn":"ADBE Vector Graphic - Fill","hd":false},{"ty":"tr","p":{"a":0,"k":[37.302,14.127],"ix":2},"a":{"a":0,"k":[0,0],"ix":1},"s":{"a":0,"k":[100,100],"ix":3},"r":{"a":0,"k":0,"ix":6},"o":{"a":0,"k":100,"ix":7},"sk":{"a":0,"k":0,"ix":4},"sa":{"a":0,"k":0,"ix":5},"nm":"Transform"}],"nm":"Group 13","np":2,"cix":2,"bm":0,"ix":1,"mn":"ADBE Vector Group","hd":false},{"ty":"tr","p":{"a":0,"k":[238.113,137.493],"ix":2},"a":{"a":0,"k":[37.302,14.127],"ix":1},"s":{"a":0,"k":[450,450],"ix":3},"r":{"a":0,"k":0,"ix":6},"o":{"a":0,"k":100,"ix":7},"sk":{"a":0,"k":0,"ix":4},"sa":{"a":0,"k":0,"ix":5},"nm":"Transform"}],"nm":"Layer 5 Outlines - Group 113","np":1,"cix":2,"bm":0,"ix":2,"mn":"ADBE Vector Group","hd":false},{"ty":"gr","it":[{"ty":"gr","it":[{"ind":0,"ty":"sh","ix":1,"ks":{"a":0,"k":{"i":[[0.552,0],[0,0],[0,-0.553],[0,0],[-0.552,0],[0,0],[0,0.552],[0,0]],"o":[[0,0],[-0.552,0],[0,0],[0,0.552],[0,0],[0.552,0],[0,0],[0,-0.553]],"v":[[24,-7],[-24,-7],[-25,-6],[-25,6],[-24,7],[24,7],[25,6],[25,-6]],"c":true},"ix":2},"nm":"Path 1","mn":"ADBE Vector Shape - Group","hd":false},{"ty":"fl","c":{"a":0,"k":[0.740999996662,0.764999985695,0.847000002861,1],"ix":4,"x":"var $bm_rt;\ntry {\n    $bm_rt = thisComp.layer('Controller')('Effects')('Color 3')('ADBE Color Control-0001');\n} catch (e) {\n    $bm_rt = value;\n}"},"o":{"a":0,"k":100,"ix":5},"r":1,"bm":0,"nm":"Fill 1","mn":"ADBE Vector Graphic - Fill","hd":false},{"ty":"tr","p":{"a":0,"k":[38.802,15.127],"ix":2},"a":{"a":0,"k":[0,0],"ix":1},"s":{"a":0,"k":[100,100],"ix":3},"r":{"a":0,"k":0,"ix":6},"o":{"a":0,"k":100,"ix":7},"sk":{"a":0,"k":0,"ix":4},"sa":{"a":0,"k":0,"ix":5},"nm":"Transform"}],"nm":"Group 14","np":2,"cix":2,"bm":0,"ix":1,"mn":"ADBE Vector Group","hd":false},{"ty":"tr","p":{"a":0,"k":[244.863,141.996],"ix":2},"a":{"a":0,"k":[38.802,15.127],"ix":1},"s":{"a":0,"k":[450,450],"ix":3},"r":{"a":0,"k":0,"ix":6},"o":{"a":0,"k":100,"ix":7},"sk":{"a":0,"k":0,"ix":4},"sa":{"a":0,"k":0,"ix":5},"nm":"Transform"}],"nm":"Layer 5 Outlines - Group 114","np":1,"cix":2,"bm":0,"ix":3,"mn":"ADBE Vector Group","hd":false}],"ip":0,"op":150,"st":0,"ct":1,"bm":0},{"ddd":0,"ind":9,"ty":4,"nm":"Layer 5 Outlines - Group 15 :M","parent":13,"sr":1,"ks":{"o":{"a":0,"k":100,"ix":11},"r":{"a":0,"k":0,"ix":10},"p":{"a":0,"k":[285.358,306.25,0],"ix":2,"l":2},"a":{"a":0,"k":[285.358,306.25,0],"ix":1,"l":2},"s":{"a":1,"k":[{"i":{"x":[0.64,0.64,0.64],"y":[1,1,1]},"o":{"x":[0.36,0.36,0.36],"y":[0,0,0]},"t":0,"s":[0,0,100]},{"i":{"x":[0.64,0.64,0.64],"y":[1,1,1]},"o":{"x":[0.36,0.36,0.36],"y":[0,0,0]},"t":15,"s":[115,115,100]},{"i":{"x":[0.64,0.64,0.64],"y":[1,1,1]},"o":{"x":[0.36,0.36,0.36],"y":[0,0,0]},"t":30,"s":[90,90,100]},{"i":{"x":[0.46,0.46,0.46],"y":[1,1,1]},"o":{"x":[0.36,0.36,0.36],"y":[0,0,0]},"t":45,"s":[100,100,100]},{"i":{"x":[0.46,0.46,0.46],"y":[1,1,1]},"o":{"x":[0.54,0.54,0.54],"y":[0,0,0]},"t":85,"s":[100,100,100]},{"i":{"x":[0.46,0.46,0.46],"y":[1,1,1]},"o":{"x":[0.54,0.54,0.54],"y":[0,0,0]},"t":100,"s":[115,115,100]},{"t":115,"s":[0,0,100]}],"ix":6,"l":2}},"ao":0,"shapes":[{"ty":"gr","it":[{"ty":"gr","it":[{"ind":0,"ty":"sh","ix":1,"ks":{"a":0,"k":{"i":[[0,0],[0,-0.138],[0,0],[-0.138,0],[0,0],[0,0.138],[0,0],[0.138,0]],"o":[[-0.138,0],[0,0],[0,0.138],[0,0],[0.138,0],[0,0],[0,-0.138],[0,0]],"v":[[-15,-1.75],[-15.25,-1.5],[-15.25,1.5],[-15,1.75],[15,1.75],[15.25,1.5],[15.25,-1.5],[15,-1.75]],"c":true},"ix":2},"nm":"Path 1","mn":"ADBE Vector Shape - Group","hd":false},{"ind":1,"ty":"sh","ix":2,"ks":{"a":0,"k":{"i":[[0.965,0],[0,0],[0,0.965],[0,0],[-0.965,0],[0,0],[0,-0.965],[0,0]],"o":[[0,0],[-0.965,0],[0,0],[0,-0.965],[0,0],[0.965,0],[0,0],[0,0.965]],"v":[[15,3.25],[-15,3.25],[-16.75,1.5],[-16.75,-1.5],[-15,-3.25],[15,-3.25],[16.75,-1.5],[16.75,1.5]],"c":true},"ix":2},"nm":"Path 2","mn":"ADBE Vector Shape - Group","hd":false},{"ty":"mm","mm":1,"nm":"Merge Paths 1","mn":"ADBE Vector Filter - Merge","hd":false},{"ty":"fl","c":{"a":0,"k":[0.128999993205,0.211999997497,0.372999995947,1],"ix":4,"x":"var $bm_rt;\ntry {\n    $bm_rt = thisComp.layer('Controller')('Effects')('Color')('ADBE Color Control-0001');\n} catch (e) {\n    $bm_rt = value;\n}"},"o":{"a":0,"k":100,"ix":5},"r":1,"bm":0,"nm":"Fill 1","mn":"ADBE Vector Graphic - Fill","hd":false},{"ty":"tr","p":{"a":0,"k":[47.801,51.628],"ix":2},"a":{"a":0,"k":[0,0],"ix":1},"s":{"a":0,"k":[100,100],"ix":3},"r":{"a":0,"k":0,"ix":6},"o":{"a":0,"k":100,"ix":7},"sk":{"a":0,"k":0,"ix":4},"sa":{"a":0,"k":0,"ix":5},"nm":"Transform"}],"nm":"Group 15","np":4,"cix":2,"bm":0,"ix":1,"mn":"ADBE Vector Group","hd":false},{"ty":"tr","p":{"a":0,"k":[285.358,306.25],"ix":2},"a":{"a":0,"k":[47.801,51.628],"ix":1},"s":{"a":0,"k":[450,450],"ix":3},"r":{"a":0,"k":0,"ix":6},"o":{"a":0,"k":100,"ix":7},"sk":{"a":0,"k":0,"ix":4},"sa":{"a":0,"k":0,"ix":5},"nm":"Transform"}],"nm":"Layer 5 Outlines - Group 115","np":1,"cix":2,"bm":0,"ix":1,"mn":"ADBE Vector Group","hd":false},{"ty":"gr","it":[{"ty":"gr","it":[{"ind":0,"ty":"sh","ix":1,"ks":{"a":0,"k":{"i":[[0,0],[0,0],[0,-0.552],[0,0],[0,0],[0,0.553]],"o":[[0,0],[-0.553,0],[0,0],[0,0],[0.552,0],[0,0]],"v":[[14.501,-1.5],[-13.501,-1.5],[-14.501,-0.5],[-14.501,1.5],[13.501,1.5],[14.501,0.5]],"c":true},"ix":2},"nm":"Path 1","mn":"ADBE Vector Shape - Group","hd":false},{"ty":"fl","c":{"a":0,"k":[1,1,1,1],"ix":4,"x":"var $bm_rt;\ntry {\n    $bm_rt = thisComp.layer('Controller')('Effects')('Color 2')('ADBE Color Control-0001');\n} catch (e) {\n    $bm_rt = value;\n}"},"o":{"a":0,"k":100,"ix":5},"r":1,"bm":0,"nm":"Fill 1","mn":"ADBE Vector Graphic - Fill","hd":false},{"ty":"tr","p":{"a":0,"k":[46.301,50.628],"ix":2},"a":{"a":0,"k":[0,0],"ix":1},"s":{"a":0,"k":[100,100],"ix":3},"r":{"a":0,"k":0,"ix":6},"o":{"a":0,"k":100,"ix":7},"sk":{"a":0,"k":0,"ix":4},"sa":{"a":0,"k":0,"ix":5},"nm":"Transform"}],"nm":"Group 16","np":2,"cix":2,"bm":0,"ix":1,"mn":"ADBE Vector Group","hd":false},{"ty":"tr","p":{"a":0,"k":[278.61,301.75],"ix":2},"a":{"a":0,"k":[46.301,50.628],"ix":1},"s":{"a":0,"k":[450,450],"ix":3},"r":{"a":0,"k":0,"ix":6},"o":{"a":0,"k":100,"ix":7},"sk":{"a":0,"k":0,"ix":4},"sa":{"a":0,"k":0,"ix":5},"nm":"Transform"}],"nm":"Layer 5 Outlines - Group 116","np":1,"cix":2,"bm":0,"ix":2,"mn":"ADBE Vector Group","hd":false},{"ty":"gr","it":[{"ty":"gr","it":[{"ind":0,"ty":"sh","ix":1,"ks":{"a":0,"k":{"i":[[0.552,0],[0,0],[0,-0.552],[0,0],[-0.553,0],[0,0],[0,0.553],[0,0]],"o":[[0,0],[-0.553,0],[0,0],[0,0.553],[0,0],[0.552,0],[0,0],[0,-0.552]],"v":[[15.001,-2.5],[-15.001,-2.5],[-16.001,-1.5],[-16.001,1.5],[-15.001,2.5],[15.001,2.5],[16.001,1.5],[16.001,-1.5]],"c":true},"ix":2},"nm":"Path 1","mn":"ADBE Vector Shape - Group","hd":false},{"ty":"fl","c":{"a":0,"k":[0.740999996662,0.764999985695,0.847000002861,1],"ix":4,"x":"var $bm_rt;\ntry {\n    $bm_rt = thisComp.layer('Controller')('Effects')('Color 3')('ADBE Color Control-0001');\n} catch (e) {\n    $bm_rt = value;\n}"},"o":{"a":0,"k":100,"ix":5},"r":1,"bm":0,"nm":"Fill 1","mn":"ADBE Vector Graphic - Fill","hd":false},{"ty":"tr","p":{"a":0,"k":[47.801,51.628],"ix":2},"a":{"a":0,"k":[0,0],"ix":1},"s":{"a":0,"k":[100,100],"ix":3},"r":{"a":0,"k":0,"ix":6},"o":{"a":0,"k":100,"ix":7},"sk":{"a":0,"k":0,"ix":4},"sa":{"a":0,"k":0,"ix":5},"nm":"Transform"}],"nm":"Group 17","np":2,"cix":2,"bm":0,"ix":1,"mn":"ADBE Vector Group","hd":false},{"ty":"tr","p":{"a":0,"k":[285.36,306.25],"ix":2},"a":{"a":0,"k":[47.801,51.628],"ix":1},"s":{"a":0,"k":[450,450],"ix":3},"r":{"a":0,"k":0,"ix":6},"o":{"a":0,"k":100,"ix":7},"sk":{"a":0,"k":0,"ix":4},"sa":{"a":0,"k":0,"ix":5},"nm":"Transform"}],"nm":"Layer 5 Outlines - Group 117","np":1,"cix":2,"bm":0,"ix":3,"mn":"ADBE Vector Group","hd":false}],"ip":0,"op":150,"st":0,"ct":1,"bm":0},{"ddd":0,"ind":10,"ty":4,"nm":"Layer 5 Outlines - Group 3 :M","parent":11,"sr":1,"ks":{"o":{"a":0,"k":100,"ix":11},"r":{"a":0,"k":0,"ix":10},"p":{"a":0,"k":[262.874,223.004,0],"ix":2,"l":2},"a":{"a":0,"k":[262.874,223.004,0],"ix":1,"l":2},"s":{"a":1,"k":[{"i":{"x":[0.64,0.64,0.64],"y":[1,1,1]},"o":{"x":[0.36,0.36,0.36],"y":[0,0,0]},"t":40,"s":[0,0,100]},{"i":{"x":[0.64,0.64,0.64],"y":[1,1,1]},"o":{"x":[0.36,0.36,0.36],"y":[0,0,0]},"t":50,"s":[100,100,100]},{"t":60,"s":[0,0,100]}],"ix":6,"l":2}},"ao":0,"shapes":[{"ty":"gr","it":[{"ty":"gr","it":[{"ind":0,"ty":"sh","ix":1,"ks":{"a":0,"k":{"i":[[0.414,0],[0,0.414],[0,0],[-0.414,0],[0,-0.414],[0,0]],"o":[[-0.414,0],[0,0],[0,-0.414],[0.414,0],[0,0],[0,0.414]],"v":[[0,2.75],[-0.75,2],[-0.75,-2],[0,-2.75],[0.75,-2],[0.75,2]],"c":true},"ix":2},"nm":"Path 1","mn":"ADBE Vector Shape - Group","hd":false},{"ty":"fl","c":{"a":0,"k":[0.128999993205,0.211999997497,0.372999995947,1],"ix":4,"x":"var $bm_rt;\ntry {\n    $bm_rt = thisComp.layer('Controller')('Effects')('Color')('ADBE Color Control-0001');\n} catch (e) {\n    $bm_rt = value;\n}"},"o":{"a":0,"k":100,"ix":5},"r":1,"bm":0,"nm":"Fill 1","mn":"ADBE Vector Graphic - Fill","hd":false},{"ty":"tr","p":{"a":0,"k":[42.804,33.129],"ix":2},"a":{"a":0,"k":[0,0],"ix":1},"s":{"a":0,"k":[100,100],"ix":3},"r":{"a":0,"k":0,"ix":6},"o":{"a":0,"k":100,"ix":7},"sk":{"a":0,"k":0,"ix":4},"sa":{"a":0,"k":0,"ix":5},"nm":"Transform"}],"nm":"Group 3","np":2,"cix":2,"bm":0,"ix":1,"mn":"ADBE Vector Group","hd":false},{"ty":"tr","p":{"a":0,"k":[262.874,223.004],"ix":2},"a":{"a":0,"k":[42.804,33.129],"ix":1},"s":{"a":0,"k":[450,450],"ix":3},"r":{"a":0,"k":0,"ix":6},"o":{"a":0,"k":100,"ix":7},"sk":{"a":0,"k":0,"ix":4},"sa":{"a":0,"k":0,"ix":5},"nm":"Transform"}],"nm":"Layer 5 Outlines - Group 3","np":1,"cix":2,"bm":0,"ix":1,"mn":"ADBE Vector Group","hd":false},{"ty":"gr","it":[{"ty":"gr","it":[{"ind":0,"ty":"sh","ix":1,"ks":{"a":0,"k":{"i":[[0.414,0],[0,0],[0,0.414],[-0.414,0],[0,0],[0,-0.414]],"o":[[0,0],[-0.414,0],[0,-0.414],[0,0],[0.414,0],[0,0.414]],"v":[[2,0.75],[-2,0.75],[-2.75,0],[-2,-0.75],[2,-0.75],[2.75,0]],"c":true},"ix":2},"nm":"Path 1","mn":"ADBE Vector Shape - Group","hd":false},{"ty":"fl","c":{"a":0,"k":[0.128999993205,0.211999997497,0.372999995947,1],"ix":4,"x":"var $bm_rt;\ntry {\n    $bm_rt = thisComp.layer('Controller')('Effects')('Color')('ADBE Color Control-0001');\n} catch (e) {\n    $bm_rt = value;\n}"},"o":{"a":0,"k":100,"ix":5},"r":1,"bm":0,"nm":"Fill 1","mn":"ADBE Vector Graphic - Fill","hd":false},{"ty":"tr","p":{"a":0,"k":[42.804,33.129],"ix":2},"a":{"a":0,"k":[0,0],"ix":1},"s":{"a":0,"k":[100,100],"ix":3},"r":{"a":0,"k":0,"ix":6},"o":{"a":0,"k":100,"ix":7},"sk":{"a":0,"k":0,"ix":4},"sa":{"a":0,"k":0,"ix":5},"nm":"Transform"}],"nm":"Group 4","np":2,"cix":2,"bm":0,"ix":1,"mn":"ADBE Vector Group","hd":false},{"ty":"tr","p":{"a":0,"k":[262.874,223.004],"ix":2},"a":{"a":0,"k":[42.804,33.129],"ix":1},"s":{"a":0,"k":[450,450],"ix":3},"r":{"a":0,"k":0,"ix":6},"o":{"a":0,"k":100,"ix":7},"sk":{"a":0,"k":0,"ix":4},"sa":{"a":0,"k":0,"ix":5},"nm":"Transform"}],"nm":"Layer 5 Outlines - Group 4","np":1,"cix":2,"bm":0,"ix":2,"mn":"ADBE Vector Group","hd":false}],"ip":0,"op":150,"st":0,"ct":1,"bm":0},{"ddd":0,"ind":11,"ty":4,"nm":"Layer 5 Outlines - Group 18 :M","parent":13,"sr":1,"ks":{"o":{"a":0,"k":100,"ix":11},"r":{"a":0,"k":0,"ix":10},"p":{"a":0,"k":[251.606,234.25,0],"ix":2,"l":2},"a":{"a":0,"k":[251.606,234.25,0],"ix":1,"l":2},"s":{"a":1,"k":[{"i":{"x":[0.64,0.64,0.64],"y":[1,1,1]},"o":{"x":[0.36,0.36,0.36],"y":[0,0,0]},"t":20,"s":[0,0,100]},{"i":{"x":[0.64,0.64,0.64],"y":[1,1,1]},"o":{"x":[0.36,0.36,0.36],"y":[0,0,0]},"t":35,"s":[115,115,100]},{"i":{"x":[0.64,0.64,0.64],"y":[1,1,1]},"o":{"x":[0.36,0.36,0.36],"y":[0,0,0]},"t":50,"s":[90,90,100]},{"i":{"x":[0.46,0.46,0.46],"y":[1,1,1]},"o":{"x":[0.167,0.167,0.167],"y":[0,0,0]},"t":65,"s":[100,100,100]},{"i":{"x":[0.46,0.46,0.46],"y":[1,1,1]},"o":{"x":[0.54,0.54,0.54],"y":[0,0,0]},"t":100,"s":[100,100,100]},{"i":{"x":[0.46,0.46,0.46],"y":[1,1,1]},"o":{"x":[0.54,0.54,0.54],"y":[0,0,0]},"t":115,"s":[115,115,100]},{"t":130,"s":[0,0,100]}],"ix":6,"l":2}},"ao":0,"shapes":[{"ty":"gr","it":[{"ty":"gr","it":[{"ind":0,"ty":"sh","ix":1,"ks":{"a":0,"k":{"i":[[0,0],[0,-0.138],[0,0],[-0.138,0],[0,0],[0,0.138],[0,0],[0.138,0]],"o":[[-0.138,0],[0,0],[0,0.138],[0,0],[0.138,0],[0,0],[0,-0.138],[0,0]],"v":[[-7.5,-7.75],[-7.75,-7.5],[-7.75,7.5],[-7.5,7.75],[7.5,7.75],[7.75,7.5],[7.75,-7.5],[7.5,-7.75]],"c":true},"ix":2},"nm":"Path 1","mn":"ADBE Vector Shape - Group","hd":false},{"ind":1,"ty":"sh","ix":2,"ks":{"a":0,"k":{"i":[[0.965,0],[0,0],[0,0.965],[0,0],[-0.965,0],[0,0],[0,-0.965],[0,0]],"o":[[0,0],[-0.965,0],[0,0],[0,-0.965],[0,0],[0.965,0],[0,0],[0,0.965]],"v":[[7.5,9.25],[-7.5,9.25],[-9.25,7.5],[-9.25,-7.5],[-7.5,-9.25],[7.5,-9.25],[9.25,-7.5],[9.25,7.5]],"c":true},"ix":2},"nm":"Path 2","mn":"ADBE Vector Shape - Group","hd":false},{"ty":"mm","mm":1,"nm":"Merge Paths 1","mn":"ADBE Vector Filter - Merge","hd":false},{"ty":"fl","c":{"a":0,"k":[0.128999993205,0.211999997497,0.372999995947,1],"ix":4,"x":"var $bm_rt;\ntry {\n    $bm_rt = thisComp.layer('Controller')('Effects')('Color')('ADBE Color Control-0001');\n} catch (e) {\n    $bm_rt = value;\n}"},"o":{"a":0,"k":100,"ix":5},"r":1,"bm":0,"nm":"Fill 1","mn":"ADBE Vector Graphic - Fill","hd":false},{"ty":"tr","p":{"a":0,"k":[40.3,35.628],"ix":2},"a":{"a":0,"k":[0,0],"ix":1},"s":{"a":0,"k":[100,100],"ix":3},"r":{"a":0,"k":0,"ix":6},"o":{"a":0,"k":100,"ix":7},"sk":{"a":0,"k":0,"ix":4},"sa":{"a":0,"k":0,"ix":5},"nm":"Transform"}],"nm":"Group 18","np":4,"cix":2,"bm":0,"ix":1,"mn":"ADBE Vector Group","hd":false},{"ty":"tr","p":{"a":0,"k":[251.606,234.25],"ix":2},"a":{"a":0,"k":[40.3,35.628],"ix":1},"s":{"a":0,"k":[450,450],"ix":3},"r":{"a":0,"k":0,"ix":6},"o":{"a":0,"k":100,"ix":7},"sk":{"a":0,"k":0,"ix":4},"sa":{"a":0,"k":0,"ix":5},"nm":"Transform"}],"nm":"Layer 5 Outlines - Group 118","np":1,"cix":2,"bm":0,"ix":1,"mn":"ADBE Vector Group","hd":false},{"ty":"gr","it":[{"ty":"gr","it":[{"ind":0,"ty":"sh","ix":1,"ks":{"a":0,"k":{"i":[[0,0],[0,0],[0,-0.553],[0,0],[0,0],[0,0.552]],"o":[[0,0],[-0.552,0],[0,0],[0,0],[0.553,0],[0,0]],"v":[[7,-7.499],[-6,-7.499],[-7,-6.499],[-7,7.499],[6,7.499],[7,6.499]],"c":true},"ix":2},"nm":"Path 1","mn":"ADBE Vector Shape - Group","hd":false},{"ty":"fl","c":{"a":0,"k":[1,1,1,1],"ix":4,"x":"var $bm_rt;\ntry {\n    $bm_rt = thisComp.layer('Controller')('Effects')('Color 2')('ADBE Color Control-0001');\n} catch (e) {\n    $bm_rt = value;\n}"},"o":{"a":0,"k":100,"ix":5},"r":1,"bm":0,"nm":"Fill 1","mn":"ADBE Vector Graphic - Fill","hd":false},{"ty":"tr","p":{"a":0,"k":[38.8,34.628],"ix":2},"a":{"a":0,"k":[0,0],"ix":1},"s":{"a":0,"k":[100,100],"ix":3},"r":{"a":0,"k":0,"ix":6},"o":{"a":0,"k":100,"ix":7},"sk":{"a":0,"k":0,"ix":4},"sa":{"a":0,"k":0,"ix":5},"nm":"Transform"}],"nm":"Group 19","np":2,"cix":2,"bm":0,"ix":1,"mn":"ADBE Vector Group","hd":false},{"ty":"tr","p":{"a":0,"k":[244.854,229.752],"ix":2},"a":{"a":0,"k":[38.8,34.628],"ix":1},"s":{"a":0,"k":[450,450],"ix":3},"r":{"a":0,"k":0,"ix":6},"o":{"a":0,"k":100,"ix":7},"sk":{"a":0,"k":0,"ix":4},"sa":{"a":0,"k":0,"ix":5},"nm":"Transform"}],"nm":"Layer 5 Outlines - Group 119","np":1,"cix":2,"bm":0,"ix":2,"mn":"ADBE Vector Group","hd":false},{"ty":"gr","it":[{"ty":"gr","it":[{"ind":0,"ty":"sh","ix":1,"ks":{"a":0,"k":{"i":[[0.552,0],[0,0],[0,-0.553],[0,0],[-0.552,0],[0,0],[0,0.552],[0,0]],"o":[[0,0],[-0.552,0],[0,0],[0,0.552],[0,0],[0.552,0],[0,0],[0,-0.553]],"v":[[7.5,-8.499],[-7.5,-8.499],[-8.5,-7.499],[-8.5,7.499],[-7.5,8.499],[7.5,8.499],[8.5,7.499],[8.5,-7.499]],"c":true},"ix":2},"nm":"Path 1","mn":"ADBE Vector Shape - Group","hd":false},{"ty":"fl","c":{"a":0,"k":[0.740999996662,0.764999985695,0.847000002861,1],"ix":4,"x":"var $bm_rt;\ntry {\n    $bm_rt = thisComp.layer('Controller')('Effects')('Color 3')('ADBE Color Control-0001');\n} catch (e) {\n    $bm_rt = value;\n}"},"o":{"a":0,"k":100,"ix":5},"r":1,"bm":0,"nm":"Fill 1","mn":"ADBE Vector Graphic - Fill","hd":false},{"ty":"tr","p":{"a":0,"k":[40.3,35.628],"ix":2},"a":{"a":0,"k":[0,0],"ix":1},"s":{"a":0,"k":[100,100],"ix":3},"r":{"a":0,"k":0,"ix":6},"o":{"a":0,"k":100,"ix":7},"sk":{"a":0,"k":0,"ix":4},"sa":{"a":0,"k":0,"ix":5},"nm":"Transform"}],"nm":"Group 20","np":2,"cix":2,"bm":0,"ix":1,"mn":"ADBE Vector Group","hd":false},{"ty":"tr","p":{"a":0,"k":[251.606,234.252],"ix":2},"a":{"a":0,"k":[40.3,35.628],"ix":1},"s":{"a":0,"k":[450,450],"ix":3},"r":{"a":0,"k":0,"ix":6},"o":{"a":0,"k":100,"ix":7},"sk":{"a":0,"k":0,"ix":4},"sa":{"a":0,"k":0,"ix":5},"nm":"Transform"}],"nm":"Layer 5 Outlines - Group 220","np":1,"cix":2,"bm":0,"ix":3,"mn":"ADBE Vector Group","hd":false}],"ip":0,"op":150,"st":0,"ct":1,"bm":0},{"ddd":0,"ind":12,"ty":4,"nm":"Layer 5 Outlines - Group 21 :M","parent":13,"sr":1,"ks":{"o":{"a":0,"k":100,"ix":11},"r":{"a":0,"k":0,"ix":10},"p":{"a":0,"k":[334.865,234.25,0],"ix":2,"l":2},"a":{"a":0,"k":[334.865,234.25,0],"ix":1,"l":2},"s":{"a":1,"k":[{"i":{"x":[0.64,0.64,0.64],"y":[1,1,1]},"o":{"x":[0.36,0.36,0.36],"y":[0,0,0]},"t":15,"s":[0,0,100]},{"i":{"x":[0.64,0.64,0.64],"y":[1,1,1]},"o":{"x":[0.36,0.36,0.36],"y":[0,0,0]},"t":30,"s":[115,115,100]},{"i":{"x":[0.64,0.64,0.64],"y":[1,1,1]},"o":{"x":[0.36,0.36,0.36],"y":[0,0,0]},"t":45,"s":[90,90,100]},{"i":{"x":[0.46,0.46,0.46],"y":[1,1,1]},"o":{"x":[0.167,0.167,0.167],"y":[0,0,0]},"t":60,"s":[100,100,100]},{"i":{"x":[0.46,0.46,0.46],"y":[1,1,1]},"o":{"x":[0.54,0.54,0.54],"y":[0,0,0]},"t":95,"s":[100,100,100]},{"i":{"x":[0.46,0.46,0.46],"y":[1,1,1]},"o":{"x":[0.54,0.54,0.54],"y":[0,0,0]},"t":110,"s":[115,115,100]},{"t":125,"s":[0,0,100]}],"ix":6,"l":2}},"ao":0,"shapes":[{"ty":"gr","it":[{"ty":"gr","it":[{"ind":0,"ty":"sh","ix":1,"ks":{"a":0,"k":{"i":[[0,0],[0,-0.138],[0,0],[-0.138,0],[0,0],[0,0.138],[0,0],[0.137,0]],"o":[[-0.138,0],[0,0],[0,0.138],[0,0],[0.137,0],[0,0],[0,-0.138],[0,0]],"v":[[-4,-7.75],[-4.25,-7.5],[-4.25,7.5],[-4,7.75],[4,7.75],[4.25,7.5],[4.25,-7.5],[4,-7.75]],"c":true},"ix":2},"nm":"Path 1","mn":"ADBE Vector Shape - Group","hd":false},{"ind":1,"ty":"sh","ix":2,"ks":{"a":0,"k":{"i":[[0.964,0],[0,0],[0,0.965],[0,0],[-0.965,0],[0,0],[0,-0.965],[0,0]],"o":[[0,0],[-0.965,0],[0,0],[0,-0.965],[0,0],[0.964,0],[0,0],[0,0.965]],"v":[[4,9.25],[-4,9.25],[-5.75,7.5],[-5.75,-7.5],[-4,-9.25],[4,-9.25],[5.75,-7.5],[5.75,7.5]],"c":true},"ix":2},"nm":"Path 2","mn":"ADBE Vector Shape - Group","hd":false},{"ty":"mm","mm":1,"nm":"Merge Paths 1","mn":"ADBE Vector Filter - Merge","hd":false},{"ty":"fl","c":{"a":0,"k":[0.128999993205,0.211999997497,0.372999995947,1],"ix":4,"x":"var $bm_rt;\ntry {\n    $bm_rt = thisComp.layer('Controller')('Effects')('Color')('ADBE Color Control-0001');\n} catch (e) {\n    $bm_rt = value;\n}"},"o":{"a":0,"k":100,"ix":5},"r":1,"bm":0,"nm":"Fill 1","mn":"ADBE Vector Graphic - Fill","hd":false},{"ty":"tr","p":{"a":0,"k":[58.802,35.628],"ix":2},"a":{"a":0,"k":[0,0],"ix":1},"s":{"a":0,"k":[100,100],"ix":3},"r":{"a":0,"k":0,"ix":6},"o":{"a":0,"k":100,"ix":7},"sk":{"a":0,"k":0,"ix":4},"sa":{"a":0,"k":0,"ix":5},"nm":"Transform"}],"nm":"Group 21","np":4,"cix":2,"bm":0,"ix":1,"mn":"ADBE Vector Group","hd":false},{"ty":"tr","p":{"a":0,"k":[334.865,234.25],"ix":2},"a":{"a":0,"k":[58.802,35.628],"ix":1},"s":{"a":0,"k":[450,450],"ix":3},"r":{"a":0,"k":0,"ix":6},"o":{"a":0,"k":100,"ix":7},"sk":{"a":0,"k":0,"ix":4},"sa":{"a":0,"k":0,"ix":5},"nm":"Transform"}],"nm":"Layer 5 Outlines - Group 221","np":1,"cix":2,"bm":0,"ix":1,"mn":"ADBE Vector Group","hd":false},{"ty":"gr","it":[{"ty":"gr","it":[{"ind":0,"ty":"sh","ix":1,"ks":{"a":0,"k":{"i":[[0,0],[0,0],[0,-0.553],[0,0],[0,0],[0,0.552]],"o":[[0,0],[-0.552,0],[0,0],[0,0],[0.552,0],[0,0]],"v":[[3.5,-7.499],[-2.5,-7.499],[-3.5,-6.499],[-3.5,7.499],[2.5,7.499],[3.5,6.499]],"c":true},"ix":2},"nm":"Path 1","mn":"ADBE Vector Shape - Group","hd":false},{"ty":"fl","c":{"a":0,"k":[1,1,1,1],"ix":4,"x":"var $bm_rt;\ntry {\n    $bm_rt = thisComp.layer('Controller')('Effects')('Color 2')('ADBE Color Control-0001');\n} catch (e) {\n    $bm_rt = value;\n}"},"o":{"a":0,"k":100,"ix":5},"r":1,"bm":0,"nm":"Fill 1","mn":"ADBE Vector Graphic - Fill","hd":false},{"ty":"tr","p":{"a":0,"k":[57.302,34.628],"ix":2},"a":{"a":0,"k":[0,0],"ix":1},"s":{"a":0,"k":[100,100],"ix":3},"r":{"a":0,"k":0,"ix":6},"o":{"a":0,"k":100,"ix":7},"sk":{"a":0,"k":0,"ix":4},"sa":{"a":0,"k":0,"ix":5},"nm":"Transform"}],"nm":"Group 22","np":2,"cix":2,"bm":0,"ix":1,"mn":"ADBE Vector Group","hd":false},{"ty":"tr","p":{"a":0,"k":[328.113,229.752],"ix":2},"a":{"a":0,"k":[57.302,34.628],"ix":1},"s":{"a":0,"k":[450,450],"ix":3},"r":{"a":0,"k":0,"ix":6},"o":{"a":0,"k":100,"ix":7},"sk":{"a":0,"k":0,"ix":4},"sa":{"a":0,"k":0,"ix":5},"nm":"Transform"}],"nm":"Layer 5 Outlines - Group 222","np":1,"cix":2,"bm":0,"ix":2,"mn":"ADBE Vector Group","hd":false},{"ty":"gr","it":[{"ty":"gr","it":[{"ind":0,"ty":"sh","ix":1,"ks":{"a":0,"k":{"i":[[0.552,0],[0,0],[0,-0.553],[0,0],[-0.552,0],[0,0],[0,0.552],[0,0]],"o":[[0,0],[-0.552,0],[0,0],[0,0.552],[0,0],[0.552,0],[0,0],[0,-0.553]],"v":[[4,-8.499],[-4,-8.499],[-5,-7.499],[-5,7.499],[-4,8.499],[4,8.499],[5,7.499],[5,-7.499]],"c":true},"ix":2},"nm":"Path 1","mn":"ADBE Vector Shape - Group","hd":false},{"ty":"fl","c":{"a":0,"k":[0.740999996662,0.764999985695,0.847000002861,1],"ix":4,"x":"var $bm_rt;\ntry {\n    $bm_rt = thisComp.layer('Controller')('Effects')('Color 3')('ADBE Color Control-0001');\n} catch (e) {\n    $bm_rt = value;\n}"},"o":{"a":0,"k":100,"ix":5},"r":1,"bm":0,"nm":"Fill 1","mn":"ADBE Vector Graphic - Fill","hd":false},{"ty":"tr","p":{"a":0,"k":[58.802,35.628],"ix":2},"a":{"a":0,"k":[0,0],"ix":1},"s":{"a":0,"k":[100,100],"ix":3},"r":{"a":0,"k":0,"ix":6},"o":{"a":0,"k":100,"ix":7},"sk":{"a":0,"k":0,"ix":4},"sa":{"a":0,"k":0,"ix":5},"nm":"Transform"}],"nm":"Group 23","np":2,"cix":2,"bm":0,"ix":1,"mn":"ADBE Vector Group","hd":false},{"ty":"tr","p":{"a":0,"k":[334.863,234.252],"ix":2},"a":{"a":0,"k":[58.802,35.628],"ix":1},"s":{"a":0,"k":[450,450],"ix":3},"r":{"a":0,"k":0,"ix":6},"o":{"a":0,"k":100,"ix":7},"sk":{"a":0,"k":0,"ix":4},"sa":{"a":0,"k":0,"ix":5},"nm":"Transform"}],"nm":"Layer 5 Outlines - Group 223","np":1,"cix":2,"bm":0,"ix":3,"mn":"ADBE Vector Group","hd":false}],"ip":0,"op":150,"st":0,"ct":1,"bm":0},{"ddd":0,"ind":13,"ty":4,"nm":"Layer 5 Outlines - Group 24 :M","parent":14,"sr":1,"ks":{"o":{"a":0,"k":100,"ix":11},"r":{"a":0,"k":0,"ix":10},"p":{"a":1,"k":[{"i":{"x":0.33,"y":1},"o":{"x":0.67,"y":0},"t":0,"s":[244.863,254.504,0],"to":[0,3.5,0],"ti":[0,0,0]},{"i":{"x":0.33,"y":1},"o":{"x":0.67,"y":0},"t":15,"s":[244.863,275.504,0],"to":[0,0,0],"ti":[0,0,0]},{"i":{"x":0.33,"y":1},"o":{"x":0.67,"y":0},"t":30,"s":[244.863,254.504,0],"to":[0,0,0],"ti":[0,0,0]},{"i":{"x":0.33,"y":1},"o":{"x":0.67,"y":0},"t":45,"s":[244.863,275.504,0],"to":[0,0,0],"ti":[0,3.5,0]},{"i":{"x":0.33,"y":0.33},"o":{"x":0.67,"y":0.67},"t":60,"s":[244.863,254.504,0],"to":[0,0,0],"ti":[0,0,0]},{"i":{"x":0.33,"y":1},"o":{"x":0.67,"y":0},"t":75,"s":[244.863,254.504,0],"to":[0,3.5,0],"ti":[0,0,0]},{"i":{"x":0.33,"y":1},"o":{"x":0.67,"y":0},"t":90,"s":[244.863,275.504,0],"to":[0,0,0],"ti":[0,0,0]},{"i":{"x":0.33,"y":1},"o":{"x":0.67,"y":0},"t":105,"s":[244.863,254.504,0],"to":[0,0,0],"ti":[0,0,0]},{"i":{"x":0.33,"y":1},"o":{"x":0.67,"y":0},"t":120,"s":[244.863,275.504,0],"to":[0,0,0],"ti":[0,3.5,0]},{"t":135,"s":[244.863,254.504,0]}],"ix":2,"l":2},"a":{"a":0,"k":[244.863,254.504,0],"ix":1,"l":2},"s":{"a":0,"k":[100,100,100],"ix":6,"l":2}},"ao":0,"shapes":[{"ty":"gr","it":[{"ty":"gr","it":[{"ind":0,"ty":"sh","ix":1,"ks":{"a":0,"k":{"i":[[0,-0.553],[0.552,0],[0,0.552],[-0.552,0]],"o":[[0,0.552],[-0.552,0],[0,-0.553],[0.552,0]],"v":[[1,0],[0,1],[-1,0],[0,-1]],"c":true},"ix":2},"nm":"Path 1","mn":"ADBE Vector Shape - Group","hd":false},{"ty":"fl","c":{"a":0,"k":[0.128999993205,0.211999997497,0.372999995947,1],"ix":4,"x":"var $bm_rt;\ntry {\n    $bm_rt = thisComp.layer('Controller')('Effects')('Color')('ADBE Color Control-0001');\n} catch (e) {\n    $bm_rt = value;\n}"},"o":{"a":0,"k":100,"ix":5},"r":1,"bm":0,"nm":"Fill 1","mn":"ADBE Vector Graphic - Fill","hd":false},{"ty":"tr","p":{"a":0,"k":[38.802,63.13],"ix":2},"a":{"a":0,"k":[0,0],"ix":1},"s":{"a":0,"k":[100,100],"ix":3},"r":{"a":0,"k":0,"ix":6},"o":{"a":0,"k":100,"ix":7},"sk":{"a":0,"k":0,"ix":4},"sa":{"a":0,"k":0,"ix":5},"nm":"Transform"}],"nm":"Group 24","np":2,"cix":2,"bm":0,"ix":1,"mn":"ADBE Vector Group","hd":false},{"ty":"tr","p":{"a":0,"k":[244.863,358.009],"ix":2},"a":{"a":0,"k":[38.802,63.13],"ix":1},"s":{"a":0,"k":[450,450],"ix":3},"r":{"a":0,"k":0,"ix":6},"o":{"a":0,"k":100,"ix":7},"sk":{"a":0,"k":0,"ix":4},"sa":{"a":0,"k":0,"ix":5},"nm":"Transform"}],"nm":"Layer 5 Outlines - Group 224","np":1,"cix":2,"bm":0,"ix":1,"mn":"ADBE Vector Group","hd":false},{"ty":"gr","it":[{"ty":"gr","it":[{"ind":0,"ty":"sh","ix":1,"ks":{"a":0,"k":{"i":[[0,0],[0,0],[-1.241,0],[0,0],[0,1.24],[0,0]],"o":[[0,0],[0,1.24],[0,0],[1.241,0],[0,0],[0,0]],"v":[[-31.25,-2.25],[-31.25,0],[-29,2.25],[29,2.25],[31.25,0],[31.25,-2.25]],"c":true},"ix":2},"nm":"Path 1","mn":"ADBE Vector Shape - Group","hd":false},{"ind":1,"ty":"sh","ix":2,"ks":{"a":0,"k":{"i":[[2.068,0],[0,0],[0,2.067],[0,0],[-0.414,0],[0,0],[0,-0.414],[0,0]],"o":[[0,0],[-2.068,0],[0,0],[0,-0.414],[0,0],[0.414,0],[0,0],[0,2.067]],"v":[[29,3.75],[-29,3.75],[-32.75,0],[-32.75,-3],[-32,-3.75],[32,-3.75],[32.75,-3],[32.75,0]],"c":true},"ix":2},"nm":"Path 2","mn":"ADBE Vector Shape - Group","hd":false},{"ty":"mm","mm":1,"nm":"Merge Paths 1","mn":"ADBE Vector Filter - Merge","hd":false},{"ty":"fl","c":{"a":0,"k":[0.128999993205,0.211999997497,0.372999995947,1],"ix":4,"x":"var $bm_rt;\ntry {\n    $bm_rt = thisComp.layer('Controller')('Effects')('Color')('ADBE Color Control-0001');\n} catch (e) {\n    $bm_rt = value;\n}"},"o":{"a":0,"k":100,"ix":5},"r":1,"bm":0,"nm":"Fill 1","mn":"ADBE Vector Graphic - Fill","hd":false},{"ty":"tr","p":{"a":0,"k":[38.802,63.129],"ix":2},"a":{"a":0,"k":[0,0],"ix":1},"s":{"a":0,"k":[100,100],"ix":3},"r":{"a":0,"k":0,"ix":6},"o":{"a":0,"k":100,"ix":7},"sk":{"a":0,"k":0,"ix":4},"sa":{"a":0,"k":0,"ix":5},"nm":"Transform"}],"nm":"Group 26","np":4,"cix":2,"bm":0,"ix":1,"mn":"ADBE Vector Group","hd":false},{"ty":"tr","p":{"a":0,"k":[244.863,358.004],"ix":2},"a":{"a":0,"k":[38.802,63.129],"ix":1},"s":{"a":0,"k":[450,450],"ix":3},"r":{"a":0,"k":0,"ix":6},"o":{"a":0,"k":100,"ix":7},"sk":{"a":0,"k":0,"ix":4},"sa":{"a":0,"k":0,"ix":5},"nm":"Transform"}],"nm":"Layer 5 Outlines - Group 226","np":1,"cix":2,"bm":0,"ix":2,"mn":"ADBE Vector Group","hd":false},{"ty":"gr","it":[{"ty":"gr","it":[{"ind":0,"ty":"sh","ix":1,"ks":{"a":0,"k":{"i":[[0.552,0],[0,0],[0,0],[0,0],[0,0]],"o":[[0,0],[0,0],[0,0],[0,0],[0,0.552]],"v":[[29,1.5],[-30,1.5],[-30,-1.5],[30,-1.5],[30,0.5]],"c":true},"ix":2},"nm":"Path 1","mn":"ADBE Vector Shape - Group","hd":false},{"ty":"fl","c":{"a":0,"k":[1,1,1,1],"ix":4,"x":"var $bm_rt;\ntry {\n    $bm_rt = thisComp.layer('Controller')('Effects')('Color 2')('ADBE Color Control-0001');\n} catch (e) {\n    $bm_rt = value;\n}"},"o":{"a":0,"k":100,"ix":5},"r":1,"bm":0,"nm":"Fill 1","mn":"ADBE Vector Graphic - Fill","hd":false},{"ty":"tr","p":{"a":0,"k":[36.802,61.629],"ix":2},"a":{"a":0,"k":[0,0],"ix":1},"s":{"a":0,"k":[100,100],"ix":3},"r":{"a":0,"k":0,"ix":6},"o":{"a":0,"k":100,"ix":7},"sk":{"a":0,"k":0,"ix":4},"sa":{"a":0,"k":0,"ix":5},"nm":"Transform"}],"nm":"Group 27","np":2,"cix":2,"bm":0,"ix":1,"mn":"ADBE Vector Group","hd":false},{"ty":"tr","p":{"a":0,"k":[235.863,351.254],"ix":2},"a":{"a":0,"k":[36.802,61.629],"ix":1},"s":{"a":0,"k":[450,450],"ix":3},"r":{"a":0,"k":0,"ix":6},"o":{"a":0,"k":100,"ix":7},"sk":{"a":0,"k":0,"ix":4},"sa":{"a":0,"k":0,"ix":5},"nm":"Transform"}],"nm":"Layer 5 Outlines - Group 227","np":1,"cix":2,"bm":0,"ix":3,"mn":"ADBE Vector Group","hd":false},{"ty":"gr","it":[{"ty":"gr","it":[{"ind":0,"ty":"sh","ix":1,"ks":{"a":0,"k":{"i":[[1.657,0],[0,0],[0,1.657],[0,0],[0,0],[0,0]],"o":[[0,0],[-1.657,0],[0,0],[0,0],[0,0],[0,1.657]],"v":[[29,3],[-29,3],[-32,0],[-32,-3],[32,-3],[32,0]],"c":true},"ix":2},"nm":"Path 1","mn":"ADBE Vector Shape - Group","hd":false},{"ty":"fl","c":{"a":0,"k":[0.740999996662,0.764999985695,0.847000002861,1],"ix":4,"x":"var $bm_rt;\ntry {\n    $bm_rt = thisComp.layer('Controller')('Effects')('Color 3')('ADBE Color Control-0001');\n} catch (e) {\n    $bm_rt = value;\n}"},"o":{"a":0,"k":100,"ix":5},"r":1,"bm":0,"nm":"Fill 1","mn":"ADBE Vector Graphic - Fill","hd":false},{"ty":"tr","p":{"a":0,"k":[38.802,63.129],"ix":2},"a":{"a":0,"k":[0,0],"ix":1},"s":{"a":0,"k":[100,100],"ix":3},"r":{"a":0,"k":0,"ix":6},"o":{"a":0,"k":100,"ix":7},"sk":{"a":0,"k":0,"ix":4},"sa":{"a":0,"k":0,"ix":5},"nm":"Transform"}],"nm":"Group 28","np":2,"cix":2,"bm":0,"ix":1,"mn":"ADBE Vector Group","hd":false},{"ty":"tr","p":{"a":0,"k":[244.863,358.004],"ix":2},"a":{"a":0,"k":[38.802,63.129],"ix":1},"s":{"a":0,"k":[450,450],"ix":3},"r":{"a":0,"k":0,"ix":6},"o":{"a":0,"k":100,"ix":7},"sk":{"a":0,"k":0,"ix":4},"sa":{"a":0,"k":0,"ix":5},"nm":"Transform"}],"nm":"Layer 5 Outlines - Group 228","np":1,"cix":2,"bm":0,"ix":4,"mn":"ADBE Vector Group","hd":false},{"ty":"gr","it":[{"ty":"gr","it":[{"ind":0,"ty":"sh","ix":1,"ks":{"a":0,"k":{"i":[[0,0],[0,0],[0,0],[1.241,0],[0,0],[0,-1.24]],"o":[[0,0],[0,0],[0,-1.24],[0,0],[-1.241,0],[0,0]],"v":[[-31.25,22.25],[31.25,22.25],[31.25,-20],[29,-22.25],[-29,-22.25],[-31.25,-20]],"c":true},"ix":2},"nm":"Path 1","mn":"ADBE Vector Shape - Group","hd":false},{"ind":1,"ty":"sh","ix":2,"ks":{"a":0,"k":{"i":[[0.414,0],[0,0],[0,0.414],[0,0],[-2.068,0],[0,0],[0,-2.067],[0,0]],"o":[[0,0],[-0.414,0],[0,0],[0,-2.067],[0,0],[2.068,0],[0,0],[0,0.414]],"v":[[32,23.75],[-32,23.75],[-32.75,23],[-32.75,-20],[-29,-23.75],[29,-23.75],[32.75,-20],[32.75,23]],"c":true},"ix":2},"nm":"Path 2","mn":"ADBE Vector Shape - Group","hd":false},{"ty":"mm","mm":1,"nm":"Merge Paths 1","mn":"ADBE Vector Filter - Merge","hd":false},{"ty":"fl","c":{"a":0,"k":[0.128999993205,0.211999997497,0.372999995947,1],"ix":4,"x":"var $bm_rt;\ntry {\n    $bm_rt = thisComp.layer('Controller')('Effects')('Color')('ADBE Color Control-0001');\n} catch (e) {\n    $bm_rt = value;\n}"},"o":{"a":0,"k":100,"ix":5},"r":1,"bm":0,"nm":"Fill 1","mn":"ADBE Vector Graphic - Fill","hd":false},{"ty":"tr","p":{"a":0,"k":[38.802,37.129],"ix":2},"a":{"a":0,"k":[0,0],"ix":1},"s":{"a":0,"k":[100,100],"ix":3},"r":{"a":0,"k":0,"ix":6},"o":{"a":0,"k":100,"ix":7},"sk":{"a":0,"k":0,"ix":4},"sa":{"a":0,"k":0,"ix":5},"nm":"Transform"}],"nm":"Group 32","np":4,"cix":2,"bm":0,"ix":1,"mn":"ADBE Vector Group","hd":false},{"ty":"tr","p":{"a":0,"k":[244.863,241.004],"ix":2},"a":{"a":0,"k":[38.802,37.129],"ix":1},"s":{"a":0,"k":[450,450],"ix":3},"r":{"a":0,"k":0,"ix":6},"o":{"a":0,"k":100,"ix":7},"sk":{"a":0,"k":0,"ix":4},"sa":{"a":0,"k":0,"ix":5},"nm":"Transform"}],"nm":"Layer 5 Outlines - Group 332","np":1,"cix":2,"bm":0,"ix":5,"mn":"ADBE Vector Group","hd":false},{"ty":"gr","it":[{"ty":"gr","it":[{"ind":0,"ty":"sh","ix":1,"ks":{"a":0,"k":{"i":[[2.209,0],[0,0],[0,0],[-1.657,0],[0,0],[0,0]],"o":[[0,0],[0,0],[0,-1.657],[0,0],[0,0],[0,2.209]],"v":[[26,21.501],[-30,21.501],[-30,-18.501],[-27,-21.501],[30,-21.501],[30,17.501]],"c":true},"ix":2},"nm":"Path 1","mn":"ADBE Vector Shape - Group","hd":false},{"ty":"fl","c":{"a":0,"k":[1,1,1,1],"ix":4,"x":"var $bm_rt;\ntry {\n    $bm_rt = thisComp.layer('Controller')('Effects')('Color 2')('ADBE Color Control-0001');\n} catch (e) {\n    $bm_rt = value;\n}"},"o":{"a":0,"k":100,"ix":5},"r":1,"bm":0,"nm":"Fill 1","mn":"ADBE Vector Graphic - Fill","hd":false},{"ty":"tr","p":{"a":0,"k":[36.802,35.629],"ix":2},"a":{"a":0,"k":[0,0],"ix":1},"s":{"a":0,"k":[100,100],"ix":3},"r":{"a":0,"k":0,"ix":6},"o":{"a":0,"k":100,"ix":7},"sk":{"a":0,"k":0,"ix":4},"sa":{"a":0,"k":0,"ix":5},"nm":"Transform"}],"nm":"Group 33","np":2,"cix":2,"bm":0,"ix":1,"mn":"ADBE Vector Group","hd":false},{"ty":"tr","p":{"a":0,"k":[235.863,234.257],"ix":2},"a":{"a":0,"k":[36.802,35.629],"ix":1},"s":{"a":0,"k":[450,450],"ix":3},"r":{"a":0,"k":0,"ix":6},"o":{"a":0,"k":100,"ix":7},"sk":{"a":0,"k":0,"ix":4},"sa":{"a":0,"k":0,"ix":5},"nm":"Transform"}],"nm":"Layer 5 Outlines - Group 333","np":1,"cix":2,"bm":0,"ix":6,"mn":"ADBE Vector Group","hd":false},{"ty":"gr","it":[{"ty":"gr","it":[{"ind":0,"ty":"sh","ix":1,"ks":{"a":0,"k":{"i":[[0,0],[0,0],[0,0],[-1.657,0],[0,0],[0,-1.657]],"o":[[0,0],[0,0],[0,-1.657],[0,0],[1.657,0],[0,0]],"v":[[32,23.001],[-32,23.001],[-32,-20.001],[-29,-23.001],[29,-23.001],[32,-20.001]],"c":true},"ix":2},"nm":"Path 1","mn":"ADBE Vector Shape - Group","hd":false},{"ty":"fl","c":{"a":0,"k":[0.740999996662,0.764999985695,0.847000002861,1],"ix":4,"x":"var $bm_rt;\ntry {\n    $bm_rt = thisComp.layer('Controller')('Effects')('Color 3')('ADBE Color Control-0001');\n} catch (e) {\n    $bm_rt = value;\n}"},"o":{"a":0,"k":100,"ix":5},"r":1,"bm":0,"nm":"Fill 1","mn":"ADBE Vector Graphic - Fill","hd":false},{"ty":"tr","p":{"a":0,"k":[38.802,37.129],"ix":2},"a":{"a":0,"k":[0,0],"ix":1},"s":{"a":0,"k":[100,100],"ix":3},"r":{"a":0,"k":0,"ix":6},"o":{"a":0,"k":100,"ix":7},"sk":{"a":0,"k":0,"ix":4},"sa":{"a":0,"k":0,"ix":5},"nm":"Transform"}],"nm":"Group 34","np":2,"cix":2,"bm":0,"ix":1,"mn":"ADBE Vector Group","hd":false},{"ty":"tr","p":{"a":0,"k":[244.863,241.007],"ix":2},"a":{"a":0,"k":[38.802,37.129],"ix":1},"s":{"a":0,"k":[450,450],"ix":3},"r":{"a":0,"k":0,"ix":6},"o":{"a":0,"k":100,"ix":7},"sk":{"a":0,"k":0,"ix":4},"sa":{"a":0,"k":0,"ix":5},"nm":"Transform"}],"nm":"Layer 5 Outlines - Group 334","np":1,"cix":2,"bm":0,"ix":7,"mn":"ADBE Vector Group","hd":false}],"ip":0,"op":150,"st":0,"ct":1,"bm":0},{"ddd":0,"ind":14,"ty":4,"nm":"Layer 5 Outlines - Group 25 :M","parent":2,"sr":1,"ks":{"o":{"a":0,"k":100,"ix":11},"r":{"a":0,"k":0,"ix":10},"p":{"a":0,"k":[44.865,117.554,0],"ix":2,"l":2},"a":{"a":0,"k":[244.862,385.004,0],"ix":1,"l":2},"s":{"a":0,"k":[100,100,100],"ix":6,"l":2}},"ao":0,"shapes":[{"ty":"gr","it":[{"ty":"gr","it":[{"ind":0,"ty":"sh","ix":1,"ks":{"a":0,"k":{"i":[[0.414,0],[0,0],[0,0.414],[-0.414,0],[0,0],[0,-0.414]],"o":[[0,0],[-0.414,0],[0,-0.414],[0,0],[0.414,0],[0,0.414]],"v":[[24.001,0.75],[-24.001,0.75],[-24.751,0],[-24.001,-0.75],[24.001,-0.75],[24.751,0]],"c":true},"ix":2},"nm":"Path 1","mn":"ADBE Vector Shape - Group","hd":false},{"ty":"fl","c":{"a":0,"k":[0.128999993205,0.211999997497,0.372999995947,1],"ix":4,"x":"var $bm_rt;\ntry {\n    $bm_rt = thisComp.layer('Controller')('Effects')('Color')('ADBE Color Control-0001');\n} catch (e) {\n    $bm_rt = value;\n}"},"o":{"a":0,"k":100,"ix":5},"r":1,"bm":0,"nm":"Fill 1","mn":"ADBE Vector Graphic - Fill","hd":false},{"ty":"tr","p":{"a":0,"k":[38.802,72.129],"ix":2},"a":{"a":0,"k":[0,0],"ix":1},"s":{"a":0,"k":[100,100],"ix":3},"r":{"a":0,"k":0,"ix":6},"o":{"a":0,"k":100,"ix":7},"sk":{"a":0,"k":0,"ix":4},"sa":{"a":0,"k":0,"ix":5},"nm":"Transform"}],"nm":"Group 25","np":2,"cix":2,"bm":0,"ix":1,"mn":"ADBE Vector Group","hd":false},{"ty":"tr","p":{"a":0,"k":[244.862,398.504],"ix":2},"a":{"a":0,"k":[38.802,72.129],"ix":1},"s":{"a":0,"k":[450,450],"ix":3},"r":{"a":0,"k":0,"ix":6},"o":{"a":0,"k":100,"ix":7},"sk":{"a":0,"k":0,"ix":4},"sa":{"a":0,"k":0,"ix":5},"nm":"Transform"}],"nm":"Layer 5 Outlines - Group 225","np":1,"cix":2,"bm":0,"ix":1,"mn":"ADBE Vector Group","hd":false},{"ty":"gr","it":[{"ty":"gr","it":[{"ind":0,"ty":"sh","ix":1,"ks":{"a":0,"k":{"i":[[0,0],[0,0],[0,0],[0,0]],"o":[[0,0],[0,0],[0,0],[0,0]],"v":[[-13.25,2.25],[13.25,2.25],[13.25,-2.25],[-13.25,-2.25]],"c":true},"ix":2},"nm":"Path 1","mn":"ADBE Vector Shape - Group","hd":false},{"ind":1,"ty":"sh","ix":2,"ks":{"a":0,"k":{"i":[[0.414,0],[0,0],[0,0.414],[0,0],[-0.414,0],[0,0],[0,-0.414],[0,0]],"o":[[0,0],[-0.414,0],[0,0],[0,-0.414],[0,0],[0.414,0],[0,0],[0,0.414]],"v":[[14,3.75],[-14,3.75],[-14.75,3],[-14.75,-3],[-14,-3.75],[14,-3.75],[14.75,-3],[14.75,3]],"c":true},"ix":2},"nm":"Path 2","mn":"ADBE Vector Shape - Group","hd":false},{"ty":"mm","mm":1,"nm":"Merge Paths 1","mn":"ADBE Vector Filter - Merge","hd":false},{"ty":"fl","c":{"a":0,"k":[0.128999993205,0.211999997497,0.372999995947,1],"ix":4,"x":"var $bm_rt;\ntry {\n    $bm_rt = thisComp.layer('Controller')('Effects')('Color')('ADBE Color Control-0001');\n} catch (e) {\n    $bm_rt = value;\n}"},"o":{"a":0,"k":100,"ix":5},"r":1,"bm":0,"nm":"Fill 1","mn":"ADBE Vector Graphic - Fill","hd":false},{"ty":"tr","p":{"a":0,"k":[38.802,69.129],"ix":2},"a":{"a":0,"k":[0,0],"ix":1},"s":{"a":0,"k":[100,100],"ix":3},"r":{"a":0,"k":0,"ix":6},"o":{"a":0,"k":100,"ix":7},"sk":{"a":0,"k":0,"ix":4},"sa":{"a":0,"k":0,"ix":5},"nm":"Transform"}],"nm":"Group 29","np":4,"cix":2,"bm":0,"ix":1,"mn":"ADBE Vector Group","hd":false},{"ty":"tr","p":{"a":0,"k":[244.863,385.003],"ix":2},"a":{"a":0,"k":[38.802,69.129],"ix":1},"s":{"a":0,"k":[450,450],"ix":3},"r":{"a":0,"k":0,"ix":6},"o":{"a":0,"k":100,"ix":7},"sk":{"a":0,"k":0,"ix":4},"sa":{"a":0,"k":0,"ix":5},"nm":"Transform"}],"nm":"Layer 5 Outlines - Group 229","np":1,"cix":2,"bm":0,"ix":2,"mn":"ADBE Vector Group","hd":false},{"ty":"gr","it":[{"ty":"gr","it":[{"ind":0,"ty":"sh","ix":1,"ks":{"a":0,"k":{"i":[[0,0],[0,0],[0,0],[0,0],[0,0.552]],"o":[[0,0],[0,0],[0,0],[0.552,0],[0,0]],"v":[[12.5,-1.5],[-12.5,-1.5],[-12.5,1.5],[11.5,1.5],[12.5,0.5]],"c":true},"ix":2},"nm":"Path 1","mn":"ADBE Vector Shape - Group","hd":false},{"ty":"fl","c":{"a":0,"k":[1,1,1,1],"ix":4,"x":"var $bm_rt;\ntry {\n    $bm_rt = thisComp.layer('Controller')('Effects')('Color 2')('ADBE Color Control-0001');\n} catch (e) {\n    $bm_rt = value;\n}"},"o":{"a":0,"k":100,"ix":5},"r":1,"bm":0,"nm":"Fill 1","mn":"ADBE Vector Graphic - Fill","hd":false},{"ty":"tr","p":{"a":0,"k":[37.302,67.629],"ix":2},"a":{"a":0,"k":[0,0],"ix":1},"s":{"a":0,"k":[100,100],"ix":3},"r":{"a":0,"k":0,"ix":6},"o":{"a":0,"k":100,"ix":7},"sk":{"a":0,"k":0,"ix":4},"sa":{"a":0,"k":0,"ix":5},"nm":"Transform"}],"nm":"Group 30","np":2,"cix":2,"bm":0,"ix":1,"mn":"ADBE Vector Group","hd":false},{"ty":"tr","p":{"a":0,"k":[238.113,378.254],"ix":2},"a":{"a":0,"k":[37.302,67.629],"ix":1},"s":{"a":0,"k":[450,450],"ix":3},"r":{"a":0,"k":0,"ix":6},"o":{"a":0,"k":100,"ix":7},"sk":{"a":0,"k":0,"ix":4},"sa":{"a":0,"k":0,"ix":5},"nm":"Transform"}],"nm":"Layer 5 Outlines - Group 330","np":1,"cix":2,"bm":0,"ix":3,"mn":"ADBE Vector Group","hd":false},{"ty":"gr","it":[{"ty":"gr","it":[{"ind":0,"ty":"sh","ix":1,"ks":{"a":0,"k":{"i":[[0,0],[0,0],[0,0],[0,0]],"o":[[0,0],[0,0],[0,0],[0,0]],"v":[[14,-3],[-14,-3],[-14,3],[14,3]],"c":true},"ix":2},"nm":"Path 1","mn":"ADBE Vector Shape - Group","hd":false},{"ty":"fl","c":{"a":0,"k":[0.740999996662,0.764999985695,0.847000002861,1],"ix":4,"x":"var $bm_rt;\ntry {\n    $bm_rt = thisComp.layer('Controller')('Effects')('Color 3')('ADBE Color Control-0001');\n} catch (e) {\n    $bm_rt = value;\n}"},"o":{"a":0,"k":100,"ix":5},"r":1,"bm":0,"nm":"Fill 1","mn":"ADBE Vector Graphic - Fill","hd":false},{"ty":"tr","p":{"a":0,"k":[38.802,69.129],"ix":2},"a":{"a":0,"k":[0,0],"ix":1},"s":{"a":0,"k":[100,100],"ix":3},"r":{"a":0,"k":0,"ix":6},"o":{"a":0,"k":100,"ix":7},"sk":{"a":0,"k":0,"ix":4},"sa":{"a":0,"k":0,"ix":5},"nm":"Transform"}],"nm":"Group 31","np":2,"cix":2,"bm":0,"ix":1,"mn":"ADBE Vector Group","hd":false},{"ty":"tr","p":{"a":0,"k":[244.863,385.003],"ix":2},"a":{"a":0,"k":[38.802,69.129],"ix":1},"s":{"a":0,"k":[450,450],"ix":3},"r":{"a":0,"k":0,"ix":6},"o":{"a":0,"k":100,"ix":7},"sk":{"a":0,"k":0,"ix":4},"sa":{"a":0,"k":0,"ix":5},"nm":"Transform"}],"nm":"Layer 5 Outlines - Group 331","np":1,"cix":2,"bm":0,"ix":4,"mn":"ADBE Vector Group","hd":false}],"ip":0,"op":150,"st":0,"ct":1,"bm":0},{"ddd":0,"ind":15,"ty":4,"nm":"Layer 5 Outlines - Group 35 :M","parent":2,"sr":1,"ks":{"o":{"a":0,"k":100,"ix":11},"r":{"a":0,"k":0,"ix":10},"p":{"a":0,"k":[55.135,-17.554,0],"ix":2,"l":2},"a":{"a":0,"k":[255.133,249.896,0],"ix":1,"l":2},"s":{"a":0,"k":[100,100,100],"ix":6,"l":2}},"ao":0,"shapes":[{"ty":"gr","it":[{"ty":"gr","it":[{"ind":0,"ty":"sh","ix":1,"ks":{"a":0,"k":{"i":[[0,-11.046],[11.046,0],[0,11.046],[-11.046,0]],"o":[[0,11.046],[-11.046,0],[0,-11.046],[11.046,0]],"v":[[20,0],[0,20],[-20,0],[0,-20]],"c":true},"ix":2},"nm":"Path 1","mn":"ADBE Vector Shape - Group","hd":false},{"ty":"fl","c":{"a":0,"k":[0.910000026226,0.92199999094,0.925000011921,1],"ix":4,"x":"var $bm_rt;\ntry {\n    $bm_rt = thisComp.layer('Controller').effect('Color 4')('ADBE Color Control-0001');\n} catch (e) {\n    $bm_rt = value;\n}"},"o":{"a":0,"k":100,"ix":5},"r":1,"bm":0,"nm":"Fill 1","mn":"ADBE Vector Graphic - Fill","hd":false},{"ty":"tr","p":{"a":0,"k":[20.25,58.006],"ix":2},"a":{"a":0,"k":[0,0],"ix":1},"s":{"a":0,"k":[100,100],"ix":3},"r":{"a":0,"k":0,"ix":6},"o":{"a":0,"k":100,"ix":7},"sk":{"a":0,"k":0,"ix":4},"sa":{"a":0,"k":0,"ix":5},"nm":"Transform"}],"nm":"Group 35","np":2,"cix":2,"bm":0,"ix":1,"mn":"ADBE Vector Group","hd":false},{"ty":"tr","p":{"a":0,"k":[161.38,334.951],"ix":2},"a":{"a":0,"k":[20.25,58.006],"ix":1},"s":{"a":1,"k":[{"i":{"x":[0.63,0.63],"y":[1,1]},"o":{"x":[0.37,0.37],"y":[0,0]},"t":0,"s":[450,450]},{"i":{"x":[0.63,0.63],"y":[1,1]},"o":{"x":[0.37,0.37],"y":[0,0]},"t":60,"s":[700,700]},{"i":{"x":[0.63,0.63],"y":[1,1]},"o":{"x":[0.37,0.37],"y":[0,0]},"t":90,"s":[50,50]},{"i":{"x":[0.63,0.63],"y":[1,1]},"o":{"x":[0.37,0.37],"y":[0,0]},"t":120,"s":[700,700]},{"t":150,"s":[450,450]}],"ix":3},"r":{"a":0,"k":0,"ix":6},"o":{"a":0,"k":100,"ix":7},"sk":{"a":0,"k":0,"ix":4},"sa":{"a":0,"k":0,"ix":5},"nm":"Transform"}],"nm":"Layer 5 Outlines - Group 335","np":1,"cix":2,"bm":0,"ix":1,"mn":"ADBE Vector Group","hd":false},{"ty":"gr","it":[{"ty":"gr","it":[{"ind":0,"ty":"sh","ix":1,"ks":{"a":0,"k":{"i":[[0,-6.627],[6.627,0],[0,6.628],[-6.627,0]],"o":[[0,6.628],[-6.627,0],[0,-6.627],[6.627,0]],"v":[[12,0],[0,12],[-12,0],[0,-12]],"c":true},"ix":2},"nm":"Path 1","mn":"ADBE Vector Shape - Group","hd":false},{"ty":"fl","c":{"a":0,"k":[0.910000026226,0.92199999094,0.925000011921,1],"ix":4,"x":"var $bm_rt;\ntry {\n    $bm_rt = thisComp.layer('Controller')('Effects')('Color 4')('ADBE Color Control-0001');\n} catch (e) {\n    $bm_rt = value;\n}"},"o":{"a":0,"k":100,"ix":5},"r":1,"bm":0,"nm":"Fill 1","mn":"ADBE Vector Graphic - Fill","hd":false},{"ty":"tr","p":{"a":0,"k":[34.373,12.25],"ix":2},"a":{"a":0,"k":[0,0],"ix":1},"s":{"a":0,"k":[100,100],"ix":3},"r":{"a":0,"k":0,"ix":6},"o":{"a":0,"k":100,"ix":7},"sk":{"a":0,"k":0,"ix":4},"sa":{"a":0,"k":0,"ix":5},"nm":"Transform"}],"nm":"Group 36","np":2,"cix":2,"bm":0,"ix":1,"mn":"ADBE Vector Group","hd":false},{"ty":"tr","p":{"a":0,"k":[224.933,129.049],"ix":2},"a":{"a":0,"k":[34.373,12.25],"ix":1},"s":{"a":1,"k":[{"i":{"x":[0.63,0.63],"y":[1,1]},"o":{"x":[0.37,0.37],"y":[0,0]},"t":0,"s":[450,450]},{"i":{"x":[0.63,0.63],"y":[1,1]},"o":{"x":[0.37,0.37],"y":[0,0]},"t":45,"s":[700,700]},{"i":{"x":[0.63,0.63],"y":[1,1]},"o":{"x":[0.37,0.37],"y":[0,0]},"t":75,"s":[50,50]},{"i":{"x":[0.63,0.63],"y":[1,1]},"o":{"x":[0.37,0.37],"y":[0,0]},"t":105,"s":[700,700]},{"t":150,"s":[450,450]}],"ix":3},"r":{"a":0,"k":0,"ix":6},"o":{"a":0,"k":100,"ix":7},"sk":{"a":0,"k":0,"ix":4},"sa":{"a":0,"k":0,"ix":5},"nm":"Transform"}],"nm":"Layer 5 Outlines - Group 336","np":1,"cix":2,"bm":0,"ix":2,"mn":"ADBE Vector Group","hd":false},{"ty":"gr","it":[{"ty":"gr","it":[{"ind":0,"ty":"sh","ix":1,"ks":{"a":0,"k":{"i":[[0,-7.732],[7.732,0],[0,7.732],[-7.732,0]],"o":[[0,7.732],[-7.732,0],[0,-7.732],[7.732,0]],"v":[[14,0],[0,14],[-14,0],[0,-14]],"c":true},"ix":2},"nm":"Path 1","mn":"ADBE Vector Shape - Group","hd":false},{"ty":"fl","c":{"a":0,"k":[0.910000026226,0.92199999094,0.925000011921,1],"ix":4,"x":"var $bm_rt;\ntry {\n    $bm_rt = thisComp.layer('Controller')('Effects')('Color 4')('ADBE Color Control-0001');\n} catch (e) {\n    $bm_rt = value;\n}"},"o":{"a":0,"k":100,"ix":5},"r":1,"bm":0,"nm":"Fill 1","mn":"ADBE Vector Graphic - Fill","hd":false},{"ty":"tr","p":{"a":0,"k":[65.637,36.799],"ix":2},"a":{"a":0,"k":[0,0],"ix":1},"s":{"a":0,"k":[100,100],"ix":3},"r":{"a":0,"k":0,"ix":6},"o":{"a":0,"k":100,"ix":7},"sk":{"a":0,"k":0,"ix":4},"sa":{"a":0,"k":0,"ix":5},"nm":"Transform"}],"nm":"Group 37","np":2,"cix":2,"bm":0,"ix":1,"mn":"ADBE Vector Group","hd":false},{"ty":"tr","p":{"a":0,"k":[365.62,239.519],"ix":2},"a":{"a":0,"k":[65.637,36.799],"ix":1},"s":{"a":1,"k":[{"i":{"x":[0.63,0.63],"y":[1,1]},"o":{"x":[0.37,0.37],"y":[0,0]},"t":0,"s":[450,450]},{"i":{"x":[0.63,0.63],"y":[1,1]},"o":{"x":[0.37,0.37],"y":[0,0]},"t":30,"s":[700,700]},{"i":{"x":[0.63,0.63],"y":[1,1]},"o":{"x":[0.37,0.37],"y":[0,0]},"t":60,"s":[50,50]},{"i":{"x":[0.63,0.63],"y":[1,1]},"o":{"x":[0.37,0.37],"y":[0,0]},"t":90,"s":[700,700]},{"t":150,"s":[450,450]}],"ix":3},"r":{"a":0,"k":0,"ix":6},"o":{"a":0,"k":100,"ix":7},"sk":{"a":0,"k":0,"ix":4},"sa":{"a":0,"k":0,"ix":5},"nm":"Transform"}],"nm":"Layer 5 Outlines - Group 337","np":1,"cix":2,"bm":0,"ix":3,"mn":"ADBE Vector Group","hd":false}],"ip":0,"op":150,"st":0,"ct":1,"bm":0}],"markers":[]}